Customer_ID,Bandwidth_Mbps,Price_Per_Mbps,Monthly_Internet_Fee,Years_With_Company,Customer_Type,Company_Size,Strategic_Category,Strategic_Level,Has_VoIP,Monthly_VoIP_Fee,Has_Server,Server_Type,Monthly_Server_Fee,Support_Tickets_Last_Year,Downtime_Hours_Last_Year,Contract_Type
C00001,10,320000,3200000,4.2,Personal,Small,Normal,0,0,0.0,0,,0.0,0,4.8,Monthly
C00002,10,385000,3850000,1.5,Personal,Small,Normal,0,0,0.0,0,,0.0,3,4.8,Monthly
C00003,20,335000,6700000,0.9,Personal,Small,Normal,0,0,0.0,0,,0.0,3,5.6,Monthly
C00004,50,315000,15750000,3.1,Personal,Small,Normal,0,0,0.0,0,,0.0,2,1.3,Monthly
C00005,30,350000,10500000,2.2,Personal,Small,Normal,0,0,0.0,0,,0.0,5,6.3,Monthly
C00006,100,285000,28500000,8.0,Business,Medium,Small Business,1,0,0.0,0,,0.0,0,2.8,Annual
C00007,100,280000,28000000,2.8,Business,Small,Small Business,1,1,453701.0,0,,0.0,4,3.4,Monthly
C00008,100,265000,26500000,8.3,Business,Small,Small Business,1,1,780519.0,0,,0.0,3,6.1,Monthly
C00009,10,330000,3300000,5.0,Personal,Small,Normal,0,0,0.0,0,,0.0,2,6.2,Monthly
C00010,20,355000,7100000,0.3,Personal,Small,Normal,0,0,0.0,0,,0.0,0,4.3,Monthly
C00011,20,300000,6000000,1.3,Personal,Small,Normal,0,0,0.0,0,,0.0,4,7.5,Monthly
C00012,100,250000,25000000,6.4,Business,Small,Small Business,1,0,0.0,0,,0.0,0,3.6,Annual
C00013,20,320000,6400000,9.7,Personal,Small,Normal,0,0,0.0,0,,0.0,2,6.5,Annual
C00014,300,200000,60000000,5.5,Government,Large,Government,3,0,0.0,0,,0.0,2,7.9,Annual
C00015,20,370000,7400000,1.8,Business,Small,Small Business,1,1,1033037.0,1,Shared,2691635.0,5,7.0,Monthly
C00016,100,250000,25000000,4.4,Business,Medium,Small Business,1,1,1383897.0,0,,0.0,3,4.7,Monthly
C00017,50,280000,14000000,9.0,Business,Medium,Small Business,1,1,810109.0,0,,0.0,5,7.7,Annual
C00018,150,230000,34500000,5.2,Government,Large,Government,3,1,475617.0,1,Shared,12637701.0,6,8.7,Monthly
C00019,200,250000,50000000,4.9,Business,Medium,Small Business,1,1,1014125.0,1,VPS,18311479.0,6,7.5,Monthly
C00020,150,260000,39000000,9.0,Business,Small,Small Business,1,1,1749697.0,0,,0.0,8,9.1,Annual
C00021,50,285000,14250000,7.7,Business,Medium,Small Business,1,0,0.0,1,Dedicated,14830358.0,6,6.5,Annual
C00022,30,315000,9450000,3.8,Business,Large,ISP Partner,3,1,415157.0,1,Dedicated,12812379.0,8,7.6,Monthly
C00023,10,340000,3400000,5.8,Personal,Small,Normal,0,0,0.0,0,,0.0,2,2.0,Annual
C00024,200,220000,44000000,9.6,Business,Large,University,2,1,1341148.0,0,,0.0,4,3.1,Annual
C00025,200,245000,49000000,8.7,Government,Large,Government,3,0,0.0,1,Shared,18915334.0,9,5.9,Monthly
C00026,20,305000,6100000,9.8,Personal,Small,Normal,0,0,0.0,0,,0.0,4,2.8,Annual
C00027,300,210000,63000000,6.1,Business,Large,Enterprise,2,0,0.0,1,Shared,7567635.0,6,2.0,Monthly
C00028,30,310000,9300000,4.8,Personal,Small,Normal,0,0,0.0,0,,0.0,0,1.3,Monthly
C00029,300,200000,60000000,6.4,Business,Medium,Small Business,1,1,532674.0,0,,0.0,6,7.4,Annual
C00030,30,290000,8700000,9.3,Business,Small,Small Business,1,0,0.0,1,Shared,15544269.0,6,6.5,Annual
C00031,300,230000,69000000,7.4,Business,Small,Small Business,1,0,0.0,0,,0.0,4,4.6,Annual
C00032,100,250000,25000000,7.5,Business,Small,Small Business,1,0,0.0,0,,0.0,0,2.7,Annual
C00033,10,320000,3200000,9.1,Personal,Small,Normal,0,0,0.0,0,,0.0,0,2.1,Annual
C00034,100,265000,26500000,5.3,Business,Large,ISP Partner,3,1,1879175.0,1,Shared,19063101.0,10,10.7,Annual
C00035,100,295000,29500000,4.3,Business,Small,Small Business,1,1,640925.0,0,,0.0,5,5.2,Monthly
C00036,10,325000,3250000,4.7,Personal,Small,Normal,0,0,0.0,0,,0.0,2,6.0,Monthly
C00037,20,310000,6200000,3.7,Personal,Small,Normal,0,0,0.0,0,,0.0,0,4.2,Monthly
C00038,10,360000,3600000,3.4,Personal,Small,Normal,0,0,0.0,0,,0.0,3,5.7,Monthly
C00039,10,380000,3800000,2.5,Personal,Small,Normal,0,0,0.0,0,,0.0,0,0.9,Monthly
C00040,300,200000,60000000,3.8,Business,Large,University,2,0,0.0,0,,0.0,1,2.5,Monthly
C00041,50,280000,14000000,7.6,Business,Small,Small Business,1,1,1579282.0,0,,0.0,3,8.3,Annual
C00042,300,200000,60000000,6.4,Government,Large,Government,3,1,894122.0,1,VPS,18135184.0,6,4.5,Annual
C00043,10,335000,3350000,0.5,Personal,Small,Normal,0,0,0.0,0,,0.0,7,12.3,Monthly
C00044,200,220000,44000000,0.9,Business,Small,Small Business,1,0,0.0,0,,0.0,2,5.1,Monthly
C00045,30,290000,8700000,8.7,Personal,Small,Normal,0,0,0.0,0,,0.0,1,0.9,Monthly
C00046,50,280000,14000000,1.1,Business,Medium,Small Business,1,0,0.0,0,,0.0,1,4.3,Monthly
C00047,150,270000,40500000,4.0,Business,Large,Hospital,3,1,1993812.0,0,,0.0,2,6.0,Monthly
C00048,20,335000,6700000,4.3,Personal,Small,Normal,0,0,0.0,0,,0.0,4,5.9,Monthly
C00049,20,345000,6900000,6.5,Personal,Small,Normal,0,0,0.0,0,,0.0,0,5.3,Annual
C00050,200,220000,44000000,3.0,Government,Large,Government,3,1,656838.0,1,VPS,7165951.0,6,4.4,Monthly
C00051,300,200000,60000000,5.9,Government,Large,Government,3,1,1065728.0,1,Dedicated,19944867.0,11,11.3,Annual
C00052,50,270000,13500000,9.3,Personal,Small,Normal,0,0,0.0,0,,0.0,2,2.3,Monthly
C00053,20,335000,6700000,7.4,Personal,Small,Normal,0,0,0.0,0,,0.0,2,6.9,Monthly
C00054,10,330000,3300000,1.7,Business,Small,Small Business,1,0,0.0,0,,0.0,2,6.5,Monthly
C00055,200,255000,51000000,5.4,Business,Small,Small Business,1,0,0.0,0,,0.0,7,7.0,Monthly
C00056,150,230000,34500000,9.4,Business,Small,Small Business,1,0,0.0,0,,0.0,0,0.3,Annual
C00057,30,310000,9300000,4.8,Personal,Small,Normal,0,0,0.0,0,,0.0,3,4.8,Monthly
C00058,150,230000,34500000,0.6,Government,Large,Government,3,1,1691036.0,1,VPS,16138998.0,8,8.6,Monthly
C00059,100,280000,28000000,9.8,Business,Small,Small Business,1,0,0.0,1,Dedicated,19638982.0,6,2.5,Monthly
C00060,10,350000,3500000,6.1,Personal,Small,Normal,0,0,0.0,0,,0.0,0,1.7,Annual
C00061,10,320000,3200000,7.2,Personal,Small,Normal,0,0,0.0,0,,0.0,3,8.5,Annual
C00062,150,230000,34500000,7.5,Business,Small,Small Business,1,0,0.0,0,,0.0,0,2.8,Monthly
C00063,20,315000,6300000,4.8,Personal,Small,Normal,0,0,0.0,0,,0.0,0,1.9,Monthly
C00064,30,310000,9300000,4.8,Personal,Small,Normal,0,1,1173334.0,0,,0.0,2,0.0,Monthly
C00065,10,360000,3600000,0.6,Personal,Small,Normal,0,0,0.0,0,,0.0,3,4.3,Monthly
C00066,150,245000,36750000,8.3,Business,Medium,Small Business,1,0,0.0,1,Shared,17058725.0,6,9.5,Annual
C00067,300,200000,60000000,9.3,Business,Small,Small Business,1,0,0.0,0,,0.0,2,4.9,Annual
C00068,20,300000,6000000,9.8,Personal,Small,Normal,0,0,0.0,0,,0.0,0,4.4,Monthly
C00069,10,355000,3550000,7.0,Personal,Small,Normal,0,0,0.0,0,,0.0,0,2.9,Annual
C00070,10,320000,3200000,1.9,Personal,Small,Normal,0,0,0.0,0,,0.0,0,0.0,Monthly
C00071,300,200000,60000000,4.3,Business,Large,Enterprise,2,0,0.0,0,,0.0,0,5.4,Monthly
C00072,20,300000,6000000,6.1,Business,Small,Small Business,1,1,973920.0,0,,0.0,6,6.9,Annual
C00073,150,230000,34500000,3.7,Business,Small,Small Business,1,0,0.0,0,,0.0,3,6.2,Monthly
C00074,10,325000,3250000,3.3,Personal,Small,Normal,0,0,0.0,0,,0.0,0,5.5,Monthly
C00075,50,290000,14500000,4.5,Personal,Small,Normal,0,0,0.0,0,,0.0,0,3.2,Monthly
C00076,300,200000,60000000,2.5,Business,Large,Hospital,3,1,1573805.0,1,VPS,11150648.0,8,9.4,Monthly
C00077,300,200000,60000000,8.1,Government,Large,Government,3,1,652816.0,1,VPS,6525554.0,6,8.8,Annual
C00078,300,210000,63000000,1.8,Business,Large,Hospital,3,1,1533295.0,1,Shared,8417940.0,5,4.7,Monthly
C00079,50,320000,16000000,2.1,Personal,Small,Normal,0,1,998432.0,0,,0.0,2,1.7,Monthly
C00080,10,345000,3450000,0.6,Personal,Small,Normal,0,0,0.0,0,,0.0,0,3.4,Monthly
C00081,150,260000,39000000,6.6,Business,Small,Small Business,1,0,0.0,1,VPS,17118459.0,6,4.0,Annual
C00082,200,240000,48000000,4.4,Business,Large,ISP Partner,3,1,1860295.0,1,Shared,12044963.0,6,4.7,Monthly
C00083,20,300000,6000000,7.1,Personal,Small,Normal,0,0,0.0,0,,0.0,0,3.0,Annual
C00084,100,275000,27500000,7.7,Business,Medium,Small Business,1,1,785994.0,0,,0.0,5,4.0,Annual
C00085,200,220000,44000000,2.8,Business,Large,University,2,0,0.0,0,,0.0,6,6.8,Monthly
C00086,20,300000,6000000,9.8,Personal,Small,Normal,0,0,0.0,0,,0.0,3,5.9,Annual
C00087,10,325000,3250000,2.8,Personal,Small,Normal,0,0,0.0,0,,0.0,0,3.3,Monthly
C00088,50,270000,13500000,8.5,Business,Medium,Small Business,1,0,0.0,0,,0.0,2,2.7,Annual
C00089,20,345000,6900000,3.6,Personal,Small,Normal,0,0,0.0,0,,0.0,1,6.5,Monthly
C00090,30,295000,8850000,7.6,Personal,Small,Normal,0,0,0.0,0,,0.0,0,4.1,Annual
C00091,300,200000,60000000,7.1,Business,Large,Enterprise,2,0,0.0,1,VPS,7193083.0,7,6.8,Monthly
C00092,10,320000,3200000,3.5,Business,Large,ISP Partner,3,1,1330814.0,1,Dedicated,8118345.0,9,11.5,Monthly
C00093,150,255000,38250000,1.9,Government,Large,Government,3,1,844517.0,1,Shared,16072083.0,11,9.1,Monthly
C00094,10,365000,3650000,2.5,Personal,Small,Normal,0,0,0.0,0,,0.0,2,5.2,Monthly
C00095,300,200000,60000000,6.3,Business,Large,ISP Partner,3,1,1385475.0,1,VPS,5453963.0,5,6.2,Annual
C00096,300,205000,61500000,1.5,Business,Medium,Small Business,1,1,438266.0,0,,0.0,7,8.3,Monthly
C00097,20,310000,6200000,3.1,Personal,Small,Normal,0,0,0.0,0,,0.0,0,2.0,Monthly
C00098,10,335000,3350000,6.3,Business,Large,Hospital,3,1,972656.0,1,Shared,15122774.0,8,8.6,Monthly
C00099,20,300000,6000000,8.6,Business,Large,ISP Partner,3,1,1484011.0,0,,0.0,7,7.9,Monthly
C00100,20,315000,6300000,6.4,Business,Small,Small Business,1,0,0.0,1,VPS,12410378.0,6,8.3,Monthly
C00101,50,295000,14750000,6.3,Business,Medium,Small Business,1,0,0.0,0,,0.0,0,3.6,Annual
C00102,20,340000,6800000,0.7,Personal,Small,Normal,0,0,0.0,0,,0.0,1,5.3,Monthly
C00103,10,320000,3200000,8.8,Personal,Small,Normal,0,0,0.0,0,,0.0,3,3.6,Annual
C00104,10,370000,3700000,7.4,Personal,Small,Normal,0,0,0.0,0,,0.0,1,7.9,Annual
C00105,20,335000,6700000,3.5,Personal,Small,Normal,0,0,0.0,0,,0.0,5,8.1,Monthly
C00106,300,230000,69000000,2.0,Business,Small,Small Business,1,1,1050302.0,0,,0.0,2,3.6,Monthly
C00107,100,295000,29500000,3.5,Business,Small,Small Business,1,0,0.0,0,,0.0,3,4.8,Monthly
C00108,300,240000,72000000,0.8,Government,Large,Government,3,0,0.0,1,VPS,10573498.0,6,9.9,Monthly
C00109,10,360000,3600000,5.2,Personal,Small,Normal,0,0,0.0,0,,0.0,3,9.1,Annual
C00110,50,315000,15750000,4.3,Business,Medium,Small Business,1,1,1686329.0,0,,0.0,5,5.2,Monthly
C00111,20,300000,6000000,8.2,Personal,Small,Normal,0,0,0.0,0,,0.0,5,8.7,Monthly
C00112,10,350000,3500000,0.2,Personal,Small,Normal,0,0,0.0,0,,0.0,2,3.2,Monthly
C00113,100,260000,26000000,7.1,Government,Large,Government,3,1,1131356.0,1,VPS,19328703.0,8,11.7,Monthly
C00114,300,200000,60000000,5.0,Government,Large,Government,3,1,1119462.0,1,Shared,17892137.0,9,12.0,Monthly
C00115,200,220000,44000000,7.3,Business,Medium,Small Business,1,0,0.0,0,,0.0,5,10.1,Monthly
C00116,100,255000,25500000,7.0,Business,Medium,Small Business,1,1,1237183.0,0,,0.0,5,6.1,Monthly
C00117,20,335000,6700000,7.3,Personal,Small,Normal,0,0,0.0,0,,0.0,0,0.0,Monthly
C00118,200,250000,50000000,6.4,Business,Large,ISP Partner,3,0,0.0,0,,0.0,4,8.4,Monthly
C00119,10,335000,3350000,4.8,Personal,Small,Normal,0,0,0.0,0,,0.0,0,4.1,Monthly
C00120,300,210000,63000000,6.8,Business,Medium,Small Business,1,0,0.0,0,,0.0,2,4.7,Annual
C00121,30,340000,10200000,1.6,Personal,Small,Normal,0,0,0.0,0,,0.0,1,2.8,Monthly
C00122,10,360000,3600000,9.6,Personal,Small,Normal,0,0,0.0,0,,0.0,0,5.8,Annual
C00123,50,270000,13500000,5.8,Personal,Small,Normal,0,0,0.0,0,,0.0,0,4.7,Annual
C00124,200,235000,47000000,4.7,Government,Large,Government,3,1,1374244.0,1,Shared,7652487.0,9,7.1,Monthly
C00125,10,335000,3350000,4.2,Personal,Small,Normal,0,0,0.0,0,,0.0,0,3.4,Monthly
C00126,20,300000,6000000,8.6,Personal,Small,Normal,0,0,0.0,0,,0.0,0,4.6,Monthly
C00127,30,310000,9300000,9.8,Personal,Small,Normal,0,0,0.0,0,,0.0,0,5.9,Annual
C00128,150,230000,34500000,7.7,Government,Large,Government,3,1,1946311.0,1,Shared,7975143.0,5,5.2,Annual
C00129,20,345000,6900000,4.8,Business,Small,Small Business,1,0,0.0,0,,0.0,3,2.4,Monthly
C00130,20,300000,6000000,8.8,Personal,Small,Normal,0,1,1569492.0,0,,0.0,2,8.4,Annual
C00131,100,250000,25000000,5.5,Business,Medium,Small Business,1,1,673275.0,0,,0.0,2,4.2,Annual
C00132,200,220000,44000000,4.7,Business,Medium,Small Business,1,0,0.0,0,,0.0,3,1.2,Monthly
C00133,10,340000,3400000,0.9,Personal,Small,Normal,0,0,0.0,0,,0.0,1,5.9,Monthly
C00134,100,260000,26000000,4.6,Business,Large,ISP Partner,3,1,1025260.0,1,VPS,14635827.0,9,9.2,Monthly
C00135,20,340000,6800000,8.3,Personal,Small,Normal,0,0,0.0,0,,0.0,0,4.6,Annual
C00136,10,355000,3550000,5.7,Business,Medium,Small Business,1,0,0.0,1,VPS,15652633.0,10,8.2,Annual
C00137,10,365000,3650000,4.8,Personal,Small,Normal,0,0,0.0,0,,0.0,1,0.0,Monthly
C00138,200,260000,52000000,2.2,Government,Large,Government,3,1,311116.0,0,,0.0,10,5.6,Monthly
C00139,20,350000,7000000,6.7,Business,Large,University,2,0,0.0,0,,0.0,2,5.3,Annual
C00140,200,235000,47000000,3.0,Government,Large,Government,3,1,844684.0,1,Shared,4860688.0,10,7.6,Monthly
C00141,50,300000,15000000,10.0,Personal,Small,Normal,0,0,0.0,0,,0.0,2,4.7,Monthly
C00142,30,310000,9300000,2.1,Business,Small,Small Business,1,0,0.0,0,,0.0,2,4.4,Monthly
C00143,300,200000,60000000,9.8,Business,Large,Enterprise,2,0,0.0,1,VPS,14268476.0,5,4.2,Monthly
C00144,100,250000,25000000,6.5,Government,Large,Government,3,0,0.0,1,Shared,13235114.0,8,6.1,Annual
C00145,20,340000,6800000,8.6,Personal,Small,Normal,0,0,0.0,0,,0.0,0,0.0,Annual
C00146,150,230000,34500000,5.0,Business,Medium,Small Business,1,0,0.0,0,,0.0,5,4.5,Monthly
C00147,200,220000,44000000,5.0,Business,Small,Small Business,1,1,602921.0,1,Dedicated,13988752.0,10,8.3,Monthly
C00148,150,230000,34500000,2.3,Business,Medium,Small Business,1,1,1696903.0,0,,0.0,4,4.8,Monthly
C00149,20,310000,6200000,5.2,Personal,Small,Normal,0,0,0.0,0,,0.0,1,4.1,Annual
C00150,100,250000,25000000,2.6,Government,Large,Government,3,1,793198.0,0,,0.0,3,5.1,Monthly
C00151,10,335000,3350000,4.4,Personal,Small,Normal,0,0,0.0,0,,0.0,0,7.0,Monthly
C00152,20,340000,6800000,3.6,Business,Large,Enterprise,2,0,0.0,0,,0.0,4,5.9,Monthly
C00153,100,250000,25000000,8.4,Business,Small,Small Business,1,1,472249.0,0,,0.0,7,5.4,Annual
C00154,100,305000,30500000,1.5,Business,Large,Enterprise,2,0,0.0,1,VPS,16227008.0,5,7.1,Monthly
C00155,10,320000,3200000,1.2,Personal,Small,Normal,0,0,0.0,0,,0.0,0,3.6,Monthly
C00156,50,270000,13500000,5.0,Business,Medium,Small Business,1,0,0.0,0,,0.0,3,6.7,Monthly
C00157,100,285000,28500000,3.2,Business,Medium,Small Business,1,0,0.0,0,,0.0,5,4.3,Monthly
C00158,10,340000,3400000,2.9,Personal,Small,Normal,0,0,0.0,0,,0.0,1,6.1,Monthly
C00159,150,265000,39750000,7.3,Business,Large,ISP Partner,3,1,1249984.0,1,VPS,2098464.0,8,8.1,Annual
C00160,30,290000,8700000,6.4,Personal,Small,Normal,0,0,0.0,0,,0.0,4,2.7,Annual
C00161,150,260000,39000000,8.5,Business,Large,ISP Partner,3,1,594299.0,1,Shared,10713501.0,8,5.9,Annual
C00162,100,305000,30500000,1.4,Government,Large,Government,3,1,1095742.0,1,Dedicated,6314476.0,6,4.2,Monthly
C00163,30,310000,9300000,5.1,Personal,Small,Normal,0,1,1448154.0,0,,0.0,3,6.5,Monthly
C00164,200,225000,45000000,5.9,Business,Large,University,2,0,0.0,0,,0.0,6,8.1,Annual
C00165,30,315000,9450000,4.3,Personal,Small,Normal,0,0,0.0,0,,0.0,2,6.3,Monthly
C00166,50,320000,16000000,4.3,Personal,Small,Normal,0,0,0.0,0,,0.0,0,2.2,Monthly
C00167,200,265000,53000000,0.7,Business,Large,Hospital,3,0,0.0,1,Shared,17304822.0,8,8.6,Monthly
C00168,10,370000,3700000,2.4,Personal,Small,Normal,0,0,0.0,0,,0.0,0,0.5,Monthly
C00169,300,200000,60000000,8.1,Business,Small,Small Business,1,0,0.0,0,,0.0,0,1.5,Annual
C00170,300,230000,69000000,6.4,Government,Large,Government,3,1,1173551.0,1,VPS,14799987.0,6,8.6,Annual
C00171,30,320000,9600000,9.1,Personal,Small,Normal,0,0,0.0,0,,0.0,0,0.0,Annual
C00172,10,365000,3650000,3.8,Personal,Small,Normal,0,0,0.0,0,,0.0,2,5.7,Monthly
C00173,10,320000,3200000,8.7,Personal,Small,Normal,0,0,0.0,0,,0.0,0,0.0,Monthly
C00174,30,315000,9450000,6.0,Personal,Small,Normal,0,0,0.0,0,,0.0,0,3.8,Monthly
C00175,20,310000,6200000,8.9,Personal,Small,Normal,0,0,0.0,0,,0.0,2,2.0,Monthly
C00176,150,230000,34500000,7.4,Business,Small,Small Business,1,0,0.0,0,,0.0,4,2.2,Monthly
C00177,300,225000,67500000,3.4,Business,Large,University,2,1,632515.0,0,,0.0,5,4.4,Monthly
C00178,20,335000,6700000,9.8,Personal,Small,Normal,0,0,0.0,0,,0.0,3,2.4,Monthly
C00179,150,245000,36750000,5.4,Business,Medium,Small Business,1,1,1296101.0,1,Shared,10493421.0,9,9.3,Annual
C00180,20,300000,6000000,5.0,Personal,Small,Normal,0,0,0.0,0,,0.0,0,0.0,Monthly
C00181,20,345000,6900000,3.1,Personal,Small,Normal,0,0,0.0,0,,0.0,0,4.2,Monthly
C00182,50,295000,14750000,2.9,Personal,Small,Normal,0,0,0.0,0,,0.0,0,3.1,Monthly
C00183,50,270000,13500000,5.9,Personal,Small,Normal,0,0,0.0,0,,0.0,0,1.5,Annual
C00184,10,345000,3450000,5.8,Personal,Small,Normal,0,0,0.0,0,,0.0,0,4.5,Monthly
C00185,300,235000,70500000,4.4,Business,Medium,Small Business,1,0,0.0,0,,0.0,0,3.4,Monthly
C00186,10,360000,3600000,7.2,Personal,Small,Normal,0,0,0.0,0,,0.0,2,2.8,Annual
C00187,30,310000,9300000,5.8,Personal,Small,Normal,0,0,0.0,0,,0.0,0,3.6,Annual
C00188,10,320000,3200000,5.4,Personal,Small,Normal,0,0,0.0,0,,0.0,4,6.6,Monthly
C00189,100,250000,25000000,8.7,Business,Medium,Small Business,1,0,0.0,0,,0.0,3,5.5,Monthly
C00190,10,320000,3200000,1.9,Personal,Small,Normal,0,0,0.0,0,,0.0,1,4.3,Monthly
C00191,30,325000,9750000,1.3,Personal,Small,Normal,0,0,0.0,0,,0.0,0,0.0,Monthly
C00192,10,345000,3450000,1.3,Personal,Small,Normal,0,0,0.0,0,,0.0,3,7.9,Monthly
C00193,20,300000,6000000,4.4,Personal,Small,Normal,0,0,0.0,0,,0.0,0,1.5,Monthly
C00194,150,255000,38250000,4.0,Business,Small,Small Business,1,0,0.0,1,Dedicated,11137389.0,8,7.8,Monthly
C00195,150,275000,41250000,1.3,Government,Large,Government,3,1,1014446.0,1,Shared,18054618.0,6,5.4,Monthly
C00196,10,345000,3450000,9.0,Personal,Small,Normal,0,0,0.0,0,,0.0,2,1.1,Monthly
C00197,30,310000,9300000,1.4,Personal,Small,Normal,0,0,0.0,0,,0.0,0,2.4,Monthly
C00198,30,345000,10350000,0.9,Personal,Small,Normal,0,1,1428433.0,0,,0.0,2,4.7,Monthly
C00199,100,275000,27500000,3.7,Business,Large,University,2,0,0.0,0,,0.0,1,2.2,Monthly
C00200,20,305000,6100000,2.9,Personal,Small,Normal,0,0,0.0,0,,0.0,0,4.4,Monthly
C00201,150,235000,35250000,5.7,Business,Large,Hospital,3,1,1513623.0,1,VPS,2459801.0,5,2.1,Monthly
C00202,100,250000,25000000,4.6,Business,Small,Small Business,1,1,1162332.0,1,Shared,12882860.0,7,5.7,Monthly
C00203,150,230000,34500000,2.9,Government,Large,Government,3,1,1925786.0,1,Dedicated,4039856.0,6,6.9,Monthly
C00204,10,335000,3350000,1.0,Personal,Small,Normal,0,0,0.0,0,,0.0,3,8.3,Monthly
C00205,10,320000,3200000,5.4,Personal,Small,Normal,0,0,0.0,0,,0.0,1,0.1,Annual
C00206,30,290000,8700000,8.7,Personal,Small,Normal,0,0,0.0,0,,0.0,3,7.6,Annual
C00207,300,205000,61500000,7.8,Business,Medium,Small Business,1,0,0.0,0,,0.0,2,1.7,Monthly
C00208,300,200000,60000000,7.2,Business,Medium,Small Business,1,1,1326128.0,0,,0.0,5,4.6,Monthly
C00209,20,325000,6500000,3.0,Business,Medium,Small Business,1,0,0.0,1,VPS,12927111.0,4,3.2,Monthly
C00210,300,245000,73500000,0.4,Business,Small,Small Business,1,0,0.0,0,,0.0,4,4.3,Monthly
C00211,50,275000,13750000,9.4,Personal,Small,Normal,0,0,0.0,0,,0.0,1,4.2,Annual
C00212,30,350000,10500000,1.7,Personal,Small,Normal,0,0,0.0,0,,0.0,1,4.6,Monthly
C00213,10,320000,3200000,8.9,Personal,Small,Normal,0,0,0.0,0,,0.0,0,2.5,Annual
C00214,50,280000,14000000,7.4,Personal,Small,Normal,0,0,0.0,0,,0.0,0,4.2,Annual
C00215,20,300000,6000000,5.5,Personal,Small,Normal,0,1,1930142.0,0,,0.0,2,3.7,Monthly
C00216,30,325000,9750000,8.6,Personal,Small,Normal,0,0,0.0,0,,0.0,3,4.8,Annual
C00217,20,310000,6200000,1.4,Personal,Small,Normal,0,0,0.0,0,,0.0,0,1.2,Monthly
C00218,10,350000,3500000,1.2,Personal,Small,Normal,0,0,0.0,0,,0.0,4,8.9,Monthly
C00219,150,230000,34500000,9.3,Business,Medium,Small Business,1,1,1441156.0,1,VPS,6814910.0,5,9.2,Monthly
C00220,300,210000,63000000,0.8,Government,Large,Government,3,1,443145.0,1,VPS,10906362.0,8,9.0,Monthly
C00221,30,315000,9450000,7.2,Business,Medium,Small Business,1,1,1164180.0,1,Dedicated,9967745.0,6,6.5,Annual
C00222,10,330000,3300000,2.2,Personal,Small,Normal,0,0,0.0,0,,0.0,0,2.1,Monthly
C00223,10,370000,3700000,5.0,Personal,Small,Normal,0,0,0.0,0,,0.0,0,2.4,Monthly
C00224,50,305000,15250000,8.6,Personal,Small,Normal,0,0,0.0,0,,0.0,0,1.7,Annual
C00225,50,320000,16000000,1.7,Personal,Small,Normal,0,0,0.0,0,,0.0,0,5.8,Monthly
C00226,20,325000,6500000,3.9,Business,Large,Hospital,3,1,1753089.0,1,Dedicated,3951040.0,8,11.5,Monthly
C00227,10,360000,3600000,6.6,Personal,Small,Normal,0,1,1495443.0,0,,0.0,3,4.2,Annual
C00228,50,270000,13500000,9.9,Business,Medium,Small Business,1,0,0.0,1,Dedicated,3660075.0,5,8.2,Annual
C00229,300,205000,61500000,6.8,Business,Large,Enterprise,2,0,0.0,1,Shared,5395359.0,3,2.3,Monthly
C00230,100,255000,25500000,2.9,Business,Large,ISP Partner,3,1,618053.0,1,VPS,8199321.0,5,6.6,Monthly
C00231,100,290000,29000000,3.2,Government,Large,Government,3,1,1883186.0,1,Dedicated,12679326.0,5,6.9,Monthly
C00232,10,320000,3200000,6.4,Personal,Small,Normal,0,0,0.0,0,,0.0,0,3.6,Monthly
C00233,20,335000,6700000,3.8,Personal,Small,Normal,0,0,0.0,0,,0.0,2,4.2,Monthly
C00234,20,350000,7000000,1.4,Personal,Small,Normal,0,0,0.0,0,,0.0,4,6.2,Monthly
C00235,10,320000,3200000,3.3,Personal,Small,Normal,0,0,0.0,0,,0.0,0,2.1,Monthly
C00236,10,370000,3700000,8.5,Personal,Small,Normal,0,0,0.0,0,,0.0,0,2.8,Annual
C00237,150,275000,41250000,0.7,Business,Large,ISP Partner,3,1,1013655.0,1,Shared,16198033.0,10,11.1,Monthly
C00238,150,255000,38250000,3.2,Business,Large,Enterprise,2,0,0.0,0,,0.0,5,4.0,Monthly
C00239,30,315000,9450000,0.5,Business,Large,Enterprise,2,1,770516.0,0,,0.0,5,8.0,Monthly
C00240,10,330000,3300000,4.4,Personal,Small,Normal,0,0,0.0,0,,0.0,2,6.2,Monthly
C00241,10,375000,3750000,3.9,Personal,Small,Normal,0,0,0.0,0,,0.0,1,2.8,Monthly
C00242,10,335000,3350000,6.4,Business,Large,Hospital,3,1,1442411.0,1,Dedicated,12041108.0,11,7.5,Annual
C00243,150,230000,34500000,3.0,Business,Large,Hospital,3,1,1517378.0,1,VPS,2701298.0,5,9.9,Monthly
C00244,100,280000,28000000,5.1,Government,Large,Government,3,1,684835.0,1,Shared,14800338.0,5,3.1,Monthly
C00245,100,300000,30000000,2.8,Business,Large,University,2,1,1671160.0,0,,0.0,8,6.3,Monthly
C00246,20,300000,6000000,2.1,Personal,Small,Normal,0,0,0.0,0,,0.0,1,5.0,Monthly
C00247,50,305000,15250000,1.6,Business,Small,Small Business,1,0,0.0,1,Shared,9677475.0,5,5.9,Monthly
C00248,100,290000,29000000,1.8,Business,Small,Small Business,1,1,542645.0,1,VPS,2705102.0,6,7.6,Monthly
C00249,20,345000,6900000,3.5,Personal,Small,Normal,0,0,0.0,0,,0.0,0,0.0,Monthly
C00250,100,295000,29500000,3.9,Business,Medium,Small Business,1,1,1705319.0,0,,0.0,7,7.5,Monthly
C00251,10,385000,3850000,2.8,Personal,Small,Normal,0,0,0.0,0,,0.0,2,4.6,Monthly
C00252,200,220000,44000000,3.4,Business,Medium,Small Business,1,1,1949401.0,0,,0.0,11,13.8,Monthly
C00253,100,265000,26500000,1.9,Business,Large,ISP Partner,3,1,1154836.0,1,Dedicated,8358401.0,6,5.2,Monthly
C00254,20,325000,6500000,6.1,Business,Medium,Small Business,1,0,0.0,0,,0.0,5,6.9,Monthly
C00255,50,270000,13500000,9.1,Personal,Small,Normal,0,0,0.0,0,,0.0,2,2.7,Monthly
C00256,20,300000,6000000,9.9,Personal,Small,Normal,0,0,0.0,0,,0.0,1,2.0,Annual
C00257,200,220000,44000000,5.5,Business,Large,Hospital,3,1,1950766.0,1,VPS,6746504.0,12,11.8,Annual
C00258,10,320000,3200000,10.0,Personal,Small,Normal,0,0,0.0,0,,0.0,1,2.9,Monthly
C00259,10,320000,3200000,1.9,Personal,Small,Normal,0,0,0.0,0,,0.0,1,4.9,Monthly
C00260,10,325000,3250000,1.6,Personal,Small,Normal,0,0,0.0,0,,0.0,1,4.4,Monthly
C00261,150,280000,42000000,1.1,Business,Large,ISP Partner,3,1,394268.0,1,VPS,16960424.0,6,6.1,Monthly
C00262,10,365000,3650000,7.4,Personal,Small,Normal,0,0,0.0,0,,0.0,4,7.3,Annual
C00263,30,305000,9150000,9.3,Business,Medium,Small Business,1,1,661101.0,0,,0.0,2,3.7,Annual
C00264,20,310000,6200000,3.5,Personal,Small,Normal,0,0,0.0,0,,0.0,0,0.6,Monthly
C00265,150,230000,34500000,5.3,Business,Medium,Small Business,1,1,548026.0,1,VPS,4132342.0,7,5.3,Annual
C00266,10,340000,3400000,9.9,Personal,Small,Normal,0,0,0.0,0,,0.0,0,6.5,Annual
C00267,10,320000,3200000,6.6,Personal,Small,Normal,0,0,0.0,0,,0.0,0,2.0,Annual
C00268,50,270000,13500000,0.2,Personal,Small,Normal,0,0,0.0,0,,0.0,0,1.4,Monthly
C00269,20,305000,6100000,6.4,Personal,Small,Normal,0,0,0.0,0,,0.0,0,2.0,Annual
C00270,300,205000,61500000,7.1,Business,Medium,Small Business,1,1,1801226.0,0,,0.0,5,4.9,Annual
C00271,100,295000,29500000,4.6,Government,Large,Government,3,1,327767.0,1,Shared,18487136.0,9,8.8,Monthly
C00272,30,310000,9300000,2.9,Personal,Small,Normal,0,0,0.0,0,,0.0,1,0.6,Monthly
C00273,10,345000,3450000,5.2,Personal,Small,Normal,0,0,0.0,0,,0.0,2,5.1,Annual
C00274,10,350000,3500000,1.9,Personal,Small,Normal,0,0,0.0,0,,0.0,1,4.2,Monthly
C00275,200,230000,46000000,5.4,Business,Small,Small Business,1,1,1574536.0,0,,0.0,5,5.4,Annual
C00276,20,310000,6200000,0.4,Personal,Small,Normal,0,0,0.0,0,,0.0,1,4.7,Monthly
C00277,20,340000,6800000,5.4,Personal,Small,Normal,0,0,0.0,0,,0.0,1,5.3,Annual
C00278,20,325000,6500000,6.6,Personal,Small,Normal,0,0,0.0,0,,0.0,1,1.0,Monthly
C00279,150,235000,35250000,4.5,Business,Medium,Small Business,1,0,0.0,0,,0.0,1,5.7,Monthly
C00280,10,380000,3800000,0.4,Personal,Small,Normal,0,0,0.0,0,,0.0,0,2.2,Monthly
C00281,200,255000,51000000,4.3,Business,Small,Small Business,1,0,0.0,0,,0.0,1,3.3,Monthly
C00282,10,375000,3750000,3.5,Personal,Small,Normal,0,0,0.0,0,,0.0,2,7.1,Monthly
C00283,10,320000,3200000,3.1,Personal,Small,Normal,0,0,0.0,0,,0.0,0,2.5,Monthly
C00284,100,250000,25000000,2.1,Business,Small,Small Business,1,1,1410906.0,0,,0.0,9,8.2,Monthly
C00285,50,270000,13500000,6.7,Personal,Small,Normal,0,0,0.0,0,,0.0,0,2.8,Annual
C00286,50,280000,14000000,1.2,Business,Small,Small Business,1,0,0.0,0,,0.0,0,0.5,Monthly
C00287,50,310000,15500000,3.7,Business,Small,Small Business,1,0,0.0,1,Dedicated,12570149.0,6,5.7,Monthly
C00288,10,325000,3250000,7.6,Personal,Small,Normal,0,0,0.0,0,,0.0,0,4.4,Annual
C00289,20,350000,7000000,6.7,Personal,Small,Normal,0,0,0.0,0,,0.0,0,6.7,Annual
C00290,150,230000,34500000,4.3,Business,Small,Small Business,1,0,0.0,0,,0.0,2,6.6,Monthly
C00291,100,250000,25000000,7.3,Business,Small,Small Business,1,0,0.0,0,,0.0,2,5.4,Annual
C00292,10,390000,3900000,1.4,Personal,Small,Normal,0,0,0.0,0,,0.0,3,2.6,Monthly
C00293,300,200000,60000000,3.3,Business,Large,ISP Partner,3,0,0.0,0,,0.0,3,2.5,Monthly
C00294,20,345000,6900000,0.5,Personal,Small,Normal,0,0,0.0,0,,0.0,0,2.9,Monthly
C00295,20,330000,6600000,9.4,Personal,Small,Normal,0,0,0.0,0,,0.0,0,0.0,Monthly
C00296,10,375000,3750000,6.5,Personal,Small,Normal,0,0,0.0,0,,0.0,2,4.1,Monthly
C00297,50,280000,14000000,9.1,Business,Medium,Small Business,1,0,0.0,0,,0.0,6,8.6,Annual
C00298,10,320000,3200000,4.5,Personal,Small,Normal,0,0,0.0,0,,0.0,3,6.1,Monthly
C00299,30,320000,9600000,5.6,Personal,Small,Normal,0,0,0.0,0,,0.0,0,2.4,Monthly
C00300,10,390000,3900000,1.7,Personal,Small,Normal,0,0,0.0,0,,0.0,0,1.0,Monthly
C00301,20,335000,6700000,8.8,Business,Medium,Small Business,1,1,987671.0,0,,0.0,3,5.5,Annual
C00302,150,260000,39000000,6.9,Business,Large,University,2,1,1364879.0,0,,0.0,5,4.2,Annual
C00303,20,340000,6800000,9.2,Business,Small,Small Business,1,0,0.0,0,,0.0,0,1.9,Monthly
C00304,200,250000,50000000,1.7,Government,Large,Government,3,1,433989.0,0,,0.0,4,4.4,Monthly
C00305,20,325000,6500000,1.4,Personal,Small,Normal,0,0,0.0,0,,0.0,0,3.6,Monthly
C00306,100,250000,25000000,2.7,Business,Small,Small Business,1,0,0.0,0,,0.0,1,4.4,Monthly
C00307,10,325000,3250000,1.7,Personal,Small,Normal,0,0,0.0,0,,0.0,0,0.8,Monthly
C00308,300,200000,60000000,9.9,Business,Large,University,2,1,482517.0,0,,0.0,7,3.9,Annual
C00309,50,270000,13500000,9.0,Personal,Small,Normal,0,0,0.0,0,,0.0,0,2.5,Annual
C00310,10,320000,3200000,8.3,Personal,Small,Normal,0,0,0.0,0,,0.0,0,4.2,Annual
C00311,10,340000,3400000,1.3,Personal,Small,Normal,0,0,0.0,0,,0.0,0,3.9,Monthly
C00312,20,300000,6000000,8.8,Personal,Small,Normal,0,0,0.0,0,,0.0,3,2.7,Monthly
C00313,20,300000,6000000,8.6,Personal,Small,Normal,0,0,0.0,0,,0.0,3,3.6,Annual
C00314,30,330000,9900000,1.3,Personal,Small,Normal,0,0,0.0,0,,0.0,0,5.0,Monthly
C00315,20,300000,6000000,7.9,Personal,Small,Normal,0,0,0.0,0,,0.0,0,2.1,Annual
C00316,10,340000,3400000,3.6,Personal,Small,Normal,0,0,0.0,0,,0.0,1,2.6,Monthly
C00317,10,380000,3800000,1.2,Personal,Small,Normal,0,1,1796293.0,0,,0.0,6,5.6,Monthly
C00318,20,350000,7000000,5.4,Business,Small,Small Business,1,0,0.0,0,,0.0,2,2.4,Annual
C00319,20,355000,7100000,2.3,Personal,Small,Normal,0,0,0.0,0,,0.0,1,2.8,Monthly
C00320,20,300000,6000000,7.0,Personal,Small,Normal,0,0,0.0,0,,0.0,0,6.8,Monthly
C00321,10,360000,3600000,2.2,Personal,Small,Normal,0,0,0.0,0,,0.0,0,2.8,Monthly
C00322,20,335000,6700000,3.7,Personal,Small,Normal,0,0,0.0,0,,0.0,0,4.7,Monthly
C00323,20,300000,6000000,4.7,Personal,Small,Normal,0,0,0.0,0,,0.0,1,6.6,Monthly
C00324,150,230000,68000270,8.9,Business,Large,ISP Partner,3,0,0.0,1,Dedicated,11532290.0,3,8.0,Annual
C00325,30,290000,8700000,9.4,Business,Medium,Small Business,1,0,0.0,0,,0.0,0,3.6,Annual
C00326,30,310000,9300000,1.0,Personal,Small,Normal,0,0,0.0,0,,0.0,0,2.1,Monthly
C00327,10,320000,3200000,4.8,Personal,Small,Normal,0,0,0.0,0,,0.0,0,1.9,Monthly
C00328,150,230000,34500000,9.9,Business,Small,Small Business,1,0,0.0,1,VPS,11532759.0,10,8.7,Annual
C00329,10,350000,3500000,8.7,Personal,Small,Normal,0,0,0.0,0,,0.0,2,3.4,Monthly
C00330,150,230000,34500000,1.1,Business,Medium,Small Business,1,0,0.0,0,,0.0,1,3.0,Monthly
C00331,10,320000,3200000,6.8,Personal,Small,Normal,0,0,0.0,0,,0.0,3,6.9,Annual
C00332,20,305000,6100000,4.8,Business,Large,University,2,0,0.0,0,,0.0,4,5.8,Monthly
C00333,10,385000,3850000,3.0,Personal,Small,Normal,0,0,0.0,0,,0.0,3,4.7,Monthly
C00334,30,290000,8700000,7.2,Business,Medium,Small Business,1,0,0.0,0,,0.0,0,2.9,Annual
C00335,30,315000,9450000,0.8,Personal,Small,Normal,0,0,0.0,0,,0.0,0,4.0,Monthly
C00336,10,335000,3350000,5.3,Personal,Small,Normal,0,0,0.0,0,,0.0,0,0.0,Monthly
C00337,10,395000,3950000,0.9,Personal,Small,Normal,0,1,415776.0,0,,0.0,4,9.2,Monthly
C00338,100,255000,25500000,7.5,Government,Large,Government,3,1,1129142.0,1,Dedicated,10944810.0,7,2.5,Annual
C00339,150,280000,42000000,4.6,Government,Large,Government,3,1,1910556.0,0,,0.0,3,7.9,Monthly
C00340,100,295000,29500000,0.3,Government,Large,Government,3,1,1203526.0,1,VPS,4619620.0,7,9.2,Monthly
C00341,10,320000,3200000,8.7,Personal,Small,Normal,0,1,1121919.0,0,,0.0,3,4.0,Annual
C00342,150,245000,36750000,6.3,Business,Small,Small Business,1,1,1453457.0,0,,0.0,3,5.3,Annual
C00343,150,265000,39750000,0.5,Business,Large,University,2,1,1471473.0,0,,0.0,7,11.4,Monthly
C00344,20,310000,6200000,8.7,Business,Small,Small Business,1,1,1920526.0,0,,0.0,6,8.2,Monthly
C00345,300,210000,63000000,3.0,Business,Large,Enterprise,2,0,0.0,1,Dedicated,4024103.0,9,9.5,Monthly
C00346,50,330000,16500000,1.2,Personal,Small,Normal,0,0,0.0,0,,0.0,0,4.1,Monthly
C00347,20,310000,6200000,2.7,Personal,Small,Normal,0,0,0.0,0,,0.0,0,0.0,Monthly
C00348,20,300000,6000000,3.6,Personal,Small,Normal,0,1,1177653.0,0,,0.0,3,4.5,Monthly
C00349,200,245000,49000000,6.8,Business,Large,Hospital,3,1,1505268.0,1,Shared,9947880.0,8,6.5,Annual
C00350,20,335000,6700000,3.6,Personal,Small,Normal,0,0,0.0,0,,0.0,1,1.9,Monthly
C00351,150,230000,34500000,0.7,Business,Large,Hospital,3,0,0.0,1,VPS,18427731.0,7,8.6,Monthly
C00352,10,320000,3200000,6.0,Personal,Small,Normal,0,0,0.0,0,,0.0,0,4.4,Annual
C00353,100,250000,25000000,1.7,Business,Large,Hospital,3,1,1907733.0,0,,0.0,3,5.3,Monthly
C00354,300,240000,72000000,3.6,Business,Medium,Small Business,1,1,1709085.0,0,,0.0,5,8.2,Monthly
C00355,10,320000,3200000,8.9,Personal,Small,Normal,0,0,0.0,0,,0.0,3,0.9,Annual
C00356,20,375000,7500000,1.1,Personal,Small,Normal,0,0,0.0,0,,0.0,0,2.6,Monthly
C00357,200,235000,47000000,5.1,Business,Medium,Small Business,1,1,1981942.0,1,Shared,6159699.0,7,11.0,Monthly
C00358,150,280000,42000000,3.0,Government,Large,Government,3,0,0.0,1,VPS,7202222.0,6,6.5,Monthly
C00359,20,320000,6400000,4.1,Personal,Small,Normal,0,0,0.0,0,,0.0,0,3.9,Monthly
C00360,150,235000,35250000,2.4,Business,Large,Hospital,3,1,341708.0,1,Dedicated,13176781.0,7,3.9,Monthly
C00361,50,270000,13500000,2.0,Business,Small,Small Business,1,1,1585000.0,0,,0.0,4,2.4,Monthly
C00362,50,270000,13500000,9.9,Business,Small,Small Business,1,1,1891600.0,0,,0.0,2,1.7,Annual
C00363,10,345000,3450000,6.7,Personal,Small,Normal,0,0,0.0,0,,0.0,2,2.8,Monthly
C00364,200,220000,44000000,9.0,Government,Large,Government,3,1,669064.0,0,,0.0,6,4.4,Annual
C00365,150,290000,43500000,0.3,Business,Medium,Small Business,1,1,1934113.0,0,,0.0,3,5.4,Monthly
C00366,20,310000,6200000,4.0,Business,Small,Small Business,1,1,1679183.0,0,,0.0,4,4.5,Monthly
C00367,100,250000,25000000,9.7,Government,Large,Government,3,1,1879034.0,1,VPS,13407452.0,9,6.9,Annual
C00368,20,330000,6600000,9.7,Personal,Small,Normal,0,0,0.0,0,,0.0,0,2.0,Annual
C00369,20,365000,7300000,3.1,Business,Small,Small Business,1,0,0.0,0,,0.0,3,7.3,Monthly
C00370,20,345000,6900000,8.5,Personal,Small,Normal,0,0,0.0,0,,0.0,0,1.8,Annual
C00371,30,320000,9600000,4.7,Personal,Small,Normal,0,0,0.0,0,,0.0,1,4.7,Monthly
C00372,10,350000,3500000,9.6,Personal,Small,Normal,0,0,0.0,0,,0.0,2,6.3,Annual
C00373,20,305000,6100000,6.9,Personal,Small,Normal,0,0,0.0,0,,0.0,0,2.4,Annual
C00374,20,365000,7300000,2.2,Personal,Small,Normal,0,0,0.0,0,,0.0,2,4.2,Monthly
C00375,200,225000,45000000,8.3,Government,Large,Government,3,0,0.0,1,VPS,8758126.0,8,4.7,Annual
C00376,30,325000,9750000,3.9,Personal,Small,Normal,0,0,0.0,0,,0.0,5,4.6,Monthly
C00377,100,275000,27500000,9.3,Business,Large,Hospital,3,1,1321280.0,0,,0.0,7,7.0,Annual
C00378,10,320000,3200000,7.0,Personal,Small,Normal,0,0,0.0,0,,0.0,3,5.5,Annual
C00379,20,310000,6200000,1.8,Personal,Small,Normal,0,0,0.0,0,,0.0,1,3.5,Monthly
C00380,20,300000,6000000,4.1,Personal,Small,Normal,0,0,0.0,0,,0.0,1,4.5,Monthly
C00381,150,260000,39000000,4.7,Business,Large,University,2,1,1069283.0,0,,0.0,4,0.9,Monthly
C00382,150,250000,37500000,1.3,Government,Large,Government,3,1,1096108.0,1,Shared,12154710.0,6,6.2,Monthly
C00383,200,250000,50000000,6.5,Business,Large,ISP Partner,3,1,1255780.0,1,Shared,17495518.0,10,6.2,Annual
C00384,50,275000,13750000,5.2,Business,Medium,Small Business,1,0,0.0,1,VPS,12930678.0,5,5.5,Monthly
C00385,100,250000,25000000,9.2,Business,Large,Enterprise,2,0,0.0,1,VPS,2539599.0,8,10.1,Annual
C00386,300,200000,60000000,9.5,Business,Large,University,2,0,0.0,0,,0.0,3,4.4,Annual
C00387,100,255000,25500000,5.8,Government,Large,Government,3,1,1771196.0,1,Dedicated,11104442.0,7,3.0,Annual
C00388,10,355000,3550000,5.5,Personal,Small,Normal,0,0,0.0,0,,0.0,0,0.8,Monthly
C00389,20,300000,6000000,7.9,Personal,Small,Normal,0,0,0.0,0,,0.0,0,8.6,Annual
C00390,10,355000,3550000,6.9,Personal,Small,Normal,0,0,0.0,0,,0.0,0,5.7,Monthly
C00391,200,250000,50000000,5.8,Business,Medium,Small Business,1,1,579858.0,1,VPS,9177785.0,9,10.2,Annual
C00392,30,290000,8700000,9.0,Personal,Small,Normal,0,1,1952194.0,0,,0.0,4,4.5,Monthly
C00393,10,340000,3400000,8.2,Personal,Small,Normal,0,0,0.0,0,,0.0,3,4.1,Annual
C00394,200,265000,53000000,1.4,Business,Large,Hospital,3,1,794255.0,1,Shared,6356483.0,10,9.4,Monthly
C00395,10,360000,3600000,7.9,Personal,Small,Normal,0,0,0.0,0,,0.0,1,1.7,Monthly
C00396,10,350000,3500000,3.3,Personal,Small,Normal,0,0,0.0,0,,0.0,0,4.5,Monthly
C00397,20,300000,6000000,7.7,Personal,Small,Normal,0,0,0.0,0,,0.0,7,6.0,Annual
C00398,300,200000,60000000,8.1,Business,Large,Enterprise,2,1,1932563.0,1,Dedicated,18841312.0,5,4.2,Monthly
C00399,10,320000,3200000,2.1,Personal,Small,Normal,0,0,0.0,0,,0.0,0,0.3,Monthly
C00400,10,325000,3250000,3.9,Business,Large,ISP Partner,3,1,724034.0,1,Shared,3913204.0,8,5.7,Monthly
C00401,100,250000,25000000,5.0,Business,Large,University,2,0,0.0,1,VPS,3076395.0,6,4.2,Monthly
C00402,10,360000,3600000,0.2,Personal,Small,Normal,0,0,0.0,0,,0.0,0,2.2,Monthly
C00403,200,220000,44000000,9.8,Business,Small,Small Business,1,0,0.0,0,,0.0,1,7.8,Annual
C00404,30,345000,10350000,0.9,Personal,Small,Normal,0,0,0.0,0,,0.0,1,4.9,Monthly
C00405,20,345000,6900000,7.7,Personal,Small,Normal,0,0,0.0,0,,0.0,1,5.7,Annual
C00406,10,335000,3350000,1.1,Personal,Small,Normal,0,0,0.0,0,,0.0,0,2.8,Monthly
C00407,200,220000,44000000,3.7,Business,Large,University,2,1,1488025.0,0,,0.0,4,10.6,Monthly
C00408,50,315000,15750000,4.3,Personal,Small,Normal,0,1,1115519.0,0,,0.0,5,4.8,Monthly
C00409,100,285000,28500000,2.1,Business,Small,Small Business,1,0,0.0,1,VPS,11791349.0,6,3.9,Monthly
C00410,20,300000,6000000,4.7,Personal,Small,Normal,0,0,0.0,0,,0.0,1,4.3,Monthly
C00411,10,335000,3350000,7.1,Business,Small,Small Business,1,0,0.0,0,,0.0,1,4.1,Annual
C00412,20,300000,6000000,6.8,Personal,Small,Normal,0,0,0.0,0,,0.0,0,1.9,Monthly
C00413,150,255000,38250000,2.0,Business,Small,Small Business,1,0,0.0,0,,0.0,4,5.2,Monthly
C00414,20,350000,7000000,7.6,Business,Small,Small Business,1,0,0.0,1,Dedicated,17261547.0,7,6.1,Monthly
C00415,10,320000,3200000,8.0,Personal,Small,Normal,0,0,0.0,0,,0.0,0,3.7,Annual
C00416,150,230000,34500000,1.5,Business,Medium,Small Business,1,0,0.0,0,,0.0,1,1.8,Monthly
C00417,20,325000,6500000,1.3,Personal,Small,Normal,0,0,0.0,0,,0.0,3,3.3,Monthly
C00418,100,285000,28500000,5.4,Business,Large,ISP Partner,3,1,334673.0,0,,0.0,3,5.1,Annual
C00419,300,245000,73500000,0.3,Business,Large,Enterprise,2,1,1332892.0,1,VPS,9474010.0,5,5.8,Monthly
C00420,20,330000,6600000,0.3,Personal,Small,Normal,0,0,0.0,0,,0.0,0,6.3,Monthly
C00421,100,275000,27500000,4.1,Business,Small,Small Business,1,0,0.0,0,,0.0,1,5.7,Monthly
C00422,100,290000,29000000,5.1,Business,Medium,Small Business,1,1,519204.0,0,,0.0,4,6.2,Annual
C00423,20,315000,6300000,2.5,Personal,Small,Normal,0,0,0.0,0,,0.0,2,3.7,Monthly
C00424,150,260000,39000000,7.9,Business,Small,Small Business,1,1,1775344.0,0,,0.0,4,10.1,Annual
C00425,100,250000,25000000,9.0,Business,Large,ISP Partner,3,1,1008633.0,1,Shared,13782921.0,9,5.4,Annual
C00426,10,355000,3550000,8.2,Business,Medium,Small Business,1,1,408882.0,0,,0.0,8,8.5,Annual
C00427,10,320000,3200000,6.4,Personal,Small,Normal,0,0,0.0,0,,0.0,2,2.9,Annual
C00428,20,305000,6100000,4.0,Personal,Small,Normal,0,0,0.0,0,,0.0,1,3.1,Monthly
C00429,20,340000,6800000,1.3,Personal,Small,Normal,0,0,0.0,0,,0.0,0,3.0,Monthly
C00430,200,225000,45000000,5.5,Business,Small,Small Business,1,0,0.0,1,VPS,8575302.0,4,3.8,Annual
C00431,200,220000,44000000,6.4,Business,Medium,Small Business,1,0,0.0,0,,0.0,4,5.5,Monthly
C00432,10,320000,3200000,9.1,Personal,Small,Normal,0,1,881559.0,0,,0.0,3,1.4,Monthly
C00433,20,300000,6000000,0.5,Personal,Small,Normal,0,0,0.0,0,,0.0,2,0.8,Monthly
C00434,10,365000,3650000,5.7,Personal,Small,Normal,0,0,0.0,0,,0.0,2,4.3,Annual
C00435,20,300000,6000000,7.6,Personal,Small,Normal,0,0,0.0,0,,0.0,1,4.7,Annual
C00436,30,290000,8700000,9.4,Personal,Small,Normal,0,0,0.0,0,,0.0,1,1.1,Annual
C00437,30,335000,10050000,3.1,Personal,Small,Normal,0,0,0.0,0,,0.0,0,0.0,Monthly
C00438,300,200000,60000000,9.3,Government,Large,Government,3,1,1603590.0,1,VPS,17337188.0,7,9.3,Monthly
C00439,20,335000,6700000,6.1,Personal,Small,Normal,0,0,0.0,0,,0.0,0,2.9,Monthly
C00440,10,375000,3750000,5.7,Personal,Small,Normal,0,0,0.0,0,,0.0,2,0.0,Monthly
C00441,10,380000,3800000,1.2,Personal,Small,Normal,0,0,0.0,0,,0.0,0,9.2,Monthly
C00442,100,290000,29000000,2.0,Government,Large,Government,3,1,1343252.0,1,Dedicated,10222941.0,5,6.4,Monthly
C00443,30,290000,8700000,7.4,Personal,Small,Normal,0,0,0.0,0,,0.0,1,4.8,Annual
C00444,150,285000,42750000,3.4,Business,Small,Small Business,1,0,0.0,0,,0.0,4,8.2,Monthly
C00445,50,330000,16500000,1.3,Business,Small,Small Business,1,1,1335598.0,0,,0.0,8,10.4,Monthly
C00446,30,350000,10500000,1.0,Personal,Small,Normal,0,0,0.0,0,,0.0,1,2.7,Monthly
C00447,100,250000,25000000,6.1,Business,Large,University,2,0,0.0,0,,0.0,7,4.5,Monthly
C00448,200,245000,49000000,1.0,Government,Large,Government,3,0,0.0,1,VPS,2483984.0,6,8.0,Monthly
C00449,10,340000,3400000,8.0,Personal,Small,Normal,0,0,0.0,0,,0.0,0,6.7,Annual
C00450,30,290000,8700000,1.2,Personal,Small,Normal,0,0,0.0,0,,0.0,2,7.6,Monthly
C00451,10,320000,3200000,6.0,Personal,Small,Normal,0,0,0.0,0,,0.0,1,4.4,Monthly
C00452,20,345000,6900000,6.2,Personal,Small,Normal,0,0,0.0,0,,0.0,0,6.0,Annual
C00453,10,320000,3200000,5.4,Business,Small,Small Business,1,0,0.0,0,,0.0,8,9.0,Monthly
C00454,20,320000,6400000,3.6,Personal,Small,Normal,0,0,0.0,0,,0.0,0,1.3,Monthly
C00455,30,290000,8700000,7.6,Personal,Small,Normal,0,0,0.0,0,,0.0,2,6.6,Monthly
C00456,10,320000,3200000,6.7,Personal,Small,Normal,0,0,0.0,0,,0.0,0,3.9,Annual
C00457,50,270000,13500000,9.6,Personal,Small,Normal,0,0,0.0,0,,0.0,2,4.5,Annual
C00458,30,290000,8700000,9.6,Personal,Small,Normal,0,0,0.0,0,,0.0,2,2.5,Annual
C00459,150,230000,34500000,8.9,Business,Small,Small Business,1,1,1925574.0,1,Shared,18260790.0,10,11.4,Monthly
C00460,150,245000,36750000,8.1,Business,Large,University,2,0,0.0,0,,0.0,2,5.1,Annual
C00461,50,270000,13500000,6.5,Personal,Small,Normal,0,0,0.0,0,,0.0,5,6.5,Annual
C00462,20,335000,6700000,3.5,Business,Medium,Small Business,1,0,0.0,0,,0.0,5,9.9,Monthly
C00463,100,285000,28500000,1.6,Business,Large,Enterprise,2,0,0.0,1,Shared,4645003.0,4,7.7,Monthly
C00464,30,325000,9750000,3.8,Personal,Small,Normal,0,0,0.0,0,,0.0,0,0.0,Monthly
C00465,10,360000,3600000,6.4,Business,Medium,Small Business,1,0,0.0,0,,0.0,3,9.6,Monthly
C00466,50,290000,14500000,6.4,Business,Small,Small Business,1,1,1590893.0,0,,0.0,3,3.1,Annual
C00467,20,340000,6800000,1.4,Personal,Small,Normal,0,0,0.0,0,,0.0,0,0.9,Monthly
C00468,300,235000,70500000,4.0,Business,Small,Small Business,1,0,0.0,0,,0.0,3,3.1,Monthly
C00469,20,300000,6000000,4.9,Personal,Small,Normal,0,0,0.0,0,,0.0,1,5.1,Monthly
C00470,200,235000,47000000,4.3,Business,Medium,Small Business,1,1,399113.0,1,Dedicated,8868676.0,7,11.0,Monthly
C00471,100,250000,25000000,5.1,Business,Large,Enterprise,2,1,734084.0,0,,0.0,9,10.0,Annual
C00472,20,310000,6200000,6.4,Personal,Small,Normal,0,0,0.0,0,,0.0,6,6.8,Annual
C00473,20,300000,6000000,9.5,Personal,Small,Normal,0,0,0.0,0,,0.0,0,3.0,Monthly
C00474,10,375000,3750000,5.3,Personal,Small,Normal,0,0,0.0,0,,0.0,2,7.4,Annual
C00475,10,345000,3450000,8.5,Personal,Small,Normal,0,0,0.0,0,,0.0,0,2.8,Monthly
C00476,150,250000,37500000,5.3,Business,Large,Hospital,3,1,1103582.0,1,VPS,18649729.0,9,6.3,Annual
C00477,20,320000,6400000,8.9,Personal,Small,Normal,0,0,0.0,0,,0.0,2,5.2,Annual
C00478,300,200000,60000000,8.6,Business,Large,Enterprise,2,1,358372.0,0,,0.0,3,5.1,Annual
C00479,10,320000,3200000,7.4,Personal,Small,Normal,0,0,0.0,0,,0.0,0,4.8,Monthly
C00480,10,360000,3600000,8.4,Personal,Small,Normal,0,0,0.0,0,,0.0,1,0.2,Monthly
C00481,10,325000,3250000,8.7,Personal,Small,Normal,0,0,0.0,0,,0.0,0,3.6,Monthly
C00482,10,320000,3200000,3.1,Business,Medium,Small Business,1,0,0.0,1,Shared,3622205.0,7,8.1,Monthly
C00483,30,290000,8700000,4.4,Personal,Small,Normal,0,0,0.0,0,,0.0,6,9.1,Monthly
C00484,50,305000,15250000,1.8,Business,Large,University,2,1,613754.0,0,,0.0,6,5.9,Monthly
C00485,200,250000,50000000,3.0,Government,Large,Government,3,1,795441.0,1,Dedicated,19222455.0,11,7.1,Monthly
C00486,200,220000,44000000,5.0,Business,Large,Enterprise,2,0,0.0,1,Dedicated,11574198.0,7,7.1,Monthly
C00487,10,320000,3200000,9.2,Personal,Small,Normal,0,0,0.0,0,,0.0,1,0.1,Annual
C00488,20,345000,6900000,2.5,Personal,Small,Normal,0,0,0.0,0,,0.0,0,2.0,Monthly
C00489,10,320000,3200000,6.6,Personal,Small,Normal,0,0,0.0,0,,0.0,0,4.4,Annual
C00490,20,315000,6300000,7.2,Business,Large,Hospital,3,1,1584412.0,1,Shared,3495259.0,8,8.9,Annual
C00491,10,320000,3200000,5.8,Personal,Small,Normal,0,0,0.0,0,,0.0,3,3.3,Annual
C00492,300,200000,60000000,7.2,Business,Small,Small Business,1,0,0.0,0,,0.0,4,4.6,Monthly
C00493,150,230000,34500000,8.5,Government,Large,Government,3,1,401075.0,1,VPS,19144689.0,7,7.4,Monthly
C00494,10,365000,3650000,7.1,Personal,Small,Normal,0,0,0.0,0,,0.0,0,2.2,Annual
C00495,30,340000,10200000,1.5,Personal,Small,Normal,0,0,0.0,0,,0.0,3,3.3,Monthly
C00496,10,385000,3850000,0.5,Personal,Small,Normal,0,0,0.0,0,,0.0,0,2.9,Monthly
C00497,10,360000,3600000,6.5,Personal,Small,Normal,0,0,0.0,0,,0.0,2,3.4,Annual
C00498,10,345000,3450000,9.3,Personal,Small,Normal,0,0,0.0,0,,0.0,2,4.2,Annual
C00499,100,250000,25000000,7.7,Business,Large,University,2,0,0.0,1,Dedicated,10022194.0,9,4.6,Annual
C00500,20,340000,6800000,3.8,Personal,Small,Normal,0,0,0.0,0,,0.0,0,0.0,Monthly
C00501,30,320000,9600000,2.2,Personal,Small,Normal,0,0,0.0,0,,0.0,0,0.5,Monthly
C00502,300,200000,60000000,2.2,Government,Large,Government,3,0,0.0,0,,0.0,6,8.9,Monthly
C00503,150,245000,36750000,1.9,Government,Large,Government,3,1,746309.0,1,Dedicated,17028958.0,6,6.7,Monthly
C00504,200,220000,44000000,8.7,Business,Large,Enterprise,2,0,0.0,0,,0.0,2,6.6,Annual
C00505,50,270000,13500000,8.4,Business,Medium,Small Business,1,1,865142.0,0,,0.0,6,5.5,Annual
C00506,100,250000,25000000,5.9,Business,Medium,Small Business,1,1,1416059.0,0,,0.0,2,3.6,Monthly
C00507,100,300000,30000000,4.9,Business,Large,Enterprise,2,1,1323677.0,0,,0.0,7,8.5,Monthly
C00508,10,320000,3200000,2.0,Personal,Small,Normal,0,0,0.0,0,,0.0,0,5.8,Monthly
C00509,50,280000,14000000,5.3,Personal,Small,Normal,0,0,0.0,0,,0.0,0,3.3,Annual
C00510,10,320000,3200000,3.0,Personal,Small,Normal,0,0,0.0,0,,0.0,0,2.4,Monthly
C00511,100,250000,25000000,5.9,Business,Medium,Small Business,1,0,0.0,0,,0.0,1,4.6,Annual
C00512,10,320000,3200000,2.9,Personal,Small,Normal,0,0,0.0,0,,0.0,0,3.5,Monthly
C00513,10,320000,3200000,5.4,Personal,Small,Normal,0,0,0.0,0,,0.0,0,5.3,Annual
C00514,150,280000,42000000,0.6,Business,Large,University,2,0,0.0,1,Dedicated,4840755.0,3,4.7,Monthly
C00515,200,220000,44000000,7.3,Government,Large,Government,3,0,0.0,1,Dedicated,18460272.0,5,3.6,Annual
C00516,30,290000,8700000,5.8,Personal,Small,Normal,0,0,0.0,0,,0.0,0,1.0,Annual
C00517,50,325000,16250000,2.3,Business,Small,Small Business,1,0,0.0,0,,0.0,2,4.8,Monthly
C00518,30,290000,8700000,7.7,Personal,Small,Normal,0,0,0.0,0,,0.0,0,3.4,Annual
C00519,10,350000,3500000,8.8,Personal,Small,Normal,0,0,0.0,0,,0.0,0,0.0,Annual
C00520,20,315000,6300000,2.2,Personal,Small,Normal,0,0,0.0,0,,0.0,2,6.5,Monthly
C00521,20,370000,7400000,0.7,Personal,Small,Normal,0,0,0.0,0,,0.0,1,8.4,Monthly
C00522,100,285000,28500000,4.3,Business,Medium,Small Business,1,1,482584.0,0,,0.0,4,8.5,Monthly
C00523,100,285000,28500000,5.2,Government,Large,Government,3,1,1636968.0,1,Dedicated,2162211.0,10,9.1,Annual
C00524,150,270000,40500000,2.4,Business,Medium,Small Business,1,0,0.0,0,,0.0,2,1.5,Monthly
C00525,20,320000,6400000,3.5,Personal,Small,Normal,0,0,0.0,0,,0.0,2,5.4,Monthly
C00526,150,250000,37500000,6.8,Business,Large,ISP Partner,3,1,1866436.0,1,Dedicated,8350436.0,11,10.2,Annual
C00527,10,330000,3300000,4.1,Personal,Small,Normal,0,0,0.0,0,,0.0,0,6.7,Monthly
C00528,150,265000,39750000,4.1,Business,Small,Small Business,1,0,0.0,0,,0.0,2,4.3,Monthly
C00529,30,325000,9750000,6.9,Personal,Small,Normal,0,0,0.0,0,,0.0,2,1.6,Annual
C00530,20,360000,7200000,2.0,Personal,Small,Normal,0,0,0.0,0,,0.0,3,7.0,Monthly
C00531,10,375000,3750000,3.5,Personal,Small,Normal,0,0,0.0,0,,0.0,3,3.3,Monthly
C00532,200,220000,44000000,7.8,Business,Small,Small Business,1,0,0.0,0,,0.0,5,7.1,Annual
C00533,30,290000,8700000,8.5,Personal,Small,Normal,0,0,0.0,0,,0.0,1,4.0,Annual
C00534,100,275000,27500000,4.6,Business,Large,Enterprise,2,0,0.0,0,,0.0,3,9.2,Monthly
C00535,20,325000,6500000,6.8,Personal,Small,Normal,0,0,0.0,0,,0.0,0,1.7,Annual
C00536,50,270000,13500000,4.6,Personal,Small,Normal,0,0,0.0,0,,0.0,2,5.6,Monthly
C00537,30,300000,9000000,6.1,Personal,Small,Normal,0,0,0.0,0,,0.0,0,4.7,Annual
C00538,30,330000,9900000,7.1,Personal,Small,Normal,0,0,0.0,0,,0.0,0,4.7,Annual
C00539,20,300000,6000000,5.4,Personal,Small,Normal,0,0,0.0,0,,0.0,4,6.8,Annual
C00540,10,335000,3350000,6.9,Personal,Small,Normal,0,0,0.0,0,,0.0,0,3.0,Annual
C00541,150,230000,95441968,6.6,Business,Large,ISP Partner,3,1,1913770.0,1,Dedicated,15645701.0,7,7.5,Monthly
C00542,50,290000,14500000,9.4,Personal,Small,Normal,0,0,0.0,0,,0.0,2,1.6,Annual
C00543,50,270000,13500000,2.0,Personal,Small,Normal,0,0,0.0,0,,0.0,0,3.4,Monthly
C00544,200,220000,44000000,9.2,Business,Medium,Small Business,1,1,1003245.0,0,,0.0,8,7.2,Annual
C00545,30,290000,8700000,9.9,Personal,Small,Normal,0,0,0.0,0,,0.0,0,4.0,Annual
C00546,10,325000,3250000,2.7,Personal,Small,Normal,0,0,0.0,0,,0.0,0,0.0,Monthly
C00547,20,330000,6600000,4.8,Personal,Small,Normal,0,1,593329.0,0,,0.0,4,5.8,Monthly
C00548,20,300000,6000000,6.0,Personal,Small,Normal,0,0,0.0,0,,0.0,2,1.6,Annual
C00549,20,330000,6600000,2.2,Personal,Small,Normal,0,0,0.0,0,,0.0,2,7.9,Monthly
C00550,10,325000,3250000,1.1,Personal,Small,Normal,0,0,0.0,0,,0.0,0,1.0,Monthly
C00551,20,345000,6900000,4.2,Personal,Small,Normal,0,0,0.0,0,,0.0,2,2.6,Monthly
C00552,150,250000,37500000,1.8,Business,Small,Small Business,1,0,0.0,0,,0.0,0,4.6,Monthly
C00553,20,315000,6300000,6.7,Personal,Small,Normal,0,0,0.0,0,,0.0,4,8.1,Monthly
C00554,300,200000,60000000,2.7,Business,Large,ISP Partner,3,1,1975646.0,1,Shared,6941109.0,10,10.5,Monthly
C00555,200,230000,46000000,9.3,Business,Small,Small Business,1,0,0.0,0,,0.0,0,0.3,Annual
C00556,300,210000,63000000,7.2,Government,Large,Government,3,1,1147382.0,1,Dedicated,13874978.0,10,6.9,Annual
C00557,100,265000,26500000,9.9,Business,Small,Small Business,1,0,0.0,0,,0.0,0,6.9,Monthly
C00558,10,320000,3200000,5.8,Personal,Small,Normal,0,0,0.0,0,,0.0,2,5.8,Monthly
C00559,100,250000,25000000,6.7,Business,Medium,Small Business,1,0,0.0,1,Shared,2932097.0,5,6.7,Annual
C00560,30,295000,8850000,6.4,Personal,Small,Normal,0,1,1818378.0,0,,0.0,6,8.8,Annual
C00561,200,235000,47000000,3.6,Business,Medium,Small Business,1,0,0.0,0,,0.0,3,4.5,Monthly
C00562,150,260000,39000000,3.5,Business,Small,Small Business,1,1,850667.0,0,,0.0,4,2.6,Monthly
C00563,200,220000,44000000,7.7,Business,Small,Small Business,1,0,0.0,0,,0.0,3,1.0,Annual
C00564,200,240000,48000000,0.3,Business,Large,University,2,1,363445.0,0,,0.0,4,8.5,Monthly
C00565,100,260000,26000000,5.5,Business,Small,Small Business,1,0,0.0,1,VPS,6529992.0,5,4.0,Annual
C00566,100,265000,26500000,2.5,Business,Medium,Small Business,1,0,0.0,0,,0.0,1,5.8,Monthly
C00567,30,325000,9750000,0.8,Personal,Small,Normal,0,0,0.0,0,,0.0,0,1.7,Monthly
C00568,50,270000,13500000,6.8,Personal,Small,Normal,0,0,0.0,0,,0.0,0,2.1,Annual
C00569,150,265000,39750000,1.0,Business,Medium,Small Business,1,1,1345377.0,0,,0.0,6,5.8,Monthly
C00570,200,230000,46000000,2.7,Business,Medium,Small Business,1,0,0.0,0,,0.0,1,1.6,Monthly
C00571,20,305000,6100000,8.1,Personal,Small,Normal,0,0,0.0,0,,0.0,1,5.7,Annual
C00572,10,335000,3350000,4.9,Personal,Small,Normal,0,1,433713.0,0,,0.0,3,6.2,Monthly
C00573,30,305000,9150000,9.7,Personal,Small,Normal,0,0,0.0,0,,0.0,3,6.8,Monthly
C00574,100,250000,25000000,9.9,Government,Large,Government,3,1,1903585.0,1,Dedicated,15309692.0,10,1.8,Annual
C00575,50,285000,14250000,4.5,Personal,Small,Normal,0,1,1863608.0,0,,0.0,2,3.6,Monthly
C00576,150,230000,34500000,5.4,Business,Small,Small Business,1,1,1937260.0,0,,0.0,7,10.4,Annual
C00577,100,285000,28500000,8.6,Business,Small,Small Business,1,0,0.0,0,,0.0,0,4.3,Monthly
C00578,20,300000,6000000,7.4,Personal,Small,Normal,0,0,0.0,0,,0.0,0,3.0,Monthly
C00579,20,340000,6800000,1.1,Personal,Small,Normal,0,0,0.0,0,,0.0,0,5.7,Monthly
C00580,100,250000,25000000,2.1,Business,Medium,Small Business,1,1,829917.0,0,,0.0,6,6.1,Monthly
C00581,20,300000,6000000,1.5,Personal,Small,Normal,0,0,0.0,0,,0.0,2,6.7,Monthly
C00582,10,360000,3600000,1.2,Business,Small,Small Business,1,1,1550267.0,1,Dedicated,19011574.0,7,10.2,Monthly
C00583,300,205000,61500000,8.1,Business,Medium,Small Business,1,0,0.0,0,,0.0,3,2.2,Annual
C00584,150,230000,34500000,2.8,Business,Small,Small Business,1,1,1301598.0,1,Shared,11214499.0,7,6.6,Monthly
C00585,200,245000,49000000,0.8,Business,Large,Hospital,3,1,1977351.0,1,Dedicated,6963887.0,6,7.0,Monthly
C00586,10,360000,3600000,9.3,Personal,Small,Normal,0,0,0.0,0,,0.0,0,3.2,Annual
C00587,200,220000,44000000,9.2,Business,Large,Enterprise,2,1,1491752.0,0,,0.0,2,3.8,Annual
C00588,20,355000,7100000,5.0,Personal,Small,Normal,0,1,1468881.0,1,VPS,6645723.0,9,5.5,Monthly
C00589,150,250000,37500000,9.6,Government,Large,Government,3,0,0.0,1,Dedicated,13091391.0,8,8.2,Monthly
C00590,150,230000,34500000,3.4,Business,Large,ISP Partner,3,1,920630.0,1,Shared,18378400.0,5,6.0,Monthly
C00591,10,370000,3700000,6.8,Personal,Small,Normal,0,0,0.0,0,,0.0,0,4.6,Annual
C00592,30,330000,9900000,1.2,Personal,Small,Normal,0,0,0.0,0,,0.0,0,0.0,Monthly
C00593,20,300000,6000000,5.4,Personal,Small,Normal,0,0,0.0,0,,0.0,5,1.9,Annual
C00594,20,340000,6800000,7.1,Business,Small,Small Business,1,0,0.0,0,,0.0,4,5.3,Annual
C00595,50,290000,14500000,9.5,Personal,Small,Normal,0,0,0.0,0,,0.0,5,0.0,Monthly
C00596,10,380000,3800000,2.9,Personal,Small,Normal,0,0,0.0,0,,0.0,0,0.4,Monthly
C00597,50,305000,15250000,6.0,Personal,Small,Normal,0,1,1592393.0,0,,0.0,3,6.6,Annual
C00598,200,220000,44000000,4.3,Business,Medium,Small Business,1,0,0.0,0,,0.0,3,7.7,Monthly
C00599,100,280000,28000000,6.6,Business,Small,Small Business,1,1,436405.0,0,,0.0,6,5.6,Annual
C00600,30,330000,9900000,6.8,Personal,Small,Normal,0,0,0.0,0,,0.0,0,4.0,Monthly
C00601,150,265000,39750000,8.0,Business,Large,ISP Partner,3,1,1379808.0,1,Shared,2221599.0,8,7.1,Monthly
C00602,50,335000,16750000,0.7,Business,Medium,Small Business,1,1,1348896.0,0,,0.0,6,3.9,Monthly
C00603,10,320000,3200000,3.2,Personal,Small,Normal,0,0,0.0,0,,0.0,0,3.1,Monthly
C00604,50,330000,16500000,2.4,Business,Small,Small Business,1,0,0.0,0,,0.0,3,7.9,Monthly
C00605,50,315000,15750000,0.9,Business,Medium,Small Business,1,1,434145.0,1,VPS,2743514.0,6,8.5,Monthly
C00606,100,285000,28500000,2.7,Business,Medium,Small Business,1,0,0.0,1,Shared,3760137.0,7,5.5,Monthly
C00607,50,330000,16500000,0.3,Personal,Small,Normal,0,0,0.0,0,,0.0,1,8.6,Monthly
C00608,20,300000,6000000,7.9,Personal,Small,Normal,0,0,0.0,0,,0.0,0,5.6,Annual
C00609,20,305000,6100000,2.6,Personal,Small,Normal,0,0,0.0,0,,0.0,3,0.0,Monthly
C00610,300,220000,66000000,7.1,Business,Small,Small Business,1,1,1363733.0,1,Shared,19894178.0,7,7.9,Annual
C00611,150,240000,36000000,2.0,Business,Small,Small Business,1,0,0.0,0,,0.0,3,0.2,Monthly
C00612,150,250000,37500000,0.4,Business,Small,Small Business,1,0,0.0,0,,0.0,2,4.2,Monthly
C00613,10,360000,3600000,7.2,Personal,Small,Normal,0,0,0.0,0,,0.0,0,1.4,Annual
C00614,50,270000,13500000,6.9,Business,Large,University,2,0,0.0,1,Shared,15516601.0,7,8.3,Annual
C00615,20,325000,6500000,6.9,Personal,Small,Normal,0,0,0.0,0,,0.0,0,2.2,Annual
C00616,150,265000,39750000,6.5,Business,Medium,Small Business,1,0,0.0,0,,0.0,4,2.4,Monthly
C00617,200,245000,49000000,6.6,Business,Small,Small Business,1,1,1200658.0,0,,0.0,4,5.4,Annual
C00618,50,270000,13500000,7.9,Personal,Small,Normal,0,0,0.0,0,,0.0,4,6.3,Annual
C00619,50,320000,16000000,1.2,Business,Small,Small Business,1,1,1617440.0,0,,0.0,2,5.7,Monthly
C00620,300,210000,63000000,6.3,Business,Small,Small Business,1,0,0.0,0,,0.0,5,7.5,Annual
C00621,20,330000,6600000,8.8,Personal,Small,Normal,0,0,0.0,0,,0.0,2,1.6,Annual
C00622,20,305000,6100000,3.1,Personal,Small,Normal,0,0,0.0,0,,0.0,1,6.5,Monthly
C00623,10,330000,3300000,2.4,Personal,Small,Normal,0,0,0.0,0,,0.0,0,2.9,Monthly
C00624,20,340000,6800000,4.7,Personal,Small,Normal,0,0,0.0,0,,0.0,1,5.3,Monthly
C00625,50,270000,13500000,3.5,Personal,Small,Normal,0,0,0.0,0,,0.0,1,4.2,Monthly
C00626,30,330000,9900000,6.6,Personal,Small,Normal,0,0,0.0,0,,0.0,0,5.1,Annual
C00627,20,355000,7100000,0.4,Personal,Small,Normal,0,0,0.0,0,,0.0,2,6.6,Monthly
C00628,20,355000,7100000,5.1,Personal,Small,Normal,0,1,799439.0,0,,0.0,2,7.7,Monthly
C00629,30,350000,10500000,2.4,Personal,Small,Normal,0,0,0.0,0,,0.0,0,1.5,Monthly
C00630,20,340000,6800000,4.6,Personal,Small,Normal,0,1,1908949.0,0,,0.0,2,5.9,Monthly
C00631,30,300000,9000000,1.2,Personal,Small,Normal,0,0,0.0,0,,0.0,0,5.6,Monthly
C00632,10,360000,3600000,3.1,Personal,Small,Normal,0,0,0.0,0,,0.0,3,3.5,Monthly
C00633,100,260000,26000000,8.1,Business,Large,Hospital,3,1,1531192.0,0,,0.0,7,2.0,Annual
C00634,150,245000,36750000,8.4,Government,Large,Government,3,1,655891.0,1,VPS,2433093.0,10,10.0,Monthly
C00635,30,325000,9750000,9.4,Personal,Small,Normal,0,0,0.0,0,,0.0,0,3.7,Annual
C00636,10,320000,3200000,6.2,Personal,Small,Normal,0,0,0.0,0,,0.0,2,4.3,Monthly
C00637,20,345000,6900000,7.2,Business,Medium,Small Business,1,1,1674663.0,0,,0.0,5,4.1,Annual
C00638,50,270000,13500000,9.7,Business,Large,ISP Partner,3,1,326566.0,1,Dedicated,3348658.0,7,5.8,Annual
C00639,10,330000,3300000,0.3,Personal,Small,Normal,0,0,0.0,0,,0.0,0,0.9,Monthly
C00640,50,295000,14750000,4.4,Business,Large,University,2,0,0.0,0,,0.0,3,1.9,Monthly
C00641,30,310000,9300000,6.8,Personal,Small,Normal,0,0,0.0,0,,0.0,0,3.6,Annual
C00642,20,320000,6400000,1.0,Business,Small,Small Business,1,0,0.0,0,,0.0,4,4.1,Monthly
C00643,200,255000,51000000,3.7,Business,Large,University,2,1,343554.0,0,,0.0,5,6.2,Monthly
C00644,10,320000,3200000,9.1,Business,Medium,Small Business,1,0,0.0,1,Dedicated,15746221.0,6,5.9,Annual
C00645,20,340000,6800000,4.0,Personal,Small,Normal,0,0,0.0,0,,0.0,1,5.4,Monthly
C00646,300,200000,60000000,5.6,Business,Small,Small Business,1,0,0.0,0,,0.0,0,2.3,Annual
C00647,30,290000,8700000,8.5,Business,Medium,Small Business,1,1,783446.0,0,,0.0,5,6.0,Annual
C00648,20,365000,7300000,3.4,Personal,Small,Normal,0,0,0.0,0,,0.0,0,1.6,Monthly
C00649,300,215000,64500000,0.5,Government,Large,Government,3,1,1919246.0,1,VPS,18284977.0,7,8.9,Monthly
C00650,20,350000,7000000,1.1,Personal,Small,Normal,0,0,0.0,0,,0.0,2,5.7,Monthly
C00651,10,365000,3650000,5.1,Business,Small,Small Business,1,0,0.0,0,,0.0,6,6.9,Annual
C00652,100,295000,29500000,2.5,Business,Medium,Small Business,1,0,0.0,0,,0.0,4,6.7,Monthly
C00653,10,360000,3600000,6.6,Personal,Small,Normal,0,0,0.0,0,,0.0,0,3.1,Monthly
C00654,150,235000,35250000,1.7,Government,Large,Government,3,1,920422.0,0,,0.0,2,4.2,Monthly
C00655,300,215000,64500000,0.2,Government,Large,Government,3,1,508681.0,1,Shared,12122210.0,9,8.0,Monthly
C00656,20,300000,6000000,8.6,Personal,Small,Normal,0,0,0.0,0,,0.0,1,3.5,Annual
C00657,20,300000,6000000,6.9,Personal,Small,Normal,0,0,0.0,0,,0.0,1,1.9,Annual
C00658,100,280000,28000000,8.1,Business,Large,Hospital,3,1,912827.0,0,,0.0,3,5.3,Annual
C00659,100,260000,26000000,8.7,Business,Small,Small Business,1,0,0.0,1,Dedicated,4699766.0,6,3.6,Annual
C00660,20,305000,6100000,6.9,Personal,Small,Normal,0,0,0.0,0,,0.0,0,5.3,Monthly
C00661,300,240000,72000000,2.2,Business,Large,University,2,1,1757880.0,1,VPS,11899661.0,10,7.9,Monthly
C00662,20,335000,6700000,6.7,Personal,Small,Normal,0,0,0.0,0,,0.0,2,4.9,Annual
C00663,10,325000,3250000,4.4,Personal,Small,Normal,0,0,0.0,0,,0.0,3,7.1,Monthly
C00664,10,325000,3250000,5.2,Personal,Small,Normal,0,0,0.0,1,Shared,15011142.0,4,4.5,Monthly
C00665,100,295000,29500000,2.7,Business,Medium,Small Business,1,0,0.0,0,,0.0,0,2.4,Monthly
C00666,300,225000,67500000,0.6,Business,Medium,Small Business,1,1,1024615.0,1,VPS,13963476.0,8,10.2,Monthly
C00667,30,290000,8700000,6.2,Business,Small,Small Business,1,0,0.0,0,,0.0,1,0.0,Monthly
C00668,20,305000,6100000,0.8,Personal,Small,Normal,0,1,1015798.0,0,,0.0,2,3.7,Monthly
C00669,50,280000,14000000,5.9,Business,Large,Enterprise,2,0,0.0,0,,0.0,3,3.6,Annual
C00670,20,300000,6000000,7.4,Personal,Small,Normal,0,0,0.0,0,,0.0,0,0.4,Monthly
C00671,100,250000,25000000,6.2,Business,Small,Small Business,1,1,805504.0,0,,0.0,7,7.4,Monthly
C00672,30,290000,8700000,6.5,Personal,Small,Normal,0,0,0.0,0,,0.0,0,5.5,Monthly
C00673,150,270000,40500000,3.7,Business,Medium,Small Business,1,1,1056972.0,0,,0.0,5,4.7,Monthly
C00674,10,325000,3250000,8.2,Personal,Small,Normal,0,0,0.0,0,,0.0,0,1.2,Monthly
C00675,100,260000,26000000,8.7,Business,Large,ISP Partner,3,1,921314.0,1,Dedicated,11445909.0,5,7.7,Annual
C00676,150,260000,39000000,3.9,Business,Small,Small Business,1,1,851059.0,0,,0.0,6,9.2,Monthly
C00677,150,245000,36750000,5.5,Business,Large,Enterprise,2,0,0.0,0,,0.0,2,5.8,Annual
C00678,300,200000,60000000,5.3,Government,Large,Government,3,1,1624198.0,1,VPS,12029278.0,7,4.9,Monthly
C00679,300,225000,67500000,4.2,Business,Medium,Small Business,1,0,0.0,0,,0.0,3,3.6,Monthly
C00680,10,335000,3350000,4.3,Personal,Small,Normal,0,0,0.0,0,,0.0,0,0.0,Monthly
C00681,20,345000,6900000,8.8,Personal,Small,Normal,0,0,0.0,0,,0.0,0,3.4,Annual
C00682,150,255000,38250000,2.5,Government,Large,Government,3,1,1962550.0,1,Dedicated,17927390.0,5,3.4,Monthly
C00683,200,245000,49000000,0.6,Government,Large,Government,3,1,862920.0,1,Dedicated,11980002.0,6,5.6,Monthly
C00684,100,250000,25000000,8.1,Business,Large,Enterprise,2,1,1871550.0,0,,0.0,5,3.7,Annual
C00685,50,270000,13500000,7.9,Business,Small,Small Business,1,0,0.0,1,VPS,14825156.0,6,6.7,Annual
C00686,150,255000,38250000,5.1,Business,Small,Small Business,1,1,1279161.0,1,VPS,15574868.0,7,4.8,Annual
C00687,20,300000,6000000,5.6,Personal,Small,Normal,0,0,0.0,0,,0.0,0,6.2,Annual
C00688,20,345000,6900000,0.6,Personal,Small,Normal,0,0,0.0,0,,0.0,0,3.8,Monthly
C00689,100,300000,30000000,4.6,Business,Medium,Small Business,1,0,0.0,0,,0.0,2,1.6,Monthly
C00690,300,200000,60000000,9.4,Business,Medium,Small Business,1,0,0.0,0,,0.0,6,2.4,Annual
C00691,30,290000,8700000,9.6,Personal,Small,Normal,0,1,1852111.0,0,,0.0,2,3.5,Annual
C00692,150,230000,34500000,7.8,Business,Medium,Small Business,1,1,1264811.0,0,,0.0,5,8.2,Annual
C00693,10,320000,3200000,5.4,Personal,Small,Normal,0,0,0.0,0,,0.0,0,4.2,Annual
C00694,20,300000,6000000,3.9,Personal,Small,Normal,0,0,0.0,0,,0.0,2,3.8,Monthly
C00695,10,360000,3600000,8.8,Personal,Small,Normal,0,0,0.0,0,,0.0,3,6.9,Annual
C00696,20,320000,6400000,6.3,Personal,Small,Normal,0,0,0.0,0,,0.0,0,3.0,Annual
C00697,10,350000,3500000,7.4,Personal,Small,Normal,0,0,0.0,0,,0.0,2,0.0,Annual
C00698,10,350000,3500000,2.1,Personal,Small,Normal,0,0,0.0,0,,0.0,0,2.6,Monthly
C00699,300,205000,61500000,7.4,Business,Small,Small Business,1,0,0.0,0,,0.0,6,4.5,Annual
C00700,10,330000,3300000,1.2,Personal,Small,Normal,0,0,0.0,0,,0.0,0,5.7,Monthly
C00701,50,300000,15000000,9.9,Personal,Small,Normal,0,1,1847676.0,0,,0.0,3,7.4,Monthly
C00702,20,345000,6900000,7.4,Business,Medium,Small Business,1,0,0.0,0,,0.0,1,6.4,Annual
C00703,30,290000,8700000,4.6,Personal,Small,Normal,0,1,332847.0,0,,0.0,7,4.8,Monthly
C00704,150,265000,39750000,5.2,Business,Large,ISP Partner,3,1,1995575.0,1,VPS,17476964.0,10,5.7,Annual
C00705,100,255000,25500000,3.0,Business,Small,Small Business,1,0,0.0,0,,0.0,1,4.6,Monthly
C00706,20,300000,6000000,7.7,Personal,Small,Normal,0,0,0.0,0,,0.0,0,3.7,Annual
C00707,150,230000,34500000,8.5,Government,Large,Government,3,1,584357.0,0,,0.0,2,5.2,Monthly
C00708,30,305000,9150000,4.4,Personal,Small,Normal,0,0,0.0,0,,0.0,0,4.7,Monthly
C00709,30,290000,8700000,9.5,Personal,Small,Normal,0,0,0.0,0,,0.0,1,0.0,Annual
C00710,20,340000,6800000,3.9,Personal,Small,Normal,0,0,0.0,0,,0.0,0,2.2,Monthly
C00711,10,320000,3200000,0.3,Personal,Small,Normal,0,0,0.0,0,,0.0,1,4.5,Monthly
C00712,10,355000,3550000,8.8,Personal,Small,Normal,0,0,0.0,0,,0.0,0,0.0,Annual
C00713,10,345000,3450000,0.6,Personal,Small,Normal,0,0,0.0,0,,0.0,2,5.6,Monthly
C00714,10,320000,3200000,3.7,Personal,Small,Normal,0,0,0.0,0,,0.0,0,1.7,Monthly
C00715,300,225000,67500000,8.5,Government,Large,Government,3,1,1693603.0,0,,0.0,9,11.0,Monthly
C00716,30,315000,9450000,6.7,Business,Large,ISP Partner,3,1,1763188.0,1,VPS,10866274.0,11,6.5,Annual
C00717,20,300000,6000000,8.3,Personal,Small,Normal,0,0,0.0,0,,0.0,0,6.7,Annual
C00718,200,220000,44000000,2.3,Business,Large,ISP Partner,3,1,412708.0,0,,0.0,4,7.6,Monthly
C00719,10,345000,3450000,1.2,Personal,Small,Normal,0,0,0.0,0,,0.0,0,4.1,Monthly
C00720,100,250000,25000000,1.8,Business,Small,Small Business,1,1,1552184.0,0,,0.0,2,3.2,Monthly
C00721,200,225000,45000000,8.1,Government,Large,Government,3,1,339670.0,1,VPS,19394591.0,7,7.4,Annual
C00722,150,230000,34500000,5.9,Government,Large,Government,3,1,1982017.0,1,VPS,13633238.0,5,5.4,Monthly
C00723,100,250000,25000000,5.2,Business,Small,Small Business,1,1,470524.0,1,Shared,11403988.0,6,6.2,Annual
C00724,10,375000,3750000,0.5,Personal,Small,Normal,0,0,0.0,0,,0.0,3,2.9,Monthly
C00725,20,300000,6000000,8.1,Personal,Small,Normal,0,0,0.0,0,,0.0,0,2.8,Annual
C00726,50,290000,14500000,8.9,Business,Large,Enterprise,2,1,1728286.0,0,,0.0,5,10.6,Annual
C00727,200,220000,44000000,9.5,Government,Large,Government,3,1,1170423.0,1,Dedicated,4514850.0,7,12.7,Annual
C00728,150,230000,34500000,9.5,Business,Medium,Small Business,1,1,470786.0,0,,0.0,3,6.2,Annual
C00729,100,260000,26000000,0.3,Business,Large,University,2,0,0.0,0,,0.0,4,3.3,Monthly
C00730,10,320000,3200000,4.0,Personal,Small,Normal,0,0,0.0,0,,0.0,2,4.3,Monthly
C00731,50,285000,14250000,2.2,Personal,Small,Normal,0,0,0.0,0,,0.0,1,3.4,Monthly
C00732,100,250000,25000000,8.3,Business,Small,Small Business,1,1,929613.0,0,,0.0,5,6.2,Annual
C00733,10,320000,3200000,7.4,Personal,Small,Normal,0,0,0.0,0,,0.0,2,4.4,Monthly
C00734,100,250000,25000000,8.0,Business,Medium,Small Business,1,1,606956.0,1,VPS,2973877.0,8,9.2,Annual
C00735,150,260000,39000000,8.3,Business,Medium,Small Business,1,1,1598827.0,1,VPS,18402295.0,8,9.5,Annual
C00736,50,305000,15250000,7.7,Personal,Small,Normal,0,0,0.0,0,,0.0,2,4.5,Monthly
C00737,10,320000,3200000,10.0,Personal,Small,Normal,0,0,0.0,0,,0.0,0,1.0,Annual
C00738,150,245000,36750000,1.2,Business,Medium,Small Business,1,0,0.0,0,,0.0,2,0.0,Monthly
C00739,30,330000,9900000,1.1,Personal,Small,Normal,0,0,0.0,0,,0.0,1,3.4,Monthly
C00740,10,355000,3550000,5.6,Personal,Small,Normal,0,0,0.0,0,,0.0,0,0.5,Annual
C00741,300,230000,69000000,3.5,Government,Large,Government,3,0,0.0,1,VPS,6675441.0,6,5.2,Monthly
C00742,100,250000,25000000,3.0,Government,Large,Government,3,1,771654.0,0,,0.0,3,8.0,Monthly
C00743,200,220000,44000000,5.1,Business,Large,Enterprise,2,1,1602854.0,0,,0.0,6,3.9,Annual
C00744,30,350000,10500000,0.4,Personal,Small,Normal,0,0,0.0,0,,0.0,0,3.7,Monthly
C00745,10,360000,3600000,7.5,Business,Small,Small Business,1,0,0.0,0,,0.0,1,5.3,Monthly
C00746,20,345000,6900000,1.2,Business,Small,Small Business,1,1,1233544.0,0,,0.0,2,2.0,Monthly
C00747,20,355000,7100000,3.8,Personal,Small,Normal,0,0,0.0,0,,0.0,0,2.7,Monthly
C00748,300,240000,72000000,3.8,Business,Medium,Small Business,1,0,0.0,0,,0.0,3,6.6,Monthly
C00749,10,385000,3850000,1.1,Personal,Small,Normal,0,0,0.0,0,,0.0,0,3.7,Monthly
C00750,10,350000,3500000,1.4,Personal,Small,Normal,0,0,0.0,0,,0.0,1,4.7,Monthly
C00751,20,305000,6100000,6.3,Personal,Small,Normal,0,0,0.0,0,,0.0,0,1.6,Monthly
C00752,20,330000,6600000,4.4,Business,Medium,Small Business,1,0,0.0,0,,0.0,2,2.9,Monthly
C00753,30,345000,10350000,0.7,Business,Small,Small Business,1,0,0.0,1,Dedicated,7761991.0,7,8.3,Monthly
C00754,10,320000,3200000,9.4,Personal,Small,Normal,0,0,0.0,0,,0.0,1,5.2,Annual
C00755,300,220000,131261751,0.8,Government,Large,Government,3,1,1620122.0,0,,0.0,5,7.5,Monthly
C00756,10,375000,3750000,4.4,Personal,Small,Normal,0,0,0.0,0,,0.0,0,3.6,Monthly
C00757,20,300000,6000000,3.6,Personal,Small,Normal,0,0,0.0,0,,0.0,0,3.2,Monthly
C00758,20,300000,6000000,9.3,Personal,Small,Normal,0,0,0.0,0,,0.0,2,2.7,Monthly
C00759,150,235000,35250000,4.1,Government,Large,Government,3,1,1685534.0,1,Shared,13133622.0,6,6.2,Monthly
C00760,10,355000,3550000,0.8,Personal,Small,Normal,0,0,0.0,0,,0.0,0,1.8,Monthly
C00761,150,240000,36000000,2.8,Government,Large,Government,3,0,0.0,1,VPS,15484821.0,6,5.7,Monthly
C00762,20,300000,6000000,6.2,Personal,Small,Normal,0,0,0.0,0,,0.0,2,4.5,Annual
C00763,10,320000,3200000,5.6,Personal,Small,Normal,0,0,0.0,0,,0.0,0,1.2,Monthly
C00764,100,250000,25000000,8.1,Business,Small,Small Business,1,0,0.0,0,,0.0,3,6.9,Monthly
C00765,10,380000,3800000,4.3,Personal,Small,Normal,0,0,0.0,0,,0.0,0,3.2,Monthly
C00766,20,340000,6800000,3.5,Personal,Small,Normal,0,0,0.0,0,,0.0,3,7.4,Monthly
C00767,150,285000,42750000,5.1,Business,Large,Hospital,3,1,865005.0,1,Dedicated,19192413.0,7,6.7,Monthly
C00768,20,300000,6000000,8.9,Personal,Small,Normal,0,0,0.0,0,,0.0,0,3.4,Annual
C00769,30,340000,10200000,3.9,Personal,Small,Normal,0,0,0.0,0,,0.0,0,2.8,Monthly
C00770,50,295000,14750000,2.7,Business,Medium,Small Business,1,0,0.0,1,Dedicated,19182344.0,7,6.4,Monthly
C00771,10,320000,3200000,9.6,Personal,Small,Normal,0,0,0.0,0,,0.0,0,6.0,Annual
C00772,300,220000,66000000,8.6,Business,Medium,Small Business,1,0,0.0,0,,0.0,8,8.6,Annual
C00773,50,275000,13750000,3.9,Business,Medium,Small Business,1,1,1821838.0,1,VPS,5726591.0,5,6.5,Monthly
C00774,30,335000,10050000,5.7,Business,Small,Small Business,1,0,0.0,0,,0.0,4,5.5,Annual
C00775,100,270000,27000000,7.2,Business,Medium,Small Business,1,1,1406865.0,0,,0.0,3,4.2,Annual
C00776,20,345000,6900000,0.9,Personal,Small,Normal,0,0,0.0,0,,0.0,1,4.5,Monthly
C00777,10,325000,3250000,2.2,Personal,Small,Normal,0,0,0.0,0,,0.0,0,0.2,Monthly
C00778,300,200000,60000000,7.3,Business,Large,Hospital,3,1,1566800.0,1,Shared,8280881.0,9,7.9,Annual
C00779,150,275000,41250000,1.3,Government,Large,Government,3,1,502709.0,0,,0.0,4,7.0,Monthly
C00780,100,250000,25000000,4.7,Business,Large,ISP Partner,3,1,1822537.0,1,VPS,7902797.0,8,5.7,Monthly
C00781,300,210000,63000000,8.2,Government,Large,Government,3,1,315505.0,1,VPS,14916495.0,8,9.3,Monthly
C00782,20,300000,6000000,2.5,Personal,Small,Normal,0,0,0.0,0,,0.0,1,3.2,Monthly
C00783,20,300000,6000000,7.9,Personal,Small,Normal,0,0,0.0,0,,0.0,0,4.7,Annual
C00784,10,360000,3600000,6.4,Business,Medium,Small Business,1,1,1872284.0,0,,0.0,6,5.8,Annual
C00785,200,220000,44000000,7.6,Business,Large,Enterprise,2,0,0.0,0,,0.0,5,3.4,Annual
C00786,30,320000,9600000,6.9,Personal,Small,Normal,0,0,0.0,0,,0.0,0,4.3,Annual
C00787,10,360000,3600000,6.4,Personal,Small,Normal,0,0,0.0,0,,0.0,2,2.6,Annual
C00788,20,300000,6000000,3.6,Business,Small,Small Business,1,0,0.0,1,Dedicated,17496389.0,5,9.1,Monthly
C00789,20,365000,7300000,2.7,Personal,Small,Normal,0,0,0.0,0,,0.0,0,3.5,Monthly
C00790,10,320000,3200000,5.9,Personal,Small,Normal,0,0,0.0,0,,0.0,0,3.9,Annual
C00791,20,355000,7100000,2.1,Personal,Small,Normal,0,1,1674975.0,0,,0.0,2,3.9,Monthly
C00792,10,345000,3450000,2.8,Personal,Small,Normal,0,0,0.0,0,,0.0,0,4.7,Monthly
C00793,10,320000,3200000,0.4,Personal,Small,Normal,0,0,0.0,0,,0.0,0,6.5,Monthly
C00794,150,275000,41250000,0.8,Business,Small,Small Business,1,1,1542395.0,0,,0.0,5,7.3,Monthly
C00795,300,225000,67500000,0.6,Government,Large,Government,3,1,305952.0,1,VPS,15212240.0,6,9.0,Monthly
C00796,30,315000,9450000,4.9,Personal,Small,Normal,0,0,0.0,0,,0.0,1,5.8,Monthly
C00797,20,305000,6100000,7.2,Business,Large,University,2,1,789601.0,1,VPS,15707937.0,7,5.6,Annual
C00798,10,360000,3600000,6.8,Personal,Small,Normal,0,0,0.0,0,,0.0,0,7.5,Monthly
C00799,50,270000,13500000,8.5,Personal,Small,Normal,0,0,0.0,0,,0.0,0,3.1,Annual
C00800,100,250000,25000000,3.3,Business,Small,Small Business,1,0,0.0,1,Dedicated,14682614.0,7,8.8,Monthly
C00801,10,320000,3200000,8.6,Personal,Small,Normal,0,0,0.0,0,,0.0,0,3.9,Annual
C00802,100,295000,29500000,2.1,Business,Medium,Small Business,1,1,1822680.0,0,,0.0,7,12.1,Monthly
C00803,30,290000,8700000,0.2,Personal,Small,Normal,0,0,0.0,0,,0.0,1,1.2,Monthly
C00804,50,315000,15750000,0.2,Personal,Small,Normal,0,0,0.0,0,,0.0,0,2.6,Monthly
C00805,30,355000,10650000,0.5,Personal,Small,Normal,0,0,0.0,0,,0.0,0,2.9,Monthly
C00806,30,320000,9600000,1.1,Personal,Small,Normal,0,0,0.0,0,,0.0,5,4.7,Monthly
C00807,300,220000,66000000,5.3,Government,Large,Government,3,1,364382.0,1,Shared,5740261.0,8,5.8,Annual
C00808,150,270000,40500000,5.0,Business,Large,University,2,1,1545042.0,1,Dedicated,14574260.0,5,3.0,Monthly
C00809,100,295000,29500000,5.4,Business,Large,Hospital,3,0,0.0,1,VPS,17545285.0,8,5.1,Annual
C00810,150,235000,35250000,2.9,Government,Large,Government,3,1,998873.0,1,Dedicated,9917080.0,11,11.7,Monthly
C00811,50,270000,13500000,9.0,Business,Medium,Small Business,1,0,0.0,0,,0.0,5,6.0,Annual
C00812,150,260000,39000000,5.5,Business,Small,Small Business,1,1,616702.0,1,VPS,19308460.0,7,8.6,Annual
C00813,200,220000,44000000,1.8,Business,Medium,Small Business,1,1,756687.0,1,Dedicated,11393048.0,6,7.8,Monthly
C00814,30,290000,8700000,8.0,Personal,Small,Normal,0,0,0.0,0,,0.0,0,6.3,Annual
C00815,300,235000,70500000,0.5,Government,Large,Government,3,1,972575.0,1,VPS,3810618.0,9,10.5,Monthly
C00816,10,320000,3200000,6.8,Personal,Small,Normal,0,0,0.0,0,,0.0,2,0.0,Monthly
C00817,20,370000,7400000,2.4,Personal,Small,Normal,0,0,0.0,0,,0.0,5,7.1,Monthly
C00818,20,345000,6900000,1.8,Personal,Small,Normal,0,0,0.0,0,,0.0,1,0.1,Monthly
C00819,20,340000,6800000,1.2,Personal,Small,Normal,0,0,0.0,0,,0.0,0,3.0,Monthly
C00820,30,335000,10050000,2.6,Business,Small,Small Business,1,1,1320622.0,0,,0.0,2,4.1,Monthly
C00821,20,325000,6500000,9.7,Personal,Small,Normal,0,0,0.0,0,,0.0,2,3.5,Monthly
C00822,50,275000,13750000,1.1,Business,Medium,Small Business,1,1,716383.0,0,,0.0,5,3.8,Monthly
C00823,10,320000,3200000,4.8,Business,Small,Small Business,1,0,0.0,1,VPS,12453518.0,6,6.5,Monthly
C00824,300,220000,66000000,7.5,Business,Large,University,2,0,0.0,1,Shared,9576399.0,4,6.4,Annual
C00825,20,320000,6400000,0.5,Business,Small,Small Business,1,0,0.0,1,Shared,8095520.0,6,3.8,Monthly
C00826,30,350000,10500000,1.0,Personal,Small,Normal,0,0,0.0,0,,0.0,0,4.6,Monthly
C00827,50,270000,13500000,8.9,Business,Medium,Small Business,1,1,647131.0,0,,0.0,5,4.9,Annual
C00828,200,220000,44000000,6.6,Business,Small,Small Business,1,0,0.0,0,,0.0,2,2.5,Annual
C00829,200,225000,45000000,0.2,Business,Small,Small Business,1,0,0.0,0,,0.0,0,4.9,Monthly
C00830,100,255000,25500000,1.5,Business,Small,Small Business,1,0,0.0,0,,0.0,1,0.1,Monthly
C00831,100,285000,28500000,0.4,Business,Medium,Small Business,1,1,372955.0,0,,0.0,3,3.0,Monthly
C00832,200,230000,46000000,7.5,Government,Large,Government,3,1,667468.0,0,,0.0,4,2.0,Annual
C00833,150,230000,34500000,4.9,Business,Large,University,2,1,907481.0,0,,0.0,2,1.8,Monthly
C00834,10,325000,3250000,6.1,Personal,Small,Normal,0,0,0.0,0,,0.0,1,4.8,Annual
C00835,150,235000,35250000,7.8,Government,Large,Government,3,0,0.0,1,VPS,19395953.0,5,3.9,Annual
C00836,10,325000,3250000,0.9,Personal,Small,Normal,0,0,0.0,0,,0.0,1,4.8,Monthly
C00837,200,220000,44000000,5.2,Business,Medium,Small Business,1,0,0.0,0,,0.0,2,3.6,Annual
C00838,20,330000,6600000,6.3,Personal,Small,Normal,0,0,0.0,0,,0.0,0,0.7,Monthly
C00839,30,340000,10200000,1.9,Personal,Small,Normal,0,0,0.0,0,,0.0,0,4.2,Monthly
C00840,100,250000,25000000,8.0,Business,Large,Enterprise,2,1,815201.0,0,,0.0,4,6.2,Annual
C00841,50,270000,13500000,5.4,Personal,Small,Normal,0,0,0.0,0,,0.0,1,4.7,Annual
C00842,50,270000,13500000,8.9,Business,Medium,Small Business,1,0,0.0,0,,0.0,4,5.7,Annual
C00843,20,300000,6000000,9.2,Personal,Small,Normal,0,0,0.0,0,,0.0,0,0.7,Annual
C00844,200,255000,51000000,1.5,Government,Large,Government,3,1,1548629.0,1,Dedicated,15371185.0,7,9.1,Monthly
C00845,300,205000,61500000,9.9,Business,Large,Enterprise,2,1,666498.0,0,,0.0,3,4.8,Annual
C00846,50,285000,14250000,9.8,Business,Small,Small Business,1,0,0.0,0,,0.0,4,3.8,Annual
C00847,10,330000,3300000,7.0,Personal,Small,Normal,0,0,0.0,0,,0.0,0,2.1,Annual
C00848,10,340000,3400000,9.6,Personal,Small,Normal,0,0,0.0,0,,0.0,0,1.0,Annual
C00849,10,350000,3500000,6.8,Personal,Small,Normal,0,0,0.0,0,,0.0,0,4.9,Annual
C00850,20,300000,6000000,7.5,Business,Medium,Small Business,1,1,1996266.0,0,,0.0,7,5.6,Monthly
C00851,20,325000,6500000,7.6,Personal,Small,Normal,0,0,0.0,0,,0.0,0,3.3,Monthly
C00852,30,300000,9000000,7.3,Business,Small,Small Business,1,1,1314166.0,0,,0.0,6,5.6,Annual
C00853,10,320000,3200000,1.8,Personal,Small,Normal,0,0,0.0,0,,0.0,0,3.2,Monthly
C00854,20,335000,6700000,7.6,Personal,Small,Normal,0,0,0.0,0,,0.0,3,7.9,Annual
C00855,200,245000,49000000,1.2,Business,Small,Small Business,1,1,942808.0,0,,0.0,2,2.3,Monthly
C00856,50,270000,13500000,2.5,Personal,Small,Normal,0,0,0.0,0,,0.0,4,6.2,Monthly
C00857,10,325000,3250000,9.7,Personal,Small,Normal,0,0,0.0,0,,0.0,2,4.6,Annual
C00858,50,285000,14250000,8.1,Business,Medium,Small Business,1,0,0.0,0,,0.0,3,3.4,Annual
C00859,200,245000,49000000,7.5,Business,Small,Small Business,1,1,1479757.0,0,,0.0,2,5.5,Monthly
C00860,100,255000,25500000,6.2,Business,Large,ISP Partner,3,1,693278.0,1,Shared,7739462.0,7,11.1,Annual
C00861,50,310000,15500000,2.3,Business,Small,Small Business,1,1,510691.0,0,,0.0,2,3.6,Monthly
C00862,300,200000,60000000,2.7,Government,Large,Government,3,1,1604374.0,1,VPS,14982031.0,9,7.9,Monthly
C00863,10,325000,3250000,2.1,Business,Small,Small Business,1,1,1696872.0,0,,0.0,5,6.5,Monthly
C00864,100,250000,25000000,4.2,Business,Small,Small Business,1,0,0.0,1,VPS,14067977.0,4,5.8,Monthly
C00865,10,325000,3250000,3.8,Personal,Small,Normal,0,0,0.0,0,,0.0,0,1.6,Monthly
C00866,200,265000,53000000,1.6,Business,Medium,Small Business,1,1,1344059.0,0,,0.0,5,5.5,Monthly
C00867,150,245000,36750000,7.2,Business,Small,Small Business,1,0,0.0,0,,0.0,2,7.4,Monthly
C00868,100,280000,28000000,2.7,Business,Small,Small Business,1,0,0.0,0,,0.0,3,4.1,Monthly
C00869,200,230000,46000000,7.6,Business,Large,Enterprise,2,1,1447106.0,0,,0.0,4,4.8,Annual
C00870,10,340000,3400000,8.5,Personal,Small,Normal,0,0,0.0,0,,0.0,7,10.1,Monthly
C00871,20,350000,7000000,0.9,Personal,Small,Normal,0,0,0.0,0,,0.0,1,3.7,Monthly
C00872,100,250000,25000000,8.5,Business,Large,Hospital,3,1,1160329.0,1,Shared,8250511.0,6,6.0,Annual
C00873,200,220000,44000000,5.6,Business,Large,University,2,0,0.0,1,Dedicated,10268628.0,4,4.0,Annual
C00874,150,230000,34500000,0.7,Business,Small,Small Business,1,0,0.0,0,,0.0,5,5.3,Monthly
C00875,200,220000,44000000,9.7,Business,Medium,Small Business,1,1,515436.0,1,VPS,5451912.0,8,9.6,Annual
C00876,150,230000,34500000,6.5,Business,Large,ISP Partner,3,1,466482.0,1,VPS,18711585.0,5,1.2,Annual
C00877,200,220000,44000000,9.0,Business,Medium,Small Business,1,1,1834591.0,0,,0.0,7,5.5,Annual
C00878,200,225000,45000000,0.6,Government,Large,Government,3,0,0.0,0,,0.0,3,7.2,Monthly
C00879,100,250000,25000000,4.8,Business,Small,Small Business,1,0,0.0,0,,0.0,3,0.0,Monthly
C00880,30,320000,9600000,6.8,Personal,Small,Normal,0,0,0.0,0,,0.0,0,2.6,Annual
C00881,10,350000,3500000,9.5,Personal,Small,Normal,0,0,0.0,0,,0.0,2,5.6,Annual
C00882,100,250000,25000000,8.7,Business,Small,Small Business,1,1,1598246.0,0,,0.0,6,7.3,Annual
C00883,50,270000,13500000,2.9,Business,Small,Small Business,1,0,0.0,0,,0.0,2,7.5,Monthly
C00884,20,305000,6100000,1.2,Personal,Small,Normal,0,0,0.0,0,,0.0,0,4.8,Monthly
C00885,150,245000,36750000,4.5,Business,Small,Small Business,1,0,0.0,0,,0.0,3,6.1,Monthly
C00886,10,365000,3650000,5.6,Personal,Small,Normal,0,0,0.0,0,,0.0,4,3.7,Monthly
C00887,100,285000,28500000,0.3,Business,Large,ISP Partner,3,1,579369.0,1,VPS,17811637.0,7,6.7,Monthly
C00888,10,375000,3750000,5.0,Business,Large,ISP Partner,3,1,387052.0,1,VPS,12401306.0,7,5.2,Monthly
C00889,10,345000,3450000,1.1,Personal,Small,Normal,0,0,0.0,0,,0.0,2,4.4,Monthly
C00890,200,240000,48000000,2.2,Business,Large,Enterprise,2,0,0.0,0,,0.0,6,9.4,Monthly
C00891,20,305000,6100000,7.2,Personal,Small,Normal,0,0,0.0,0,,0.0,0,3.6,Annual
C00892,300,200000,60000000,7.8,Government,Large,Government,3,1,1911039.0,1,Shared,13271909.0,9,7.9,Annual
C00893,20,325000,6500000,1.9,Personal,Small,Normal,0,0,0.0,0,,0.0,1,4.9,Monthly
C00894,20,300000,6000000,10.0,Business,Medium,Small Business,1,0,0.0,1,Dedicated,17687643.0,5,6.0,Annual
C00895,10,330000,3300000,2.8,Personal,Small,Normal,0,0,0.0,0,,0.0,1,2.9,Monthly
C00896,300,200000,60000000,6.1,Business,Large,Enterprise,2,0,0.0,0,,0.0,2,2.7,Monthly
C00897,30,300000,9000000,2.3,Personal,Small,Normal,0,0,0.0,0,,0.0,4,3.9,Monthly
C00898,150,240000,36000000,8.1,Government,Large,Government,3,0,0.0,1,Shared,5636527.0,5,5.9,Annual
C00899,30,290000,8700000,10.0,Personal,Small,Normal,0,1,522409.0,0,,0.0,4,6.6,Annual
C00900,20,300000,6000000,0.9,Business,Small,Small Business,1,1,314625.0,0,,0.0,4,4.1,Monthly
C00901,150,265000,39750000,0.5,Business,Small,Small Business,1,0,0.0,0,,0.0,0,3.3,Monthly
C00902,30,325000,9750000,8.3,Personal,Small,Normal,0,0,0.0,0,,0.0,0,4.8,Annual
C00903,100,250000,25000000,3.6,Government,Large,Government,3,1,1702876.0,0,,0.0,7,4.5,Monthly
C00904,10,355000,3550000,2.2,Business,Medium,Small Business,1,0,0.0,0,,0.0,3,2.2,Monthly
C00905,50,275000,13750000,3.9,Business,Large,Hospital,3,1,1500087.0,1,VPS,3678016.0,9,7.7,Monthly
C00906,200,255000,51000000,6.0,Business,Large,Enterprise,2,0,0.0,0,,0.0,4,7.1,Monthly
C00907,50,280000,14000000,3.1,Business,Small,Small Business,1,1,792101.0,0,,0.0,3,4.5,Monthly
C00908,20,335000,6700000,2.1,Personal,Small,Normal,0,0,0.0,0,,0.0,0,4.5,Monthly
C00909,10,360000,3600000,5.8,Personal,Small,Normal,0,0,0.0,0,,0.0,3,3.2,Annual
C00910,30,290000,8700000,8.0,Business,Large,Enterprise,2,1,935989.0,0,,0.0,3,3.6,Annual
C00911,20,315000,6300000,6.8,Personal,Small,Normal,0,1,1607909.0,0,,0.0,2,1.3,Annual
C00912,50,320000,16000000,2.2,Personal,Small,Normal,0,0,0.0,0,,0.0,0,2.0,Monthly
C00913,30,310000,9300000,8.0,Personal,Small,Normal,0,0,0.0,0,,0.0,0,5.6,Annual
C00914,20,325000,6500000,9.4,Personal,Small,Normal,0,0,0.0,0,,0.0,0,4.3,Annual
C00915,300,200000,60000000,7.3,Business,Medium,Small Business,1,1,626420.0,1,Shared,13907276.0,5,2.7,Annual
C00916,20,330000,6600000,7.8,Personal,Small,Normal,0,0,0.0,0,,0.0,0,2.8,Monthly
C00917,10,320000,3200000,2.0,Personal,Small,Normal,0,0,0.0,0,,0.0,0,0.0,Monthly
C00918,10,370000,3700000,2.2,Personal,Small,Normal,0,0,0.0,0,,0.0,3,1.0,Monthly
C00919,200,225000,45000000,6.6,Business,Small,Small Business,1,1,1608561.0,1,VPS,11795355.0,9,8.6,Annual
C00920,20,340000,6800000,8.4,Personal,Small,Normal,0,0,0.0,0,,0.0,0,3.3,Annual
C00921,100,250000,25000000,5.7,Business,Medium,Small Business,1,0,0.0,0,,0.0,0,5.8,Annual
C00922,100,260000,26000000,2.4,Business,Large,ISP Partner,3,0,0.0,1,Dedicated,13489078.0,7,10.2,Monthly
C00923,10,345000,3450000,5.5,Personal,Small,Normal,0,1,1048348.0,0,,0.0,4,5.8,Annual
C00924,100,290000,29000000,2.3,Business,Large,Enterprise,2,1,1577460.0,0,,0.0,2,4.5,Monthly
C00925,300,245000,73500000,2.6,Business,Medium,Small Business,1,0,0.0,0,,0.0,1,3.5,Monthly
C00926,20,300000,6000000,9.0,Personal,Small,Normal,0,0,0.0,0,,0.0,0,0.9,Annual
C00927,20,360000,7200000,1.4,Personal,Small,Normal,0,0,0.0,1,VPS,19513231.0,5,7.3,Monthly
C00928,300,200000,60000000,9.5,Government,Large,Government,3,1,1321279.0,0,,0.0,3,3.8,Annual
C00929,20,350000,7000000,6.0,Personal,Small,Normal,0,0,0.0,0,,0.0,0,3.7,Annual
C00930,100,250000,25000000,7.5,Business,Small,Small Business,1,1,461131.0,0,,0.0,2,4.8,Annual
C00931,20,300000,6000000,8.0,Personal,Small,Normal,0,0,0.0,0,,0.0,0,5.9,Monthly
C00932,30,290000,8700000,9.1,Personal,Small,Normal,0,0,0.0,0,,0.0,1,1.8,Annual
C00933,100,250000,25000000,4.8,Business,Large,Hospital,3,1,1734343.0,1,VPS,2219880.0,7,8.7,Monthly
C00934,30,290000,8700000,7.8,Personal,Small,Normal,0,0,0.0,0,,0.0,0,3.7,Annual
C00935,10,350000,3500000,3.6,Personal,Small,Normal,0,0,0.0,0,,0.0,0,1.7,Monthly
C00936,10,340000,3400000,8.8,Personal,Small,Normal,0,0,0.0,0,,0.0,3,4.6,Monthly
C00937,30,310000,9300000,5.6,Personal,Small,Normal,0,0,0.0,0,,0.0,0,2.8,Annual
C00938,10,360000,3600000,6.8,Personal,Small,Normal,0,0,0.0,0,,0.0,2,4.4,Annual
C00939,30,290000,8700000,3.6,Personal,Small,Normal,0,0,0.0,0,,0.0,2,3.3,Monthly
C00940,20,305000,6100000,2.3,Business,Small,Small Business,1,0,0.0,1,VPS,6893311.0,4,5.1,Monthly
C00941,50,305000,15250000,6.5,Business,Large,Hospital,3,1,864607.0,0,,0.0,4,1.0,Annual
C00942,300,200000,60000000,6.0,Government,Large,Government,3,1,1357304.0,0,,0.0,2,7.1,Monthly
C00943,300,215000,64500000,5.0,Government,Large,Government,3,1,360899.0,1,VPS,11852653.0,9,8.0,Monthly
C00944,150,285000,42750000,0.2,Government,Large,Government,3,1,914425.0,1,Shared,19404395.0,9,7.5,Monthly
C00945,10,320000,3200000,4.0,Personal,Small,Normal,0,0,0.0,0,,0.0,0,2.5,Monthly
C00946,10,360000,3600000,5.5,Personal,Small,Normal,0,0,0.0,0,,0.0,1,1.8,Monthly
C00947,20,315000,6300000,1.9,Personal,Small,Normal,0,0,0.0,0,,0.0,1,1.3,Monthly
C00948,200,230000,46000000,7.1,Business,Small,Small Business,1,0,0.0,0,,0.0,6,5.2,Annual
C00949,30,330000,9900000,1.1,Personal,Small,Normal,0,0,0.0,0,,0.0,0,2.7,Monthly
C00950,10,365000,3650000,0.9,Personal,Small,Normal,0,0,0.0,0,,0.0,0,6.0,Monthly
C00951,50,275000,13750000,2.1,Personal,Small,Normal,0,0,0.0,0,,0.0,0,4.9,Monthly
C00952,150,245000,36750000,9.4,Business,Small,Small Business,1,0,0.0,0,,0.0,2,4.6,Annual
C00953,10,335000,3350000,9.3,Personal,Small,Normal,0,0,0.0,0,,0.0,2,1.9,Monthly
C00954,30,290000,8700000,7.1,Personal,Small,Normal,0,0,0.0,0,,0.0,1,6.3,Monthly
C00955,20,365000,7300000,3.3,Personal,Small,Normal,0,0,0.0,0,,0.0,0,3.0,Monthly
C00956,10,340000,3400000,6.0,Personal,Small,Normal,0,0,0.0,0,,0.0,1,2.1,Annual
C00957,10,325000,3250000,1.7,Personal,Small,Normal,0,1,1935578.0,0,,0.0,2,3.6,Monthly
C00958,100,250000,25000000,8.8,Government,Large,Government,3,1,1921546.0,1,Dedicated,10824021.0,5,10.0,Annual
C00959,10,320000,3200000,5.2,Personal,Small,Normal,0,0,0.0,0,,0.0,0,1.4,Annual
C00960,100,290000,29000000,2.2,Business,Medium,Small Business,1,1,781936.0,0,,0.0,6,6.4,Monthly
C00961,10,345000,3450000,3.9,Personal,Small,Normal,0,0,0.0,0,,0.0,0,2.4,Monthly
C00962,300,200000,60000000,7.6,Government,Large,Government,3,0,0.0,1,Shared,11089019.0,7,4.5,Annual
C00963,10,320000,3200000,8.4,Personal,Small,Normal,0,0,0.0,0,,0.0,4,4.2,Annual
C00964,20,310000,6200000,1.6,Personal,Small,Normal,0,0,0.0,0,,0.0,1,3.4,Monthly
C00965,300,205000,61500000,7.9,Government,Large,Government,3,0,0.0,1,VPS,15119004.0,3,3.5,Annual
C00966,20,320000,6400000,9.8,Personal,Small,Normal,0,1,1589556.0,0,,0.0,4,5.6,Annual
C00967,10,320000,3200000,7.1,Personal,Small,Normal,0,0,0.0,0,,0.0,3,6.6,Annual
C00968,30,330000,9900000,6.1,Personal,Small,Normal,0,0,0.0,0,,0.0,0,0.0,Monthly
C00969,10,385000,3850000,3.3,Personal,Small,Normal,0,0,0.0,0,,0.0,0,5.0,Monthly
C00970,10,350000,3500000,5.3,Personal,Small,Normal,0,0,0.0,0,,0.0,0,1.8,Annual
C00971,100,250000,25000000,2.3,Business,Large,ISP Partner,3,1,1962996.0,0,,0.0,2,3.2,Monthly
C00972,10,375000,3750000,4.0,Personal,Small,Normal,0,0,0.0,0,,0.0,5,4.7,Monthly
C00973,20,310000,6200000,1.9,Personal,Small,Normal,0,0,0.0,0,,0.0,0,4.0,Monthly
C00974,20,315000,6300000,3.5,Personal,Small,Normal,0,0,0.0,0,,0.0,0,5.2,Monthly
C00975,30,330000,9900000,1.4,Personal,Small,Normal,0,0,0.0,0,,0.0,0,2.3,Monthly
C00976,200,240000,48000000,5.0,Government,Large,Government,3,0,0.0,1,Dedicated,15365412.0,6,7.7,Monthly
C00977,300,235000,70500000,5.0,Business,Large,ISP Partner,3,1,1040794.0,1,VPS,13136093.0,7,10.0,Monthly
C00978,100,250000,25000000,9.6,Business,Small,Small Business,1,0,0.0,1,VPS,5829385.0,4,4.9,Monthly
C00979,150,230000,34500000,1.9,Business,Large,Enterprise,2,1,985541.0,0,,0.0,2,2.3,Monthly
C00980,10,320000,3200000,5.1,Personal,Small,Normal,0,0,0.0,0,,0.0,0,2.4,Annual
C00981,30,310000,9300000,7.5,Personal,Small,Normal,0,0,0.0,0,,0.0,2,2.4,Monthly
C00982,50,290000,14500000,6.5,Business,Medium,Small Business,1,0,0.0,0,,0.0,5,6.1,Annual
C00983,150,250000,37500000,8.0,Business,Medium,Small Business,1,0,0.0,0,,0.0,4,6.4,Annual
C00984,200,250000,50000000,4.2,Business,Large,Enterprise,2,0,0.0,0,,0.0,2,3.4,Monthly
C00985,100,290000,29000000,2.8,Business,Small,Small Business,1,0,0.0,0,,0.0,3,5.0,Monthly
C00986,10,325000,3250000,7.0,Personal,Small,Normal,0,1,1294541.0,0,,0.0,4,4.4,Annual
C00987,30,335000,10050000,0.3,Business,Small,Small Business,1,1,1268428.0,0,,0.0,5,7.5,Monthly
C00988,30,305000,9150000,6.3,Personal,Small,Normal,0,0,0.0,0,,0.0,0,3.1,Monthly
C00989,300,200000,60000000,5.6,Business,Small,Small Business,1,0,0.0,0,,0.0,4,6.0,Monthly
C00990,10,345000,3450000,1.4,Personal,Small,Normal,0,0,0.0,0,,0.0,0,6.0,Monthly
C00991,20,320000,6400000,6.7,Personal,Small,Normal,0,0,0.0,0,,0.0,1,1.1,Annual
C00992,50,270000,13500000,9.1,Personal,Small,Normal,0,0,0.0,0,,0.0,3,4.5,Monthly
C00993,10,340000,3400000,1.5,Personal,Small,Normal,0,0,0.0,0,,0.0,1,2.0,Monthly
C00994,10,320000,3200000,5.5,Personal,Small,Normal,0,0,0.0,0,,0.0,3,5.5,Annual
C00995,50,290000,14500000,5.7,Personal,Small,Normal,0,0,0.0,0,,0.0,4,4.7,Annual
C00996,30,290000,8700000,5.0,Personal,Small,Normal,0,0,0.0,0,,0.0,0,0.0,Monthly
C00997,20,305000,6100000,9.7,Personal,Small,Normal,0,0,0.0,0,,0.0,1,5.3,Annual
C00998,20,360000,7200000,2.6,Personal,Small,Normal,0,0,0.0,0,,0.0,0,5.2,Monthly
C00999,100,250000,25000000,5.4,Business,Large,Enterprise,2,0,0.0,0,,0.0,6,4.7,Annual
C01000,200,225000,45000000,3.4,Business,Medium,Small Business,1,0,0.0,0,,0.0,2,4.0,Monthly
C01001,100,260000,26000000,2.7,Business,Medium,Small Business,1,0,0.0,0,,0.0,2,3.5,Monthly
C01002,20,305000,6100000,2.9,Personal,Small,Normal,0,0,0.0,0,,0.0,0,4.0,Monthly
C01003,50,270000,13500000,7.9,Personal,Small,Normal,0,0,0.0,0,,0.0,0,3.7,Annual
C01004,20,340000,6800000,8.5,Business,Small,Small Business,1,1,1853857.0,0,,0.0,7,7.5,Monthly
C01005,100,250000,25000000,9.6,Business,Small,Small Business,1,0,0.0,0,,0.0,4,4.1,Annual
C01006,300,240000,72000000,2.2,Business,Small,Small Business,1,1,655791.0,0,,0.0,5,1.8,Monthly
C01007,20,340000,6800000,4.7,Personal,Small,Normal,0,0,0.0,0,,0.0,2,8.7,Monthly
C01008,10,320000,3200000,7.6,Personal,Small,Normal,0,0,0.0,0,,0.0,0,3.6,Annual
C01009,10,330000,3300000,8.7,Personal,Small,Normal,0,0,0.0,0,,0.0,0,3.2,Annual
C01010,30,290000,8700000,6.0,Personal,Small,Normal,0,0,0.0,0,,0.0,3,4.7,Annual
C01011,30,335000,10050000,2.6,Personal,Small,Normal,0,0,0.0,0,,0.0,0,1.7,Monthly
C01012,30,325000,9750000,3.8,Business,Large,ISP Partner,3,0,0.0,1,Dedicated,17465073.0,3,7.4,Monthly
C01013,50,275000,13750000,7.0,Business,Medium,Small Business,1,1,1343347.0,1,VPS,11571276.0,8,7.1,Annual
C01014,150,245000,36750000,8.2,Business,Small,Small Business,1,0,0.0,1,VPS,2055044.0,3,4.4,Annual
C01015,200,240000,48000000,2.2,Business,Small,Small Business,1,0,0.0,1,VPS,8073474.0,4,7.8,Monthly
C01016,20,300000,6000000,7.6,Personal,Small,Normal,0,0,0.0,0,,0.0,0,1.6,Monthly
C01017,10,320000,3200000,9.7,Personal,Small,Normal,0,0,0.0,0,,0.0,1,3.5,Annual
C01018,50,275000,13750000,4.1,Personal,Small,Normal,0,0,0.0,0,,0.0,0,4.7,Monthly
C01019,100,265000,26500000,2.0,Business,Large,Hospital,3,1,1829488.0,0,,0.0,5,4.6,Monthly
C01020,10,325000,3250000,1.3,Personal,Small,Normal,0,0,0.0,0,,0.0,3,1.2,Monthly
C01021,30,295000,8850000,4.2,Personal,Small,Normal,0,0,0.0,0,,0.0,0,2.7,Monthly
C01022,300,200000,60000000,4.4,Business,Large,University,2,0,0.0,0,,0.0,3,4.2,Monthly
C01023,20,300000,6000000,8.8,Personal,Small,Normal,0,0,0.0,0,,0.0,0,3.7,Annual
C01024,10,340000,3400000,3.9,Personal,Small,Normal,0,1,681628.0,0,,0.0,5,6.5,Monthly
C01025,20,325000,6500000,6.3,Personal,Small,Normal,0,0,0.0,0,,0.0,0,3.1,Annual
C01026,10,350000,3500000,0.6,Personal,Small,Normal,0,0,0.0,0,,0.0,2,1.4,Monthly
C01027,50,270000,13500000,0.8,Personal,Small,Normal,0,0,0.0,0,,0.0,0,2.8,Monthly
C01028,300,235000,70500000,2.3,Business,Large,University,2,1,1754817.0,0,,0.0,2,5.4,Monthly
C01029,200,260000,52000000,2.2,Business,Large,University,2,1,1435391.0,1,Dedicated,2126451.0,10,5.2,Monthly
C01030,150,285000,42750000,1.2,Business,Large,Hospital,3,1,868078.0,1,Shared,3940301.0,5,4.2,Monthly
C01031,20,300000,6000000,6.9,Personal,Small,Normal,0,0,0.0,0,,0.0,0,1.3,Annual
C01032,10,360000,3600000,5.7,Personal,Small,Normal,0,0,0.0,0,,0.0,1,3.3,Annual
C01033,30,295000,8850000,4.2,Personal,Small,Normal,0,0,0.0,0,,0.0,0,4.9,Monthly
C01034,10,320000,8505377,4.8,Personal,Small,Normal,0,0,0.0,0,,0.0,2,6.2,Monthly
C01035,100,250000,25000000,2.8,Business,Large,ISP Partner,3,1,1599373.0,1,VPS,9205444.0,7,8.4,Monthly
C01036,100,265000,26500000,5.2,Business,Medium,Small Business,1,1,461493.0,0,,0.0,5,8.0,Annual
C01037,10,355000,3550000,8.5,Personal,Small,Normal,0,0,0.0,0,,0.0,1,5.3,Annual
C01038,30,305000,9150000,8.9,Personal,Small,Normal,0,0,0.0,0,,0.0,0,6.1,Annual
C01039,200,220000,44000000,7.7,Business,Large,Hospital,3,1,1917321.0,1,Dedicated,14763442.0,7,8.5,Annual
C01040,30,300000,9000000,2.4,Business,Small,Small Business,1,0,0.0,0,,0.0,1,0.7,Monthly
C01041,50,275000,13750000,5.7,Personal,Small,Normal,0,0,0.0,0,,0.0,0,0.0,Annual
C01042,10,320000,3200000,3.7,Personal,Small,Normal,0,0,0.0,0,,0.0,2,1.3,Monthly
C01043,30,335000,10050000,6.7,Personal,Small,Normal,0,0,0.0,0,,0.0,0,4.3,Monthly
C01044,30,335000,10050000,0.8,Personal,Small,Normal,0,0,0.0,0,,0.0,1,2.8,Monthly
C01045,50,315000,15750000,1.2,Personal,Small,Normal,0,0,0.0,0,,0.0,0,2.8,Monthly
C01046,10,340000,3400000,6.9,Personal,Small,Normal,0,0,0.0,0,,0.0,0,2.0,Annual
C01047,50,300000,15000000,7.0,Business,Large,University,2,1,1100694.0,0,,0.0,2,6.4,Annual
C01048,20,315000,6300000,6.0,Personal,Small,Normal,0,0,0.0,0,,0.0,2,5.1,Annual
C01049,10,350000,3500000,5.3,Personal,Small,Normal,0,0,0.0,0,,0.0,1,3.9,Annual
C01050,150,265000,39750000,1.6,Business,Medium,Small Business,1,1,1747921.0,0,,0.0,4,5.2,Monthly
C01051,30,290000,8700000,8.7,Business,Large,Enterprise,2,1,1262059.0,0,,0.0,7,5.1,Annual
C01052,100,265000,26500000,7.3,Business,Large,ISP Partner,3,1,1015552.0,1,VPS,11818610.0,6,7.3,Annual
C01053,30,290000,8700000,5.1,Personal,Small,Normal,0,0,0.0,0,,0.0,1,2.2,Annual
C01054,10,320000,3200000,9.5,Personal,Small,Normal,0,0,0.0,0,,0.0,1,3.5,Annual
C01055,20,305000,6100000,7.7,Personal,Small,Normal,0,0,0.0,0,,0.0,0,6.6,Annual
C01056,10,320000,3200000,4.9,Personal,Small,Normal,0,0,0.0,0,,0.0,0,0.4,Monthly
C01057,30,310000,9300000,2.3,Personal,Small,Normal,0,0,0.0,0,,0.0,1,4.8,Monthly
C01058,20,330000,6600000,8.5,Personal,Small,Normal,0,0,0.0,0,,0.0,0,5.3,Annual
C01059,150,235000,35250000,6.8,Government,Large,Government,3,1,618038.0,1,Dedicated,15989525.0,5,6.0,Annual
C01060,10,385000,3850000,0.3,Personal,Small,Normal,0,0,0.0,0,,0.0,0,6.4,Monthly
C01061,100,255000,25500000,6.6,Business,Medium,Small Business,1,1,1801965.0,0,,0.0,5,4.4,Annual
C01062,20,300000,6000000,7.0,Personal,Small,Normal,0,0,0.0,0,,0.0,0,4.1,Monthly
C01063,10,320000,3200000,2.4,Personal,Small,Normal,0,1,590281.0,0,,0.0,2,7.2,Monthly
C01064,10,320000,3200000,1.4,Business,Large,Enterprise,2,0,0.0,0,,0.0,1,6.3,Monthly
C01065,10,320000,3200000,10.0,Personal,Small,Normal,0,0,0.0,0,,0.0,1,1.3,Annual
C01066,100,260000,26000000,6.3,Business,Medium,Small Business,1,0,0.0,1,VPS,12906889.0,6,3.6,Annual
C01067,100,280000,28000000,5.5,Business,Medium,Small Business,1,0,0.0,1,Shared,17475398.0,7,7.6,Annual
C01068,150,230000,34500000,9.3,Business,Medium,Small Business,1,1,338412.0,0,,0.0,7,2.0,Annual
C01069,10,385000,3850000,1.5,Personal,Small,Normal,0,0,0.0,0,,0.0,0,4.8,Monthly
C01070,300,200000,60000000,8.8,Government,Large,Government,3,1,1463357.0,0,,0.0,3,3.7,Monthly
C01071,300,220000,66000000,7.0,Business,Small,Small Business,1,0,0.0,0,,0.0,0,1.4,Annual
C01072,300,200000,60000000,1.8,Business,Small,Small Business,1,0,0.0,0,,0.0,5,6.8,Monthly
C01073,10,320000,3200000,8.2,Personal,Small,Normal,0,0,0.0,0,,0.0,1,4.1,Annual
C01074,200,245000,49000000,7.0,Business,Large,Enterprise,2,1,1564405.0,0,,0.0,5,6.8,Annual
C01075,10,390000,3900000,0.7,Personal,Small,Normal,0,0,0.0,0,,0.0,0,0.0,Monthly
C01076,30,290000,8700000,4.8,Personal,Small,Normal,0,0,0.0,0,,0.0,0,2.1,Monthly
C01077,10,320000,3200000,7.6,Business,Large,Hospital,3,1,414703.0,1,Shared,10749566.0,8,5.3,Annual
C01078,10,350000,3500000,9.3,Personal,Small,Normal,0,0,0.0,0,,0.0,1,5.1,Monthly
C01079,100,270000,27000000,9.7,Government,Large,Government,3,1,1769005.0,1,VPS,18105199.0,8,10.5,Annual
C01080,300,210000,63000000,5.7,Government,Large,Government,3,1,1445933.0,1,VPS,13921852.0,8,8.4,Annual
C01081,200,225000,45000000,6.2,Business,Medium,Small Business,1,1,1475585.0,0,,0.0,5,7.5,Annual
C01082,300,215000,64500000,8.7,Government,Large,Government,3,1,1959070.0,1,Dedicated,8400357.0,7,6.3,Annual
C01083,300,200000,60000000,3.0,Business,Large,University,2,1,1877142.0,1,VPS,5635831.0,9,8.3,Monthly
C01084,20,340000,6800000,0.5,Personal,Small,Normal,0,0,0.0,0,,0.0,0,6.1,Monthly
C01085,150,235000,79895626,9.9,Government,Large,Government,3,1,1490213.0,1,VPS,11456731.0,5,7.9,Annual
C01086,150,265000,39750000,7.1,Business,Large,Hospital,3,1,1782116.0,1,Dedicated,17618584.0,6,6.1,Annual
C01087,20,340000,6800000,5.3,Personal,Small,Normal,0,0,0.0,0,,0.0,3,4.9,Annual
C01088,20,345000,6900000,2.4,Personal,Small,Normal,0,0,0.0,0,,0.0,0,1.0,Monthly
C01089,30,295000,8850000,7.0,Business,Small,Small Business,1,0,0.0,1,VPS,8015583.0,7,8.3,Annual
C01090,150,275000,41250000,5.9,Business,Small,Small Business,1,1,1869001.0,0,,0.0,2,2.3,Annual
C01091,10,390000,3900000,1.0,Personal,Small,Normal,0,1,1666243.0,0,,0.0,2,2.0,Monthly
C01092,100,250000,25000000,7.2,Business,Large,Enterprise,2,0,0.0,0,,0.0,5,4.2,Monthly
C01093,20,300000,6000000,2.7,Personal,Small,Normal,0,0,0.0,0,,0.0,0,3.7,Monthly
C01094,100,250000,25000000,8.8,Business,Large,University,2,0,0.0,0,,0.0,4,4.5,Annual
C01095,100,250000,25000000,7.6,Business,Large,ISP Partner,3,1,1092403.0,1,Shared,16022434.0,8,4.7,Monthly
C01096,30,310000,9300000,3.4,Personal,Small,Normal,0,0,0.0,0,,0.0,2,4.6,Monthly
C01097,10,370000,3700000,7.3,Personal,Small,Normal,0,0,0.0,0,,0.0,3,2.8,Annual
C01098,50,295000,14750000,8.1,Business,Medium,Small Business,1,1,1057036.0,1,Dedicated,13198076.0,8,9.5,Annual
C01099,100,250000,25000000,6.6,Business,Large,University,2,0,0.0,1,Shared,15811088.0,4,4.1,Annual
C01100,300,255000,76500000,1.1,Business,Small,Small Business,1,1,962361.0,0,,0.0,2,5.6,Monthly
C01101,20,320000,6400000,0.4,Personal,Small,Normal,0,0,0.0,0,,0.0,0,4.6,Monthly
C01102,10,335000,3350000,7.2,Personal,Small,Normal,0,0,0.0,0,,0.0,0,0.0,Annual
C01103,10,320000,3200000,9.9,Personal,Small,Normal,0,0,0.0,0,,0.0,0,1.5,Annual
C01104,100,265000,26500000,5.8,Government,Large,Government,3,1,655639.0,1,VPS,12060570.0,8,6.6,Annual
C01105,50,270000,13500000,7.5,Business,Large,Enterprise,2,1,368514.0,0,,0.0,4,3.9,Annual
C01106,20,355000,7100000,5.2,Personal,Small,Normal,0,0,0.0,0,,0.0,0,2.7,Annual
C01107,10,365000,3650000,4.8,Personal,Small,Normal,0,0,0.0,0,,0.0,3,6.1,Monthly
C01108,20,335000,6700000,3.1,Personal,Small,Normal,0,0,0.0,0,,0.0,4,4.6,Monthly
C01109,30,290000,8700000,5.6,Business,Large,Enterprise,2,0,0.0,0,,0.0,2,3.6,Monthly
C01110,50,270000,13500000,9.2,Personal,Small,Normal,0,0,0.0,0,,0.0,0,0.0,Monthly
C01111,200,220000,44000000,6.2,Business,Large,Enterprise,2,1,1694327.0,1,Shared,16091985.0,7,10.1,Annual
C01112,30,330000,9900000,4.4,Personal,Small,Normal,0,0,0.0,0,,0.0,4,6.5,Monthly
C01113,50,300000,15000000,7.1,Personal,Small,Normal,0,0,0.0,0,,0.0,0,0.0,Annual
C01114,10,340000,3400000,2.9,Personal,Small,Normal,0,0,0.0,0,,0.0,1,6.0,Monthly
C01115,10,360000,3600000,0.8,Personal,Small,Normal,0,0,0.0,0,,0.0,0,5.7,Monthly
C01116,30,330000,9900000,3.7,Personal,Small,Normal,0,0,0.0,0,,0.0,0,1.2,Monthly
C01117,150,275000,41250000,2.1,Business,Medium,Small Business,1,1,828284.0,0,,0.0,5,3.3,Monthly
C01118,50,295000,14750000,6.6,Personal,Small,Normal,0,0,0.0,0,,0.0,0,0.6,Monthly
C01119,10,335000,3350000,4.2,Personal,Small,Normal,0,0,0.0,0,,0.0,2,0.1,Monthly
C01120,50,300000,15000000,0.4,Personal,Small,Normal,0,0,0.0,0,,0.0,1,5.4,Monthly
C01121,10,320000,3200000,9.2,Personal,Small,Normal,0,1,1131790.0,0,,0.0,2,3.9,Monthly
C01122,150,235000,35250000,2.1,Business,Large,Enterprise,2,1,971029.0,0,,0.0,5,5.9,Monthly
C01123,10,330000,3300000,10.0,Personal,Small,Normal,0,0,0.0,0,,0.0,0,4.7,Annual
C01124,50,285000,14250000,1.0,Personal,Small,Normal,0,0,0.0,0,,0.0,5,6.5,Monthly
C01125,10,350000,3500000,6.3,Personal,Small,Normal,0,0,0.0,0,,0.0,3,7.0,Annual
C01126,30,310000,9300000,3.4,Personal,Small,Normal,0,0,0.0,0,,0.0,4,5.5,Monthly
C01127,50,270000,13500000,0.3,Personal,Small,Normal,0,0,0.0,0,,0.0,3,4.3,Monthly
C01128,20,330000,6600000,2.2,Personal,Small,Normal,0,0,0.0,0,,0.0,2,8.2,Monthly
C01129,100,250000,25000000,8.8,Business,Small,Small Business,1,0,0.0,0,,0.0,2,5.6,Annual
C01130,150,265000,39750000,6.5,Business,Large,University,2,0,0.0,1,Shared,10054194.0,6,7.5,Annual
C01131,100,265000,26500000,9.3,Business,Medium,Small Business,1,1,760729.0,0,,0.0,5,5.1,Annual
C01132,50,270000,13500000,7.3,Personal,Small,Normal,0,0,0.0,0,,0.0,2,4.0,Monthly
C01133,20,305000,6100000,5.0,Business,Small,Small Business,1,1,1645910.0,0,,0.0,9,9.6,Monthly
C01134,100,280000,28000000,9.1,Business,Medium,Small Business,1,0,0.0,0,,0.0,3,3.6,Annual
C01135,10,320000,3200000,2.6,Personal,Small,Normal,0,0,0.0,0,,0.0,7,7.7,Monthly
C01136,20,360000,7200000,1.5,Personal,Small,Normal,0,0,0.0,0,,0.0,0,3.7,Monthly
C01137,100,270000,27000000,7.9,Business,Small,Small Business,1,0,0.0,0,,0.0,2,9.2,Annual
C01138,10,320000,3200000,4.0,Personal,Small,Normal,0,0,0.0,0,,0.0,2,5.3,Monthly
C01139,30,290000,8700000,9.3,Business,Small,Small Business,1,1,1504590.0,0,,0.0,7,7.8,Annual
C01140,200,225000,45000000,3.9,Business,Large,Hospital,3,0,0.0,1,Shared,3788999.0,5,5.3,Monthly
C01141,150,250000,37500000,5.8,Business,Small,Small Business,1,0,0.0,0,,0.0,3,4.3,Annual
C01142,100,255000,25500000,7.5,Business,Medium,Small Business,1,1,1018195.0,0,,0.0,3,1.5,Annual
C01143,10,340000,3400000,5.2,Personal,Small,Normal,0,0,0.0,0,,0.0,0,4.6,Annual
C01144,10,330000,3300000,5.1,Personal,Small,Normal,0,0,0.0,0,,0.0,0,4.3,Annual
C01145,20,315000,6300000,0.7,Personal,Small,Normal,0,0,0.0,0,,0.0,0,5.4,Monthly
C01146,20,345000,6900000,0.3,Personal,Small,Normal,0,0,0.0,0,,0.0,0,4.3,Monthly
C01147,10,385000,3850000,2.4,Personal,Small,Normal,0,0,0.0,0,,0.0,0,0.0,Monthly
C01148,300,205000,61500000,0.7,Business,Small,Small Business,1,0,0.0,0,,0.0,5,5.5,Monthly
C01149,20,340000,6800000,7.0,Personal,Small,Normal,0,0,0.0,0,,0.0,1,2.8,Annual
C01150,10,355000,3550000,9.9,Business,Small,Small Business,1,1,922867.0,1,Dedicated,12676004.0,10,7.5,Annual
C01151,100,250000,25000000,7.4,Business,Medium,Small Business,1,1,1691216.0,0,,0.0,3,3.4,Monthly
C01152,30,290000,8700000,8.5,Personal,Small,Normal,0,0,0.0,0,,0.0,1,4.2,Annual
C01153,20,340000,6800000,8.3,Personal,Small,Normal,0,0,0.0,0,,0.0,1,2.1,Annual
C01154,20,300000,6000000,1.0,Personal,Small,Normal,0,0,0.0,0,,0.0,2,2.1,Monthly
C01155,200,235000,47000000,0.4,Business,Small,Small Business,1,1,1762602.0,1,Shared,11108908.0,6,5.9,Monthly
C01156,30,305000,9150000,7.0,Personal,Small,Normal,0,0,0.0,0,,0.0,1,3.3,Annual
C01157,20,360000,7200000,0.3,Personal,Small,Normal,0,0,0.0,0,,0.0,3,4.0,Monthly
C01158,50,305000,15250000,4.5,Personal,Small,Normal,0,0,0.0,0,,0.0,0,4.4,Monthly
C01159,10,340000,3400000,9.0,Personal,Small,Normal,0,0,0.0,0,,0.0,2,3.0,Annual
C01160,20,310000,6200000,1.3,Personal,Small,Normal,0,0,0.0,0,,0.0,0,1.2,Monthly
C01161,300,225000,67500000,0.4,Government,Large,Government,3,0,0.0,1,Dedicated,14627510.0,3,7.3,Monthly
C01162,100,250000,25000000,3.6,Business,Large,ISP Partner,3,1,1154306.0,1,Dedicated,17779644.0,12,12.7,Monthly
C01163,20,355000,7100000,2.8,Personal,Small,Normal,0,0,0.0,0,,0.0,0,3.8,Monthly
C01164,10,335000,3350000,7.0,Personal,Small,Normal,0,0,0.0,0,,0.0,0,7.4,Monthly
C01165,150,245000,36750000,4.9,Business,Medium,Small Business,1,0,0.0,1,Shared,16022262.0,9,6.9,Monthly
C01166,150,230000,34500000,6.8,Government,Large,Government,3,1,902805.0,1,Dedicated,9462444.0,9,9.7,Annual
C01167,30,290000,8700000,7.0,Business,Medium,Small Business,1,1,511552.0,1,VPS,19227582.0,6,8.6,Annual
C01168,100,250000,25000000,6.0,Business,Small,Small Business,1,1,968235.0,0,,0.0,9,9.5,Annual
C01169,300,220000,66000000,4.8,Business,Large,University,2,1,1390280.0,0,,0.0,3,6.5,Monthly
C01170,100,250000,25000000,5.3,Business,Large,Enterprise,2,1,699411.0,0,,0.0,3,3.5,Annual
C01171,30,290000,8700000,5.8,Business,Medium,Small Business,1,0,0.0,1,Shared,14356127.0,6,6.8,Monthly
C01172,100,250000,25000000,8.6,Business,Small,Small Business,1,0,0.0,0,,0.0,3,4.4,Annual
C01173,30,295000,8850000,3.3,Business,Medium,Small Business,1,1,1311072.0,1,Shared,6442078.0,10,6.9,Monthly
C01174,300,225000,67500000,9.0,Business,Large,Hospital,3,1,1369278.0,1,Dedicated,9241051.0,8,6.3,Annual
C01175,50,270000,13500000,1.8,Business,Small,Small Business,1,1,985418.0,0,,0.0,4,4.5,Monthly
C01176,30,290000,8700000,8.1,Personal,Small,Normal,0,0,0.0,0,,0.0,0,4.9,Annual
C01177,50,285000,14250000,4.9,Personal,Small,Normal,0,0,0.0,0,,0.0,1,9.4,Monthly
C01178,20,300000,6000000,8.3,Personal,Small,Normal,0,0,0.0,0,,0.0,0,4.8,Annual
C01179,20,320000,6400000,8.4,Personal,Small,Normal,0,0,0.0,0,,0.0,0,1.4,Annual
C01180,150,290000,43500000,1.0,Business,Medium,Small Business,1,1,1730353.0,0,,0.0,5,6.3,Monthly
C01181,100,260000,26000000,3.2,Business,Large,Enterprise,2,1,1521887.0,0,,0.0,6,8.8,Monthly
C01182,20,340000,6800000,3.4,Personal,Small,Normal,0,0,0.0,0,,0.0,1,4.7,Monthly
C01183,50,305000,15250000,1.8,Personal,Small,Normal,0,0,0.0,0,,0.0,1,1.6,Monthly
C01184,100,290000,29000000,6.9,Business,Small,Small Business,1,1,566067.0,1,VPS,12319721.0,9,8.6,Monthly
C01185,150,255000,38250000,5.9,Business,Large,Hospital,3,0,0.0,1,VPS,9128005.0,8,3.0,Monthly
C01186,20,305000,6100000,9.2,Personal,Small,Normal,0,0,0.0,0,,0.0,0,0.5,Annual
C01187,10,345000,3450000,3.4,Personal,Small,Normal,0,0,0.0,0,,0.0,0,3.1,Monthly
C01188,20,310000,6200000,9.7,Personal,Small,Normal,0,0,0.0,0,,0.0,0,0.6,Annual
C01189,10,385000,3850000,0.6,Personal,Small,Normal,0,1,1705920.0,0,,0.0,2,1.1,Monthly
C01190,300,200000,60000000,3.2,Government,Large,Government,3,0,0.0,1,VPS,7080323.0,3,4.7,Monthly
C01191,100,250000,25000000,1.5,Government,Large,Government,3,1,858267.0,0,,0.0,9,6.6,Monthly
C01192,50,305000,15250000,6.9,Personal,Small,Normal,0,0,0.0,0,,0.0,3,4.6,Annual
C01193,300,215000,64500000,3.9,Government,Large,Government,3,1,1757646.0,1,VPS,9444523.0,10,6.1,Monthly
C01194,50,310000,15500000,3.8,Personal,Small,Normal,0,0,0.0,0,,0.0,0,1.7,Monthly
C01195,150,270000,40500000,2.8,Business,Medium,Small Business,1,0,0.0,0,,0.0,6,4.8,Monthly
C01196,50,310000,15500000,5.8,Personal,Small,Normal,0,0,0.0,0,,0.0,3,4.1,Annual
C01197,10,365000,3650000,0.9,Personal,Small,Normal,0,0,0.0,0,,0.0,1,3.2,Monthly
C01198,200,220000,44000000,6.0,Business,Small,Small Business,1,0,0.0,0,,0.0,5,4.1,Annual
C01199,200,255000,51000000,1.7,Business,Medium,Small Business,1,1,1151461.0,0,,0.0,2,7.0,Monthly
C01200,20,300000,6000000,5.8,Personal,Small,Normal,0,0,0.0,0,,0.0,3,4.0,Annual
C01201,10,320000,3200000,1.0,Personal,Small,Normal,0,0,0.0,0,,0.0,0,7.3,Monthly
C01202,100,300000,30000000,3.3,Business,Small,Small Business,1,1,1665258.0,0,,0.0,4,6.1,Monthly
C01203,30,290000,8700000,4.7,Business,Medium,Small Business,1,1,1643829.0,0,,0.0,4,4.1,Monthly
C01204,150,250000,37500000,6.8,Business,Medium,Small Business,1,0,0.0,0,,0.0,2,4.4,Annual
C01205,50,295000,14750000,6.8,Personal,Small,Normal,0,1,677088.0,0,,0.0,4,2.9,Annual
C01206,150,250000,37500000,3.2,Business,Small,Small Business,1,0,0.0,0,,0.0,3,8.0,Monthly
C01207,30,295000,8850000,4.0,Personal,Small,Normal,0,0,0.0,0,,0.0,2,4.7,Monthly
C01208,10,330000,3300000,5.1,Personal,Small,Normal,0,0,0.0,0,,0.0,1,0.9,Monthly
C01209,30,290000,8700000,6.4,Personal,Small,Normal,0,0,0.0,0,,0.0,2,1.5,Monthly
C01210,100,255000,25500000,6.6,Government,Large,Government,3,1,1719371.0,1,Shared,17190897.0,6,9.8,Annual
C01211,150,275000,41250000,5.7,Business,Large,Hospital,3,1,1207613.0,1,VPS,16400568.0,10,5.8,Monthly
C01212,10,320000,3200000,9.4,Personal,Small,Normal,0,0,0.0,0,,0.0,0,5.4,Annual
C01213,20,305000,6100000,8.1,Personal,Small,Normal,0,0,0.0,0,,0.0,0,0.0,Annual
C01214,30,295000,8850000,7.7,Personal,Small,Normal,0,0,0.0,0,,0.0,0,0.4,Monthly
C01215,20,350000,7000000,2.7,Business,Large,University,2,1,1102425.0,0,,0.0,10,8.0,Monthly
C01216,50,280000,14000000,8.3,Personal,Small,Normal,0,0,0.0,0,,0.0,2,4.1,Annual
C01217,150,230000,34500000,5.0,Business,Medium,Small Business,1,1,1904870.0,0,,0.0,5,3.2,Monthly
C01218,30,300000,9000000,9.5,Personal,Small,Normal,0,0,0.0,0,,0.0,0,0.1,Monthly
C01219,30,310000,9300000,2.3,Personal,Small,Normal,0,0,0.0,0,,0.0,3,1.7,Monthly
C01220,10,320000,3200000,6.7,Personal,Small,Normal,0,0,0.0,0,,0.0,1,4.8,Monthly
C01221,30,290000,8700000,8.6,Business,Large,ISP Partner,3,1,966467.0,1,VPS,5373168.0,11,10.3,Annual
C01222,20,350000,7000000,5.1,Personal,Small,Normal,0,0,0.0,0,,0.0,2,3.5,Monthly
C01223,30,325000,9750000,9.3,Personal,Small,Normal,0,0,0.0,0,,0.0,3,3.6,Monthly
C01224,200,220000,44000000,5.8,Government,Large,Government,3,1,527111.0,1,Dedicated,9989942.0,9,10.3,Monthly
C01225,20,300000,6000000,5.4,Personal,Small,Normal,0,0,0.0,0,,0.0,2,6.4,Annual
C01226,20,305000,6100000,6.9,Personal,Small,Normal,0,0,0.0,0,,0.0,3,5.7,Annual
C01227,20,300000,6000000,8.7,Personal,Small,Normal,0,0,0.0,0,,0.0,2,8.0,Annual
C01228,20,310000,6200000,1.3,Personal,Small,Normal,0,0,0.0,0,,0.0,0,1.6,Monthly
C01229,300,205000,61500000,4.7,Business,Small,Small Business,1,1,659919.0,0,,0.0,7,6.8,Monthly
C01230,50,315000,15750000,3.2,Personal,Small,Normal,0,0,0.0,0,,0.0,3,3.3,Monthly
C01231,100,275000,27500000,8.9,Business,Medium,Small Business,1,0,0.0,1,VPS,4318034.0,5,6.6,Annual
C01232,20,325000,6500000,3.2,Personal,Small,Normal,0,0,0.0,0,,0.0,2,4.9,Monthly
C01233,300,200000,60000000,6.8,Business,Large,University,2,1,1979382.0,0,,0.0,6,6.0,Annual
C01234,30,290000,8700000,3.1,Business,Large,Hospital,3,1,1444445.0,0,,0.0,2,6.0,Monthly
C01235,300,200000,60000000,4.0,Business,Medium,Small Business,1,0,0.0,1,Shared,2731645.0,6,4.6,Monthly
C01236,100,265000,26500000,7.7,Business,Medium,Small Business,1,0,0.0,1,VPS,14649247.0,8,8.1,Annual
C01237,30,300000,9000000,9.5,Personal,Small,Normal,0,0,0.0,0,,0.0,0,2.3,Annual
C01238,10,345000,3450000,3.8,Personal,Small,Normal,0,0,0.0,0,,0.0,0,1.8,Monthly
C01239,30,345000,10350000,1.6,Business,Medium,Small Business,1,1,685461.0,0,,0.0,6,8.8,Monthly
C01240,50,315000,15750000,4.9,Personal,Small,Normal,0,0,0.0,0,,0.0,0,2.2,Monthly
C01241,100,265000,26500000,5.5,Business,Medium,Small Business,1,0,0.0,0,,0.0,1,5.7,Annual
C01242,10,320000,3200000,6.1,Personal,Small,Normal,0,0,0.0,0,,0.0,3,1.3,Annual
C01243,150,275000,41250000,2.3,Government,Large,Government,3,1,621496.0,1,Shared,8727071.0,5,6.1,Monthly
C01244,30,320000,9600000,6.6,Personal,Small,Normal,0,0,0.0,0,,0.0,0,1.7,Annual
C01245,10,380000,3800000,0.7,Personal,Small,Normal,0,0,0.0,0,,0.0,3,3.4,Monthly
C01246,50,270000,13500000,7.2,Business,Small,Small Business,1,1,1313873.0,1,VPS,15988656.0,11,7.3,Annual
C01247,20,320000,6400000,7.4,Personal,Small,Normal,0,0,0.0,0,,0.0,0,0.0,Annual
C01248,100,280000,28000000,2.1,Business,Medium,Small Business,1,1,1099574.0,1,VPS,6749641.0,7,8.2,Monthly
C01249,100,260000,26000000,8.5,Business,Small,Small Business,1,1,304167.0,0,,0.0,5,4.5,Monthly
C01250,20,305000,6100000,1.8,Personal,Small,Normal,0,0,0.0,0,,0.0,0,2.5,Monthly
C01251,50,300000,15000000,9.8,Business,Large,Hospital,3,1,696491.0,1,Shared,11138670.0,7,10.2,Annual
C01252,20,305000,6100000,0.7,Personal,Small,Normal,0,0,0.0,0,,0.0,1,6.6,Monthly
C01253,150,265000,39750000,3.1,Business,Large,ISP Partner,3,0,0.0,1,Shared,6264959.0,7,5.1,Monthly
C01254,20,325000,6500000,8.1,Business,Medium,Small Business,1,0,0.0,0,,0.0,1,3.0,Monthly
C01255,50,275000,13750000,7.2,Business,Large,Hospital,3,1,1552361.0,1,VPS,12884048.0,8,11.6,Annual
C01256,20,315000,6300000,1.7,Business,Small,Small Business,1,0,0.0,1,Shared,6963331.0,7,6.1,Monthly
C01257,20,310000,6200000,9.6,Personal,Small,Normal,0,0,0.0,0,,0.0,0,3.9,Annual
C01258,100,250000,25000000,7.6,Business,Small,Small Business,1,1,969410.0,0,,0.0,3,2.6,Annual
C01259,150,270000,40500000,1.8,Business,Large,ISP Partner,3,1,428928.0,1,Dedicated,19919539.0,6,4.2,Monthly
C01260,10,385000,3850000,2.1,Personal,Small,Normal,0,0,0.0,0,,0.0,0,4.3,Monthly
C01261,20,320000,6400000,3.5,Personal,Small,Normal,0,0,0.0,0,,0.0,2,4.3,Monthly
C01262,20,300000,6000000,7.8,Personal,Small,Normal,0,0,0.0,0,,0.0,0,2.8,Annual
C01263,20,320000,6400000,5.2,Personal,Small,Normal,0,0,0.0,0,,0.0,2,5.2,Annual
C01264,150,270000,40500000,2.3,Business,Medium,Small Business,1,1,1519369.0,0,,0.0,7,8.9,Monthly
C01265,10,320000,3200000,4.7,Personal,Small,Normal,0,0,0.0,0,,0.0,0,4.4,Monthly
C01266,20,355000,7100000,2.8,Business,Medium,Small Business,1,0,0.0,0,,0.0,1,0.8,Monthly
C01267,30,345000,10350000,0.3,Personal,Small,Normal,0,0,0.0,0,,0.0,1,2.9,Monthly
C01268,100,300000,30000000,2.6,Business,Small,Small Business,1,1,1776744.0,0,,0.0,5,3.7,Monthly
C01269,20,350000,7000000,6.4,Personal,Small,Normal,0,0,0.0,0,,0.0,2,5.4,Annual
C01270,50,270000,35423897,3.4,Personal,Small,Normal,0,0,0.0,0,,0.0,0,0.6,Monthly
C01271,300,240000,72000000,3.7,Business,Small,Small Business,1,1,1035982.0,0,,0.0,3,2.7,Monthly
C01272,300,200000,60000000,5.0,Business,Small,Small Business,1,0,0.0,1,VPS,15373163.0,7,8.1,Monthly
C01273,10,320000,3200000,9.0,Personal,Small,Normal,0,0,0.0,0,,0.0,1,4.1,Monthly
C01274,300,225000,67500000,7.3,Business,Medium,Small Business,1,1,1884358.0,1,Shared,7003615.0,7,3.0,Annual
C01275,100,265000,26500000,4.1,Business,Large,Hospital,3,1,1032776.0,1,Shared,6470656.0,7,9.6,Monthly
C01276,200,220000,44000000,7.8,Business,Large,Enterprise,2,0,0.0,0,,0.0,2,6.1,Annual
C01277,50,280000,14000000,2.2,Personal,Small,Normal,0,0,0.0,0,,0.0,0,1.8,Monthly
C01278,10,320000,3200000,9.6,Business,Small,Small Business,1,1,1485800.0,1,Dedicated,17751779.0,9,8.2,Annual
C01279,10,360000,3600000,8.7,Personal,Small,Normal,0,1,339622.0,0,,0.0,2,6.3,Annual
C01280,10,320000,3200000,9.2,Personal,Small,Normal,0,0,0.0,0,,0.0,1,1.8,Annual
C01281,10,360000,3600000,7.3,Personal,Small,Normal,0,0,0.0,0,,0.0,0,4.1,Annual
C01282,200,275000,55000000,0.2,Business,Small,Small Business,1,1,1723533.0,0,,0.0,2,6.7,Monthly
C01283,10,320000,3200000,7.5,Personal,Small,Normal,0,0,0.0,0,,0.0,4,5.6,Monthly
C01284,150,235000,35250000,1.3,Business,Large,University,2,0,0.0,0,,0.0,0,2.4,Monthly
C01285,10,350000,3500000,5.1,Personal,Small,Normal,0,0,0.0,0,,0.0,0,0.1,Annual
C01286,200,220000,44000000,6.6,Business,Medium,Small Business,1,1,1773913.0,0,,0.0,2,4.3,Annual
C01287,10,320000,3200000,9.4,Personal,Small,Normal,0,0,0.0,0,,0.0,0,1.7,Annual
C01288,200,255000,51000000,4.2,Business,Large,ISP Partner,3,1,540775.0,1,Shared,12123534.0,6,7.5,Monthly
C01289,10,345000,3450000,0.9,Personal,Small,Normal,0,0,0.0,0,,0.0,4,9.6,Monthly
C01290,200,220000,44000000,8.1,Business,Large,University,2,0,0.0,1,VPS,8754515.0,8,9.8,Monthly
C01291,100,280000,28000000,10.0,Business,Large,Hospital,3,1,1909067.0,0,,0.0,4,6.0,Annual
C01292,10,385000,3850000,0.7,Personal,Small,Normal,0,0,0.0,0,,0.0,0,2.3,Monthly
C01293,150,240000,36000000,4.0,Business,Large,Hospital,3,0,0.0,1,VPS,19024996.0,5,5.0,Monthly
C01294,150,230000,34500000,7.1,Business,Large,Enterprise,2,0,0.0,0,,0.0,0,3.2,Annual
C01295,300,240000,72000000,3.5,Business,Large,ISP Partner,3,1,1345867.0,1,Dedicated,16260524.0,7,7.4,Monthly
C01296,20,325000,6500000,1.3,Business,Large,Enterprise,2,0,0.0,1,VPS,5244611.0,7,10.6,Monthly
C01297,30,305000,9150000,0.8,Personal,Small,Normal,0,0,0.0,0,,0.0,1,6.0,Monthly
C01298,100,300000,30000000,4.6,Business,Large,University,2,0,0.0,0,,0.0,1,4.3,Monthly
C01299,50,290000,14500000,1.9,Personal,Small,Normal,0,0,0.0,0,,0.0,0,4.3,Monthly
C01300,100,280000,28000000,6.8,Business,Medium,Small Business,1,0,0.0,0,,0.0,1,0.0,Annual
C01301,150,270000,40500000,0.5,Business,Medium,Small Business,1,1,1079395.0,0,,0.0,2,3.6,Monthly
C01302,10,340000,3400000,5.4,Personal,Small,Normal,0,0,0.0,0,,0.0,3,3.2,Annual
C01303,10,335000,6867405,8.6,Personal,Small,Normal,0,0,0.0,0,,0.0,2,3.2,Annual
C01304,100,250000,25000000,5.9,Business,Medium,Small Business,1,0,0.0,0,,0.0,0,0.0,Annual
C01305,10,370000,3700000,1.3,Personal,Small,Normal,0,0,0.0,0,,0.0,0,7.0,Monthly
C01306,10,375000,3750000,1.5,Personal,Small,Normal,0,0,0.0,0,,0.0,4,3.6,Monthly
C01307,300,205000,61500000,4.8,Business,Medium,Small Business,1,0,0.0,1,Shared,5278772.0,5,7.2,Monthly
C01308,300,220000,66000000,5.1,Business,Medium,Small Business,1,1,1651993.0,0,,0.0,5,6.4,Monthly
C01309,30,290000,8700000,6.6,Personal,Small,Normal,0,1,1147124.0,0,,0.0,2,4.4,Annual
C01310,50,295000,14750000,7.3,Personal,Small,Normal,0,1,1923040.0,0,,0.0,2,7.3,Annual
C01311,200,250000,50000000,5.5,Government,Large,Government,3,1,1435122.0,1,Dedicated,17361385.0,9,9.3,Annual
C01312,100,275000,27500000,2.8,Business,Large,Hospital,3,1,1057092.0,0,,0.0,3,5.3,Monthly
C01313,30,335000,10050000,0.5,Personal,Small,Normal,0,0,0.0,0,,0.0,2,2.7,Monthly
C01314,50,285000,14250000,9.9,Personal,Small,Normal,0,0,0.0,0,,0.0,0,5.6,Annual
C01315,20,300000,6000000,8.4,Personal,Small,Normal,0,0,0.0,0,,0.0,0,6.1,Annual
C01316,20,340000,6800000,5.0,Personal,Small,Normal,0,0,0.0,0,,0.0,3,5.1,Monthly
C01317,10,350000,3500000,6.9,Personal,Small,Normal,0,0,0.0,0,,0.0,3,4.9,Annual
C01318,300,210000,63000000,5.0,Business,Large,Enterprise,2,0,0.0,0,,0.0,2,7.6,Monthly
C01319,150,230000,34500000,0.7,Business,Medium,Small Business,1,0,0.0,0,,0.0,4,8.1,Monthly
C01320,30,325000,9750000,8.1,Business,Small,Small Business,1,0,0.0,0,,0.0,0,1.2,Monthly
C01321,10,365000,3650000,9.2,Personal,Small,Normal,0,0,0.0,0,,0.0,2,10.1,Annual
C01322,10,350000,3500000,8.7,Personal,Small,Normal,0,0,0.0,0,,0.0,0,0.2,Annual
C01323,10,320000,3200000,2.0,Personal,Small,Normal,0,0,0.0,0,,0.0,0,3.6,Monthly
C01324,50,270000,13500000,3.1,Personal,Small,Normal,0,0,0.0,0,,0.0,0,4.9,Monthly
C01325,30,290000,8700000,5.2,Personal,Small,Normal,0,0,0.0,0,,0.0,0,1.3,Annual
C01326,20,310000,6200000,5.6,Personal,Small,Normal,0,0,0.0,0,,0.0,0,3.6,Annual
C01327,10,345000,3450000,4.7,Personal,Small,Normal,0,0,0.0,0,,0.0,0,1.9,Monthly
C01328,150,245000,36750000,1.0,Business,Large,University,2,1,1975412.0,0,,0.0,6,2.4,Monthly
C01329,100,305000,30500000,2.6,Business,Medium,Small Business,1,1,1472408.0,0,,0.0,10,8.8,Monthly
C01330,10,335000,3350000,6.8,Personal,Small,Normal,0,0,0.0,0,,0.0,2,5.3,Annual
C01331,30,295000,8850000,9.6,Personal,Small,Normal,0,0,0.0,0,,0.0,0,1.6,Annual
C01332,10,360000,3600000,7.2,Personal,Small,Normal,0,0,0.0,0,,0.0,4,6.6,Annual
C01333,100,270000,27000000,1.4,Business,Large,ISP Partner,3,1,1216265.0,1,Shared,18431428.0,6,4.5,Monthly
C01334,10,345000,3450000,5.0,Personal,Small,Normal,0,0,0.0,0,,0.0,3,4.5,Monthly
C01335,150,245000,36750000,6.2,Business,Large,Hospital,3,1,1650652.0,1,VPS,6188830.0,6,6.4,Annual
C01336,20,355000,7100000,3.8,Personal,Small,Normal,0,0,0.0,0,,0.0,2,5.4,Monthly
C01337,300,235000,70500000,2.3,Business,Small,Small Business,1,0,0.0,1,Shared,12575080.0,7,6.0,Monthly
C01338,30,290000,8700000,4.5,Business,Small,Small Business,1,0,0.0,0,,0.0,2,5.0,Monthly
C01339,150,235000,35250000,2.8,Business,Medium,Small Business,1,0,0.0,0,,0.0,0,0.5,Monthly
C01340,10,365000,3650000,6.7,Personal,Small,Normal,0,0,0.0,0,,0.0,1,4.7,Annual
C01341,100,290000,29000000,0.7,Business,Medium,Small Business,1,0,0.0,0,,0.0,1,4.9,Monthly
C01342,150,230000,34500000,9.0,Business,Medium,Small Business,1,0,0.0,0,,0.0,1,2.0,Annual
C01343,150,270000,40500000,5.8,Business,Small,Small Business,1,1,469217.0,0,,0.0,6,9.0,Annual
C01344,10,320000,3200000,8.7,Personal,Small,Normal,0,0,0.0,0,,0.0,0,1.2,Annual
C01345,20,350000,7000000,4.6,Personal,Small,Normal,0,0,0.0,0,,0.0,3,5.3,Monthly
C01346,20,365000,7300000,0.8,Personal,Small,Normal,0,0,0.0,0,,0.0,0,4.4,Monthly
C01347,150,260000,39000000,3.7,Business,Medium,Small Business,1,0,0.0,0,,0.0,2,6.1,Monthly
C01348,200,270000,54000000,0.8,Government,Large,Government,3,1,659297.0,0,,0.0,6,9.2,Monthly
C01349,10,370000,3700000,6.8,Personal,Small,Normal,0,0,0.0,0,,0.0,0,5.1,Annual
C01350,100,280000,28000000,4.3,Government,Large,Government,3,1,1710569.0,0,,0.0,3,7.5,Monthly
C01351,300,215000,64500000,3.9,Business,Large,Hospital,3,1,506490.0,0,,0.0,4,5.3,Monthly
C01352,30,290000,8700000,5.0,Personal,Small,Normal,0,0,0.0,0,,0.0,0,0.9,Monthly
C01353,30,295000,8850000,3.0,Personal,Small,Normal,0,0,0.0,0,,0.0,1,2.6,Monthly
C01354,10,340000,3400000,5.8,Business,Small,Small Business,1,0,0.0,0,,0.0,4,3.3,Annual
C01355,50,270000,13500000,5.7,Business,Medium,Small Business,1,1,945478.0,0,,0.0,3,3.8,Annual
C01356,30,335000,10050000,0.4,Personal,Small,Normal,0,0,0.0,0,,0.0,0,3.1,Monthly
C01357,150,250000,37500000,1.7,Business,Small,Small Business,1,0,0.0,0,,0.0,2,7.9,Monthly
C01358,20,325000,6500000,7.7,Personal,Small,Normal,0,0,0.0,0,,0.0,4,4.4,Annual
C01359,200,220000,44000000,3.9,Business,Large,University,2,1,438751.0,0,,0.0,4,9.2,Monthly
C01360,100,270000,27000000,4.3,Business,Large,Hospital,3,0,0.0,1,Dedicated,19688109.0,4,0.6,Monthly
C01361,10,320000,3200000,4.9,Personal,Small,Normal,0,1,1531142.0,0,,0.0,2,3.7,Monthly
C01362,100,250000,25000000,6.9,Business,Medium,Small Business,1,0,0.0,1,VPS,12558324.0,4,4.3,Annual
C01363,100,260000,26000000,5.8,Government,Large,Government,3,1,1698818.0,1,VPS,5304507.0,13,8.4,Annual
C01364,10,380000,3800000,4.1,Personal,Small,Normal,0,0,0.0,0,,0.0,2,6.0,Monthly
C01365,10,370000,3700000,6.5,Business,Small,Small Business,1,0,0.0,0,,0.0,1,5.5,Annual
C01366,20,360000,7200000,1.9,Personal,Small,Normal,0,0,0.0,0,,0.0,3,6.9,Monthly
C01367,150,265000,39750000,7.1,Government,Large,Government,3,0,0.0,0,,0.0,6,5.9,Annual
C01368,10,320000,3200000,6.1,Personal,Small,Normal,0,0,0.0,0,,0.0,0,5.8,Annual
C01369,200,245000,49000000,9.0,Government,Large,Government,3,1,680038.0,1,Shared,17376162.0,6,7.2,Annual
C01370,300,235000,70500000,2.4,Business,Small,Small Business,1,0,0.0,1,Dedicated,11136605.0,8,9.0,Monthly
C01371,50,320000,16000000,4.3,Personal,Small,Normal,0,0,0.0,0,,0.0,1,1.8,Monthly
C01372,100,300000,30000000,3.9,Business,Large,University,2,1,1658990.0,1,VPS,4199062.0,6,4.1,Monthly
C01373,20,325000,6500000,5.1,Personal,Small,Normal,0,1,1735296.0,0,,0.0,6,6.6,Monthly
C01374,50,285000,14250000,9.0,Personal,Small,Normal,0,0,0.0,0,,0.0,0,4.1,Annual
C01375,20,335000,6700000,4.3,Personal,Small,Normal,0,0,0.0,0,,0.0,0,2.1,Monthly
C01376,100,290000,29000000,5.0,Business,Large,Enterprise,2,0,0.0,0,,0.0,5,9.3,Monthly
C01377,100,250000,25000000,2.3,Business,Medium,Small Business,1,0,0.0,0,,0.0,2,5.6,Monthly
C01378,50,305000,15250000,1.6,Personal,Small,Normal,0,0,0.0,0,,0.0,3,3.5,Monthly
C01379,30,290000,8700000,3.6,Personal,Small,Normal,0,0,0.0,0,,0.0,1,2.2,Monthly
C01380,100,295000,29500000,6.3,Government,Large,Government,3,1,1704870.0,1,VPS,7698840.0,5,4.5,Annual
C01381,10,320000,3200000,5.9,Personal,Small,Normal,0,0,0.0,0,,0.0,1,1.3,Monthly
C01382,150,255000,38250000,5.7,Business,Large,Enterprise,2,0,0.0,0,,0.0,3,6.5,Annual
C01383,30,310000,9300000,2.3,Business,Large,University,2,1,802835.0,0,,0.0,6,6.5,Monthly
C01384,30,295000,8850000,0.9,Personal,Small,Normal,0,0,0.0,0,,0.0,1,0.0,Monthly
C01385,10,320000,3200000,9.0,Personal,Small,Normal,0,0,0.0,0,,0.0,0,2.3,Annual
C01386,50,270000,13500000,9.6,Business,Small,Small Business,1,1,1865541.0,0,,0.0,3,7.0,Annual
C01387,10,355000,3550000,8.5,Personal,Small,Normal,0,0,0.0,0,,0.0,0,3.2,Annual
C01388,150,275000,41250000,2.9,Business,Medium,Small Business,1,1,1114584.0,0,,0.0,5,3.5,Monthly
C01389,150,285000,42750000,3.5,Business,Small,Small Business,1,0,0.0,1,VPS,7244803.0,5,8.0,Monthly
C01390,50,285000,14250000,7.2,Business,Small,Small Business,1,1,591965.0,1,Dedicated,16464456.0,10,8.3,Annual
C01391,10,330000,3300000,1.4,Personal,Small,Normal,0,0,0.0,0,,0.0,1,0.1,Monthly
C01392,100,250000,25000000,2.1,Government,Large,Government,3,1,1279392.0,0,,0.0,4,7.8,Monthly
C01393,200,250000,50000000,4.0,Government,Large,Government,3,1,321279.0,1,Shared,12462046.0,10,6.3,Monthly
C01394,150,230000,34500000,2.6,Business,Medium,Small Business,1,1,506704.0,0,,0.0,8,8.5,Monthly
C01395,50,295000,14750000,5.3,Business,Large,Hospital,3,0,0.0,1,Dedicated,17522200.0,9,8.5,Annual
C01396,300,210000,63000000,2.4,Business,Large,ISP Partner,3,1,1448683.0,1,Dedicated,12290730.0,11,10.4,Monthly
C01397,20,300000,6000000,2.2,Personal,Small,Normal,0,0,0.0,0,,0.0,0,5.6,Monthly
C01398,30,290000,8700000,8.1,Business,Small,Small Business,1,0,0.0,0,,0.0,2,4.6,Annual
C01399,150,230000,34500000,7.2,Business,Medium,Small Business,1,1,1979861.0,0,,0.0,3,6.2,Annual
C01400,150,235000,35250000,2.2,Government,Large,Government,3,1,852618.0,1,Dedicated,3492189.0,5,3.0,Monthly
C01401,10,365000,3650000,3.4,Personal,Small,Normal,0,0,0.0,0,,0.0,0,1.5,Monthly
C01402,10,345000,3450000,7.3,Personal,Small,Normal,0,0,0.0,0,,0.0,3,0.0,Annual
C01403,30,310000,9300000,3.3,Business,Medium,Small Business,1,0,0.0,0,,0.0,2,3.1,Monthly
C01404,30,340000,10200000,5.3,Business,Small,Small Business,1,0,0.0,0,,0.0,1,4.9,Annual
C01405,20,345000,6900000,4.5,Personal,Small,Normal,0,0,0.0,0,,0.0,1,4.3,Monthly
C01406,150,260000,39000000,1.4,Business,Large,Enterprise,2,0,0.0,1,Shared,5400814.0,3,7.0,Monthly
C01407,20,330000,6600000,6.0,Personal,Small,Normal,0,0,0.0,0,,0.0,2,3.3,Annual
C01408,20,300000,6000000,5.8,Personal,Small,Normal,0,0,0.0,0,,0.0,0,4.2,Monthly
C01409,30,295000,8850000,5.3,Personal,Small,Normal,0,0,0.0,1,VPS,15511009.0,3,3.0,Annual
C01410,10,370000,3700000,6.0,Personal,Small,Normal,0,0,0.0,0,,0.0,1,6.0,Annual
C01411,150,240000,36000000,3.7,Business,Large,Enterprise,2,1,1158440.0,0,,0.0,8,7.9,Monthly
C01412,300,210000,63000000,0.5,Business,Large,ISP Partner,3,1,995913.0,1,Shared,18635417.0,5,4.4,Monthly
C01413,150,275000,41250000,5.1,Business,Medium,Small Business,1,1,1510339.0,0,,0.0,4,6.0,Annual
C01414,100,250000,25000000,3.9,Business,Small,Small Business,1,0,0.0,0,,0.0,3,3.6,Monthly
C01415,150,265000,39750000,8.3,Business,Medium,Small Business,1,1,1949503.0,1,Dedicated,10257904.0,6,4.7,Annual
C01416,50,270000,13500000,8.1,Personal,Small,Normal,0,0,0.0,0,,0.0,0,1.0,Annual
C01417,200,235000,47000000,0.8,Business,Medium,Small Business,1,0,0.0,0,,0.0,0,5.1,Monthly
C01418,10,320000,3200000,6.9,Personal,Small,Normal,0,0,0.0,0,,0.0,0,6.5,Annual
C01419,50,295000,14750000,4.3,Personal,Small,Normal,0,0,0.0,0,,0.0,2,3.4,Monthly
C01420,150,230000,34500000,9.8,Business,Medium,Small Business,1,1,1328286.0,1,Shared,6116272.0,8,6.2,Annual
C01421,200,220000,44000000,1.6,Business,Medium,Small Business,1,0,0.0,0,,0.0,1,2.8,Monthly
C01422,50,270000,13500000,6.1,Business,Small,Small Business,1,1,1629361.0,0,,0.0,2,0.1,Annual
C01423,10,320000,3200000,8.3,Personal,Small,Normal,0,0,0.0,0,,0.0,0,3.4,Annual
C01424,200,230000,46000000,5.7,Business,Large,Enterprise,2,0,0.0,0,,0.0,0,2.4,Annual
C01425,200,220000,44000000,4.9,Business,Large,Hospital,3,1,1566143.0,1,Shared,18916826.0,6,5.9,Monthly
C01426,100,265000,26500000,2.4,Business,Large,ISP Partner,3,1,645616.0,1,Shared,19106778.0,9,10.4,Monthly
C01427,30,305000,9150000,0.8,Personal,Small,Normal,0,0,0.0,0,,0.0,1,3.3,Monthly
C01428,30,295000,8850000,0.9,Business,Small,Small Business,1,1,593650.0,0,,0.0,5,5.7,Monthly
C01429,300,220000,66000000,2.6,Business,Large,University,2,1,567281.0,0,,0.0,3,6.1,Monthly
C01430,20,300000,6000000,9.1,Personal,Small,Normal,0,0,0.0,0,,0.0,0,3.4,Monthly
C01431,20,310000,6200000,4.0,Personal,Small,Normal,0,0,0.0,0,,0.0,0,0.0,Monthly
C01432,300,210000,63000000,1.5,Business,Large,ISP Partner,3,1,476966.0,1,Shared,19866429.0,6,4.8,Monthly
C01433,50,325000,16250000,2.5,Business,Large,Enterprise,2,0,0.0,0,,0.0,2,6.2,Monthly
C01434,30,295000,8850000,9.3,Personal,Small,Normal,0,0,0.0,0,,0.0,0,1.6,Monthly
C01435,300,205000,61500000,5.1,Business,Large,University,2,0,0.0,0,,0.0,2,3.4,Annual
C01436,10,380000,3800000,4.7,Personal,Small,Normal,0,0,0.0,0,,0.0,2,4.5,Monthly
C01437,10,320000,3200000,9.5,Personal,Small,Normal,0,0,0.0,0,,0.0,0,3.2,Annual
C01438,30,290000,8700000,9.9,Business,Small,Small Business,1,0,0.0,0,,0.0,4,2.9,Monthly
C01439,20,340000,6800000,5.1,Personal,Small,Normal,0,1,1948503.0,0,,0.0,3,6.8,Monthly
C01440,10,320000,3200000,8.7,Personal,Small,Normal,0,0,0.0,0,,0.0,0,2.6,Annual
C01441,10,320000,3200000,2.8,Personal,Small,Normal,0,0,0.0,0,,0.0,0,2.1,Monthly
C01442,200,235000,47000000,8.4,Business,Small,Small Business,1,1,752791.0,1,Shared,3600444.0,7,5.0,Annual
C01443,20,300000,6000000,4.5,Personal,Small,Normal,0,0,0.0,0,,0.0,1,4.8,Monthly
C01444,20,350000,7000000,4.1,Personal,Small,Normal,0,0,0.0,0,,0.0,1,6.4,Monthly
C01445,150,230000,34500000,8.9,Business,Medium,Small Business,1,1,1395391.0,0,,0.0,4,4.2,Annual
C01446,30,290000,8700000,8.1,Personal,Small,Normal,0,0,0.0,0,,0.0,0,0.0,Annual
C01447,10,365000,3650000,2.6,Business,Small,Small Business,1,0,0.0,1,Dedicated,13257591.0,10,8.4,Monthly
C01448,10,350000,3500000,9.8,Personal,Small,Normal,0,0,0.0,0,,0.0,0,4.3,Monthly
C01449,10,355000,3550000,2.8,Personal,Small,Normal,0,0,0.0,0,,0.0,3,2.6,Monthly
C01450,10,320000,3200000,2.1,Personal,Small,Normal,0,0,0.0,0,,0.0,3,4.5,Monthly
C01451,10,320000,3200000,8.1,Business,Large,ISP Partner,3,1,640062.0,1,VPS,2808967.0,7,5.4,Annual
C01452,30,295000,8850000,4.9,Personal,Small,Normal,0,1,920765.0,0,,0.0,2,5.4,Monthly
C01453,10,345000,3450000,0.8,Personal,Small,Normal,0,0,0.0,0,,0.0,0,1.4,Monthly
C01454,30,290000,8700000,9.0,Business,Small,Small Business,1,0,0.0,0,,0.0,3,4.1,Monthly
C01455,300,200000,60000000,9.2,Business,Small,Small Business,1,0,0.0,0,,0.0,0,1.8,Annual
C01456,100,250000,25000000,4.4,Business,Small,Small Business,1,0,0.0,0,,0.0,0,0.9,Monthly
C01457,10,350000,3500000,3.8,Personal,Small,Normal,0,0,0.0,0,,0.0,2,8.6,Monthly
C01458,10,320000,3200000,6.4,Personal,Small,Normal,0,0,0.0,0,,0.0,0,5.1,Annual
C01459,10,320000,3200000,8.6,Personal,Small,Normal,0,0,0.0,0,,0.0,0,3.6,Annual
C01460,20,365000,7300000,1.3,Personal,Small,Normal,0,0,0.0,0,,0.0,0,2.2,Monthly
C01461,20,305000,6100000,0.5,Personal,Small,Normal,0,0,0.0,0,,0.0,2,3.4,Monthly
C01462,10,330000,3300000,4.1,Personal,Small,Normal,0,0,0.0,0,,0.0,4,4.9,Monthly
C01463,150,230000,34500000,6.6,Business,Small,Small Business,1,1,1416506.0,0,,0.0,4,3.5,Monthly
C01464,300,205000,61500000,2.5,Business,Large,University,2,1,610249.0,0,,0.0,3,3.2,Monthly
C01465,200,220000,44000000,4.3,Business,Large,Hospital,3,1,808761.0,1,Dedicated,8680705.0,6,2.7,Monthly
C01466,20,320000,6400000,1.7,Personal,Small,Normal,0,0,0.0,0,,0.0,0,0.0,Monthly
C01467,10,320000,3200000,8.3,Personal,Small,Normal,0,1,1037156.0,0,,0.0,3,3.9,Monthly
C01468,300,205000,61500000,4.0,Business,Large,University,2,1,498085.0,0,,0.0,7,8.7,Monthly
C01469,10,350000,3500000,5.5,Personal,Small,Normal,0,1,1381470.0,0,,0.0,2,5.7,Monthly
C01470,30,330000,9900000,1.3,Personal,Small,Normal,0,0,0.0,0,,0.0,1,2.5,Monthly
C01471,10,395000,3950000,0.2,Personal,Small,Normal,0,0,0.0,0,,0.0,4,8.8,Monthly
C01472,10,340000,3400000,3.5,Personal,Small,Normal,0,0,0.0,0,,0.0,1,2.4,Monthly
C01473,30,305000,9150000,0.3,Business,Small,Small Business,1,0,0.0,0,,0.0,1,1.7,Monthly
C01474,30,290000,8700000,6.0,Business,Large,University,2,0,0.0,0,,0.0,1,4.6,Monthly
C01475,20,300000,6000000,8.9,Personal,Small,Normal,0,0,0.0,0,,0.0,0,3.3,Monthly
C01476,200,245000,49000000,4.5,Business,Large,Hospital,3,1,1323855.0,1,VPS,12115559.0,11,8.3,Monthly
C01477,10,320000,3200000,6.1,Personal,Small,Normal,0,0,0.0,0,,0.0,0,3.8,Annual
C01478,150,235000,35250000,4.5,Business,Large,University,2,0,0.0,0,,0.0,2,5.9,Monthly
C01479,200,245000,49000000,8.2,Government,Large,Government,3,1,1504445.0,1,VPS,17277446.0,10,8.5,Annual
C01480,150,255000,38250000,7.4,Business,Medium,Small Business,1,0,0.0,0,,0.0,0,5.9,Annual
C01481,30,290000,8700000,6.3,Business,Large,University,2,0,0.0,0,,0.0,7,6.4,Annual
C01482,300,200000,60000000,9.3,Government,Large,Government,3,1,1295118.0,1,Shared,17816274.0,7,8.2,Monthly
C01483,150,270000,40500000,3.8,Business,Large,ISP Partner,3,1,662391.0,1,Shared,16652610.0,7,9.2,Monthly
C01484,50,305000,15250000,6.6,Business,Medium,Small Business,1,0,0.0,1,Shared,7731534.0,6,5.5,Annual
C01485,200,220000,44000000,9.0,Business,Medium,Small Business,1,1,1955938.0,0,,0.0,3,3.9,Annual
C01486,300,230000,69000000,2.1,Business,Small,Small Business,1,0,0.0,0,,0.0,4,7.3,Monthly
C01487,10,355000,3550000,2.1,Personal,Small,Normal,0,0,0.0,0,,0.0,1,3.1,Monthly
C01488,10,320000,3200000,8.5,Personal,Small,Normal,0,0,0.0,0,,0.0,3,7.1,Annual
C01489,300,245000,73500000,2.0,Business,Small,Small Business,1,1,319618.0,0,,0.0,8,7.4,Monthly
C01490,20,315000,6300000,1.6,Personal,Small,Normal,0,0,0.0,0,,0.0,3,3.2,Monthly
C01491,50,315000,15750000,3.8,Personal,Small,Normal,0,0,0.0,0,,0.0,0,6.2,Monthly
C01492,10,355000,3550000,4.6,Personal,Small,Normal,0,0,0.0,0,,0.0,3,4.1,Monthly
C01493,10,340000,3400000,6.5,Business,Medium,Small Business,1,1,1782262.0,0,,0.0,6,7.0,Monthly
C01494,100,260000,26000000,8.4,Business,Medium,Small Business,1,0,0.0,0,,0.0,5,4.2,Annual
C01495,100,250000,25000000,6.5,Business,Large,ISP Partner,3,1,1322040.0,1,VPS,7438126.0,8,8.6,Annual
C01496,100,280000,28000000,2.4,Business,Large,University,2,0,0.0,0,,0.0,3,3.0,Monthly
C01497,200,220000,44000000,6.7,Business,Large,ISP Partner,3,1,1862508.0,0,,0.0,5,6.6,Monthly
C01498,200,235000,47000000,8.1,Business,Medium,Small Business,1,0,0.0,1,VPS,10927130.0,8,3.1,Annual
C01499,150,270000,40500000,3.7,Business,Large,University,2,1,1981118.0,0,,0.0,5,7.0,Monthly
C01500,10,355000,3550000,0.2,Personal,Small,Normal,0,0,0.0,0,,0.0,0,3.1,Monthly
C01501,10,320000,3200000,8.7,Business,Medium,Small Business,1,0,0.0,0,,0.0,3,7.2,Annual
C01502,10,320000,3200000,2.9,Business,Large,Enterprise,2,0,0.0,1,Shared,9815845.0,8,8.9,Monthly
C01503,30,290000,8700000,9.0,Personal,Small,Normal,0,0,0.0,0,,0.0,1,5.7,Annual
C01504,10,335000,3350000,5.8,Personal,Small,Normal,0,0,0.0,1,Shared,19698464.0,3,1.6,Annual
C01505,100,250000,25000000,5.1,Business,Large,Hospital,3,1,1549427.0,1,Dedicated,6625079.0,9,9.9,Annual
C01506,20,300000,6000000,7.7,Personal,Small,Normal,0,0,0.0,0,,0.0,1,8.1,Annual
C01507,200,245000,49000000,8.4,Business,Small,Small Business,1,0,0.0,1,Dedicated,11664499.0,5,10.6,Annual
C01508,10,335000,3350000,1.2,Personal,Small,Normal,0,0,0.0,0,,0.0,0,3.1,Monthly
C01509,150,260000,39000000,9.0,Business,Large,University,2,0,0.0,0,,0.0,3,8.0,Annual
C01510,150,230000,34500000,4.3,Government,Large,Government,3,1,1246976.0,0,,0.0,6,6.1,Monthly
C01511,30,325000,9750000,1.9,Personal,Small,Normal,0,0,0.0,0,,0.0,0,3.4,Monthly
C01512,150,280000,42000000,2.0,Business,Medium,Small Business,1,1,1051235.0,0,,0.0,7,10.4,Monthly
C01513,30,300000,9000000,7.5,Personal,Small,Normal,0,0,0.0,0,,0.0,0,1.1,Annual
C01514,200,235000,47000000,6.3,Business,Large,Enterprise,2,0,0.0,0,,0.0,1,3.0,Annual
C01515,100,265000,26500000,4.5,Government,Large,Government,3,1,857278.0,1,Shared,15245089.0,5,5.8,Monthly
C01516,150,230000,34500000,8.1,Government,Large,Government,3,1,1446249.0,0,,0.0,6,5.5,Monthly
C01517,150,260000,39000000,6.0,Business,Large,Enterprise,2,0,0.0,0,,0.0,1,4.4,Annual
C01518,30,305000,9150000,1.5,Personal,Small,Normal,0,0,0.0,0,,0.0,3,5.3,Monthly
C01519,30,320000,9600000,6.5,Business,Large,Enterprise,2,1,1897736.0,0,,0.0,4,7.0,Monthly
C01520,10,365000,3650000,7.0,Personal,Small,Normal,0,0,0.0,0,,0.0,0,2.4,Annual
C01521,20,315000,6300000,1.4,Personal,Small,Normal,0,0,0.0,0,,0.0,0,1.6,Monthly
C01522,10,325000,3250000,8.7,Personal,Small,Normal,0,0,0.0,0,,0.0,3,1.1,Annual
C01523,10,320000,3200000,9.6,Personal,Small,Normal,0,0,0.0,0,,0.0,1,0.3,Annual
C01524,10,320000,3200000,4.7,Personal,Small,Normal,0,0,0.0,0,,0.0,0,1.7,Monthly
C01525,10,320000,3200000,8.1,Personal,Small,Normal,0,0,0.0,0,,0.0,2,5.1,Annual
C01526,300,230000,69000000,7.1,Government,Large,Government,3,1,1153299.0,1,Dedicated,18171769.0,10,10.2,Annual
C01527,100,295000,29500000,3.6,Government,Large,Government,3,0,0.0,0,,0.0,0,4.7,Monthly
C01528,100,315000,31500000,0.5,Business,Medium,Small Business,1,0,0.0,0,,0.0,2,4.7,Monthly
C01529,20,300000,6000000,8.7,Personal,Small,Normal,0,0,0.0,0,,0.0,4,4.4,Annual
C01530,20,300000,6000000,3.8,Personal,Small,Normal,0,0,0.0,0,,0.0,0,1.7,Monthly
C01531,100,285000,28500000,9.3,Business,Medium,Small Business,1,0,0.0,0,,0.0,4,7.2,Annual
C01532,10,325000,3250000,7.5,Personal,Small,Normal,0,0,0.0,0,,0.0,0,3.5,Annual
C01533,300,200000,60000000,5.1,Government,Large,Government,3,1,1156533.0,1,VPS,14951757.0,9,5.7,Annual
C01534,100,290000,29000000,4.7,Business,Large,Hospital,3,1,1032966.0,1,VPS,4752406.0,5,7.0,Monthly
C01535,100,290000,29000000,2.4,Business,Large,Hospital,3,1,892333.0,1,VPS,18000148.0,7,3.7,Monthly
C01536,10,365000,3650000,2.2,Personal,Small,Normal,0,0,0.0,0,,0.0,1,3.8,Monthly
C01537,200,265000,53000000,0.6,Business,Medium,Small Business,1,0,0.0,0,,0.0,3,6.8,Monthly
C01538,10,365000,3650000,7.2,Personal,Small,Normal,0,0,0.0,0,,0.0,1,0.9,Monthly
C01539,30,290000,8700000,4.0,Business,Small,Small Business,1,0,0.0,0,,0.0,2,5.2,Monthly
C01540,300,230000,69000000,3.7,Government,Large,Government,3,1,687943.0,1,VPS,9786552.0,6,6.8,Monthly
C01541,10,335000,3350000,5.4,Personal,Small,Normal,0,0,0.0,0,,0.0,3,4.9,Monthly
C01542,30,335000,10050000,1.0,Personal,Small,Normal,0,0,0.0,0,,0.0,0,2.4,Monthly
C01543,10,380000,3800000,1.1,Personal,Small,Normal,0,0,0.0,0,,0.0,0,0.0,Monthly
C01544,150,240000,36000000,4.0,Business,Large,University,2,1,810840.0,0,,0.0,4,3.0,Monthly
C01545,10,370000,3700000,6.3,Personal,Small,Normal,0,0,0.0,0,,0.0,0,4.5,Annual
C01546,300,200000,60000000,5.9,Business,Large,Enterprise,2,1,825141.0,0,,0.0,7,7.7,Annual
C01547,30,290000,8700000,5.8,Personal,Small,Normal,0,0,0.0,0,,0.0,3,5.3,Monthly
C01548,50,270000,13500000,9.4,Personal,Small,Normal,0,0,0.0,0,,0.0,3,6.7,Annual
C01549,150,230000,34500000,2.3,Business,Large,ISP Partner,3,1,954716.0,1,VPS,7289933.0,9,10.1,Monthly
C01550,300,235000,70500000,2.4,Business,Large,ISP Partner,3,1,966747.0,0,,0.0,2,8.4,Monthly
C01551,50,270000,13500000,5.2,Personal,Small,Normal,0,0,0.0,0,,0.0,0,6.3,Monthly
C01552,150,235000,35250000,6.0,Business,Medium,Small Business,1,1,1981992.0,0,,0.0,2,5.1,Annual
C01553,20,305000,6100000,8.2,Personal,Small,Normal,0,0,0.0,0,,0.0,0,5.7,Annual
C01554,10,320000,3200000,7.0,Personal,Small,Normal,0,0,0.0,0,,0.0,2,4.9,Monthly
C01555,200,245000,49000000,4.6,Government,Large,Government,3,1,1780934.0,0,,0.0,5,5.2,Monthly
C01556,20,300000,6000000,8.9,Personal,Small,Normal,0,0,0.0,0,,0.0,0,3.8,Annual
C01557,10,350000,3500000,6.1,Personal,Small,Normal,0,0,0.0,0,,0.0,2,4.9,Annual
C01558,150,265000,39750000,1.5,Business,Small,Small Business,1,1,1431493.0,0,,0.0,6,4.5,Monthly
C01559,10,380000,3800000,2.5,Personal,Small,Normal,0,0,0.0,0,,0.0,5,5.8,Monthly
C01560,50,300000,15000000,6.0,Personal,Small,Normal,0,0,0.0,0,,0.0,0,2.1,Annual
C01561,10,340000,3400000,3.5,Personal,Small,Normal,0,0,0.0,0,,0.0,3,5.4,Monthly
C01562,10,370000,3700000,8.0,Personal,Small,Normal,0,0,0.0,0,,0.0,2,2.3,Annual
C01563,200,220000,44000000,9.2,Business,Small,Small Business,1,1,1335565.0,0,,0.0,3,6.4,Annual
C01564,20,325000,6500000,2.1,Personal,Small,Normal,0,0,0.0,0,,0.0,2,2.6,Monthly
C01565,10,360000,3600000,8.7,Personal,Small,Normal,0,0,0.0,0,,0.0,1,1.7,Monthly
C01566,30,345000,10350000,2.0,Personal,Small,Normal,0,0,0.0,0,,0.0,0,0.3,Monthly
C01567,300,200000,60000000,9.9,Business,Small,Small Business,1,1,1956006.0,0,,0.0,4,7.5,Annual
C01568,10,335000,3350000,2.7,Personal,Small,Normal,0,0,0.0,0,,0.0,1,2.5,Monthly
C01569,30,335000,10050000,4.7,Business,Large,ISP Partner,3,1,1716757.0,1,Dedicated,5624424.0,8,6.9,Monthly
C01570,100,295000,29500000,1.5,Business,Small,Small Business,1,0,0.0,0,,0.0,7,8.4,Monthly
C01571,30,290000,8700000,4.7,Personal,Small,Normal,0,0,0.0,0,,0.0,0,1.3,Monthly
C01572,10,320000,3200000,8.6,Personal,Small,Normal,0,0,0.0,0,,0.0,0,2.9,Annual
C01573,100,285000,28500000,9.4,Business,Large,Enterprise,2,1,1423758.0,1,VPS,2313512.0,6,3.4,Annual
C01574,50,270000,13500000,3.6,Personal,Small,Normal,0,0,0.0,0,,0.0,0,2.4,Monthly
C01575,100,290000,29000000,3.3,Business,Medium,Small Business,1,0,0.0,0,,0.0,5,5.4,Monthly
C01576,200,220000,44000000,5.5,Government,Large,Government,3,1,856489.0,1,VPS,11302137.0,11,14.4,Monthly
C01577,30,290000,8700000,6.1,Business,Small,Small Business,1,1,503867.0,0,,0.0,5,4.4,Annual
C01578,10,345000,3450000,5.3,Personal,Small,Normal,0,0,0.0,0,,0.0,3,6.2,Annual
C01579,10,350000,3500000,6.5,Personal,Small,Normal,0,0,0.0,0,,0.0,0,1.6,Monthly
C01580,150,285000,42750000,2.7,Government,Large,Government,3,1,594308.0,0,,0.0,8,8.4,Monthly
C01581,30,325000,9750000,5.6,Personal,Small,Normal,0,0,0.0,0,,0.0,2,4.0,Monthly
C01582,150,230000,34500000,7.9,Business,Small,Small Business,1,1,821276.0,0,,0.0,4,3.5,Annual
C01583,20,310000,6200000,2.1,Personal,Small,Normal,0,0,0.0,0,,0.0,0,2.1,Monthly
C01584,150,240000,36000000,3.0,Business,Medium,Small Business,1,0,0.0,0,,0.0,5,4.7,Monthly
C01585,200,220000,44000000,6.4,Business,Large,ISP Partner,3,1,797109.0,0,,0.0,4,3.6,Monthly
C01586,10,320000,3200000,8.0,Personal,Small,Normal,0,0,0.0,0,,0.0,2,0.6,Annual
C01587,200,220000,44000000,5.1,Business,Large,Hospital,3,1,1077366.0,0,,0.0,2,2.3,Annual
C01588,300,200000,60000000,9.8,Business,Large,University,2,0,0.0,1,Dedicated,4756719.0,5,3.5,Annual
C01589,20,345000,6900000,7.9,Personal,Small,Normal,0,0,0.0,0,,0.0,4,8.3,Annual
C01590,150,265000,39750000,2.5,Business,Large,ISP Partner,3,1,1780060.0,0,,0.0,6,4.5,Monthly
C01591,10,320000,3200000,1.8,Personal,Small,Normal,0,0,0.0,0,,0.0,2,4.8,Monthly
C01592,10,375000,3750000,3.4,Personal,Small,Normal,0,0,0.0,0,,0.0,0,4.7,Monthly
C01593,100,280000,28000000,1.0,Business,Large,ISP Partner,3,1,1928060.0,1,Shared,18489000.0,9,5.9,Monthly
C01594,20,325000,6500000,7.3,Personal,Small,Normal,0,0,0.0,0,,0.0,3,4.3,Annual
C01595,10,335000,3350000,0.7,Personal,Small,Normal,0,0,0.0,0,,0.0,1,5.0,Monthly
C01596,20,300000,6000000,1.7,Personal,Small,Normal,0,0,0.0,0,,0.0,1,5.4,Monthly
C01597,30,300000,9000000,3.6,Personal,Small,Normal,0,0,0.0,0,,0.0,0,4.5,Monthly
C01598,50,270000,13500000,5.1,Business,Large,Enterprise,2,1,1788203.0,1,VPS,18679067.0,5,5.5,Annual
C01599,300,205000,61500000,1.5,Government,Large,Government,3,1,536921.0,1,VPS,14612893.0,7,5.9,Monthly
C01600,150,230000,34500000,4.0,Business,Small,Small Business,1,0,0.0,0,,0.0,0,2.2,Monthly
C01601,300,205000,61500000,4.4,Business,Large,ISP Partner,3,1,587244.0,0,,0.0,4,6.4,Monthly
C01602,200,230000,46000000,0.2,Business,Small,Small Business,1,0,0.0,0,,0.0,3,3.5,Monthly
C01603,50,285000,14250000,9.8,Personal,Small,Normal,0,0,0.0,0,,0.0,0,0.0,Annual
C01604,100,250000,25000000,6.1,Business,Small,Small Business,1,1,1940211.0,0,,0.0,3,3.3,Annual
C01605,300,225000,67500000,1.0,Business,Medium,Small Business,1,1,773527.0,0,,0.0,4,2.4,Monthly
C01606,30,290000,8700000,4.3,Business,Large,ISP Partner,3,1,961846.0,1,Shared,3706392.0,5,8.0,Monthly
C01607,10,360000,3600000,9.8,Personal,Small,Normal,0,0,0.0,0,,0.0,0,5.8,Monthly
C01608,20,305000,6100000,4.8,Business,Medium,Small Business,1,0,0.0,0,,0.0,0,2.8,Monthly
C01609,10,355000,3550000,9.9,Personal,Small,Normal,0,1,1525749.0,0,,0.0,2,2.6,Monthly
C01610,300,255000,76500000,0.5,Government,Large,Government,3,1,1834391.0,1,Dedicated,14463173.0,5,5.2,Monthly
C01611,100,265000,26500000,4.5,Government,Large,Government,3,1,811946.0,1,Shared,15412080.0,8,4.7,Monthly
C01612,30,290000,8700000,5.0,Personal,Small,Normal,0,0,0.0,0,,0.0,0,1.2,Monthly
C01613,30,290000,8700000,3.3,Business,Small,Small Business,1,0,0.0,0,,0.0,2,0.6,Monthly
C01614,20,305000,6100000,1.5,Business,Small,Small Business,1,1,1084748.0,0,,0.0,6,5.5,Monthly
C01615,20,350000,7000000,7.2,Personal,Small,Normal,0,0,0.0,0,,0.0,2,3.0,Monthly
C01616,20,345000,6900000,5.5,Personal,Small,Normal,0,0,0.0,0,,0.0,0,3.0,Annual
C01617,100,270000,27000000,2.0,Business,Small,Small Business,1,1,1422723.0,0,,0.0,3,1.6,Monthly
C01618,300,235000,70500000,2.0,Business,Large,Hospital,3,1,1337096.0,0,,0.0,5,2.6,Monthly
C01619,150,230000,34500000,5.0,Business,Small,Small Business,1,1,1875167.0,0,,0.0,3,4.7,Monthly
C01620,20,330000,6600000,0.3,Personal,Small,Normal,0,0,0.0,0,,0.0,0,1.8,Monthly
C01621,200,235000,47000000,0.6,Government,Large,Government,3,1,429064.0,1,VPS,4008785.0,8,11.7,Monthly
C01622,100,250000,25000000,7.0,Business,Small,Small Business,1,1,431529.0,0,,0.0,4,4.3,Annual
C01623,10,325000,3250000,0.7,Personal,Small,Normal,0,0,0.0,0,,0.0,0,4.2,Monthly
C01624,30,290000,8700000,3.4,Business,Small,Small Business,1,1,1171037.0,0,,0.0,8,5.6,Monthly
C01625,200,225000,45000000,6.0,Government,Large,Government,3,1,1045353.0,1,Shared,14628845.0,8,9.1,Monthly
C01626,20,300000,6000000,7.9,Personal,Small,Normal,0,0,0.0,0,,0.0,0,3.0,Annual
C01627,30,310000,9300000,1.0,Business,Large,ISP Partner,3,1,906361.0,1,VPS,12989407.0,9,5.8,Monthly
C01628,50,300000,15000000,9.8,Business,Small,Small Business,1,0,0.0,0,,0.0,0,1.3,Annual
C01629,100,290000,29000000,5.5,Business,Medium,Small Business,1,0,0.0,1,Shared,2218480.0,7,8.8,Annual
C01630,150,230000,34500000,1.9,Business,Medium,Small Business,1,0,0.0,0,,0.0,2,4.5,Monthly
C01631,30,330000,9900000,4.8,Business,Medium,Small Business,1,1,1984191.0,0,,0.0,3,2.3,Monthly
C01632,20,300000,6000000,5.5,Personal,Small,Normal,0,0,0.0,0,,0.0,1,4.4,Annual
C01633,200,220000,44000000,10.0,Business,Large,ISP Partner,3,1,1743437.0,1,Shared,6459182.0,5,8.0,Annual
C01634,10,320000,3200000,3.7,Business,Medium,Small Business,1,1,745878.0,0,,0.0,7,9.3,Monthly
C01635,100,280000,28000000,5.0,Business,Small,Small Business,1,0,0.0,0,,0.0,0,6.3,Monthly
C01636,10,370000,3700000,6.6,Personal,Small,Normal,0,0,0.0,0,,0.0,5,6.8,Annual
C01637,30,290000,8700000,7.7,Business,Large,Enterprise,2,1,685824.0,0,,0.0,2,4.3,Annual
C01638,30,290000,8700000,7.9,Personal,Small,Normal,0,0,0.0,0,,0.0,0,2.3,Annual
C01639,30,300000,9000000,4.2,Personal,Small,Normal,0,0,0.0,0,,0.0,2,4.7,Monthly
C01640,20,335000,6700000,1.0,Personal,Small,Normal,0,0,0.0,0,,0.0,2,4.8,Monthly
C01641,50,300000,15000000,5.5,Personal,Small,Normal,0,0,0.0,0,,0.0,0,3.2,Monthly
C01642,10,330000,3300000,2.8,Personal,Small,Normal,0,0,0.0,0,,0.0,3,8.7,Monthly
C01643,100,265000,26500000,5.9,Government,Large,Government,3,1,1965636.0,1,VPS,8030819.0,11,9.2,Annual
C01644,50,270000,13500000,9.1,Personal,Small,Normal,0,0,0.0,0,,0.0,0,4.6,Annual
C01645,150,250000,37500000,6.8,Business,Medium,Small Business,1,0,0.0,0,,0.0,4,7.3,Annual
C01646,50,270000,13500000,5.0,Business,Large,University,2,0,0.0,0,,0.0,2,1.1,Monthly
C01647,300,240000,72000000,4.5,Government,Large,Government,3,0,0.0,1,Shared,3526276.0,3,4.7,Monthly
C01648,20,310000,6200000,7.1,Personal,Small,Normal,0,0,0.0,0,,0.0,0,2.9,Annual
C01649,10,350000,3500000,3.8,Personal,Small,Normal,0,0,0.0,0,,0.0,0,4.7,Monthly
C01650,20,300000,6000000,3.6,Personal,Small,Normal,0,1,1455375.0,0,,0.0,2,2.0,Monthly
C01651,50,270000,13500000,7.6,Business,Medium,Small Business,1,0,0.0,1,VPS,18266144.0,8,8.9,Annual
C01652,300,200000,60000000,2.4,Business,Large,ISP Partner,3,1,1954511.0,1,VPS,9206376.0,8,6.8,Monthly
C01653,300,205000,61500000,4.8,Business,Large,Enterprise,2,0,0.0,0,,0.0,0,0.8,Monthly
C01654,20,300000,6000000,3.8,Personal,Small,Normal,0,0,0.0,0,,0.0,0,3.3,Monthly
C01655,150,230000,34500000,9.1,Business,Medium,Small Business,1,0,0.0,0,,0.0,0,2.7,Monthly
C01656,10,350000,3500000,9.5,Personal,Small,Normal,0,0,0.0,0,,0.0,0,6.4,Annual
C01657,10,350000,3500000,8.7,Personal,Small,Normal,0,0,0.0,0,,0.0,0,4.9,Annual
C01658,150,230000,34500000,5.6,Business,Large,ISP Partner,3,1,1906390.0,1,Shared,11173675.0,5,7.0,Annual
C01659,20,335000,6700000,7.0,Personal,Small,Normal,0,0,0.0,0,,0.0,1,3.4,Annual
C01660,50,270000,13500000,9.4,Personal,Small,Normal,0,0,0.0,0,,0.0,0,3.5,Annual
C01661,20,350000,7000000,7.5,Personal,Small,Normal,0,0,0.0,0,,0.0,0,2.7,Monthly
C01662,150,255000,38250000,5.3,Business,Small,Small Business,1,0,0.0,0,,0.0,6,6.6,Monthly
C01663,30,315000,9450000,1.3,Business,Medium,Small Business,1,1,1763980.0,0,,0.0,4,6.1,Monthly
C01664,10,325000,3250000,4.6,Personal,Small,Normal,0,0,0.0,0,,0.0,2,5.2,Monthly
C01665,10,330000,3300000,0.4,Personal,Small,Normal,0,0,0.0,0,,0.0,0,2.6,Monthly
C01666,30,300000,9000000,1.4,Personal,Small,Normal,0,0,0.0,0,,0.0,1,4.7,Monthly
C01667,50,300000,15000000,0.6,Personal,Small,Normal,0,0,0.0,0,,0.0,1,5.1,Monthly
C01668,30,345000,10350000,1.1,Personal,Small,Normal,0,0,0.0,0,,0.0,0,4.5,Monthly
C01669,150,230000,34500000,5.1,Business,Large,ISP Partner,3,1,1335691.0,1,Dedicated,15978860.0,6,8.4,Annual
C01670,10,320000,3200000,6.2,Personal,Small,Normal,0,0,0.0,0,,0.0,0,4.9,Annual
C01671,200,240000,48000000,1.1,Government,Large,Government,3,1,971945.0,1,VPS,10378549.0,10,10.5,Monthly
C01672,20,340000,6800000,7.6,Personal,Small,Normal,0,0,0.0,0,,0.0,0,5.6,Annual
C01673,50,270000,13500000,2.4,Personal,Small,Normal,0,0,0.0,0,,0.0,1,6.1,Monthly
C01674,150,280000,42000000,0.7,Business,Large,University,2,1,1753464.0,0,,0.0,3,3.5,Monthly
C01675,20,305000,6100000,3.5,Personal,Small,Normal,0,0,0.0,0,,0.0,3,5.5,Monthly
C01676,100,275000,27500000,4.2,Business,Medium,Small Business,1,0,0.0,0,,0.0,0,0.5,Monthly
C01677,100,265000,26500000,9.5,Business,Medium,Small Business,1,1,1517446.0,0,,0.0,2,6.9,Annual
C01678,150,250000,37500000,4.9,Business,Medium,Small Business,1,1,868521.0,0,,0.0,6,7.8,Monthly
C01679,150,260000,39000000,3.6,Business,Medium,Small Business,1,0,0.0,0,,0.0,3,1.3,Monthly
C01680,50,270000,13500000,7.4,Business,Small,Small Business,1,1,1431974.0,1,Dedicated,18101593.0,5,5.0,Annual
C01681,10,320000,3200000,8.8,Personal,Small,Normal,0,0,0.0,0,,0.0,0,3.7,Annual
C01682,300,200000,60000000,5.2,Government,Large,Government,3,1,1009249.0,1,VPS,7692233.0,5,6.6,Monthly
C01683,10,325000,3250000,5.4,Personal,Small,Normal,0,0,0.0,0,,0.0,2,5.4,Annual
C01684,200,230000,46000000,6.2,Business,Medium,Small Business,1,0,0.0,1,Shared,13143781.0,5,5.5,Annual
C01685,150,230000,34500000,4.8,Business,Medium,Small Business,1,0,0.0,0,,0.0,0,5.2,Monthly
C01686,30,310000,9300000,7.3,Personal,Small,Normal,0,0,0.0,0,,0.0,0,3.4,Monthly
C01687,150,280000,42000000,2.1,Government,Large,Government,3,1,1737884.0,1,VPS,5183596.0,10,8.6,Monthly
C01688,300,200000,60000000,7.6,Government,Large,Government,3,1,401194.0,1,Shared,16320141.0,14,10.7,Annual
C01689,50,285000,14250000,4.1,Personal,Small,Normal,0,0,0.0,0,,0.0,6,7.5,Monthly
C01690,10,380000,3800000,0.5,Personal,Small,Normal,0,0,0.0,0,,0.0,0,3.1,Monthly
C01691,30,290000,8700000,2.6,Personal,Small,Normal,0,0,0.0,0,,0.0,0,2.4,Monthly
C01692,10,350000,3500000,6.0,Personal,Small,Normal,0,0,0.0,0,,0.0,0,0.2,Annual
C01693,10,350000,3500000,8.3,Personal,Small,Normal,0,0,0.0,0,,0.0,0,3.9,Annual
C01694,20,300000,6000000,5.2,Personal,Small,Normal,0,0,0.0,0,,0.0,2,6.5,Annual
C01695,10,320000,3200000,5.0,Personal,Small,Normal,0,0,0.0,0,,0.0,0,3.9,Monthly
C01696,200,245000,49000000,7.1,Business,Small,Small Business,1,1,898724.0,0,,0.0,6,5.7,Monthly
C01697,10,320000,3200000,9.3,Personal,Small,Normal,0,0,0.0,0,,0.0,1,3.8,Annual
C01698,10,340000,3400000,1.1,Personal,Small,Normal,0,0,0.0,0,,0.0,1,2.7,Monthly
C01699,30,340000,10200000,1.9,Business,Small,Small Business,1,0,0.0,0,,0.0,0,4.2,Monthly
C01700,30,310000,9300000,6.3,Personal,Small,Normal,0,0,0.0,0,,0.0,1,4.4,Monthly
C01701,20,315000,6300000,7.0,Business,Medium,Small Business,1,0,0.0,0,,0.0,1,4.1,Monthly
C01702,200,220000,44000000,6.2,Business,Large,Hospital,3,0,0.0,0,,0.0,6,10.2,Annual
C01703,10,320000,3200000,9.2,Personal,Small,Normal,0,0,0.0,0,,0.0,4,5.8,Annual
C01704,10,320000,3200000,6.2,Personal,Small,Normal,0,0,0.0,0,,0.0,0,5.0,Monthly
C01705,30,290000,8700000,9.1,Business,Medium,Small Business,1,0,0.0,1,Dedicated,14042932.0,3,2.8,Annual
C01706,10,330000,3300000,3.7,Personal,Small,Normal,0,0,0.0,0,,0.0,1,3.8,Monthly
C01707,200,230000,46000000,8.3,Business,Large,Enterprise,2,1,688605.0,0,,0.0,5,6.5,Annual
C01708,10,355000,3550000,0.3,Personal,Small,Normal,0,0,0.0,0,,0.0,1,2.2,Monthly
C01709,300,210000,63000000,3.7,Government,Large,Government,3,1,1362065.0,1,Shared,12546748.0,5,5.1,Monthly
C01710,100,270000,27000000,6.3,Business,Large,University,2,0,0.0,1,VPS,13521998.0,9,8.4,Annual
C01711,20,300000,6000000,7.4,Personal,Small,Normal,0,0,0.0,0,,0.0,0,5.1,Annual
C01712,100,255000,25500000,3.8,Government,Large,Government,3,1,1209412.0,1,Dedicated,2278339.0,9,10.4,Monthly
C01713,150,230000,34500000,7.4,Business,Medium,Small Business,1,1,1314339.0,0,,0.0,5,2.6,Annual
C01714,100,250000,25000000,7.8,Business,Large,ISP Partner,3,1,1467380.0,1,Dedicated,19199902.0,9,9.4,Annual
C01715,150,240000,36000000,4.4,Government,Large,Government,3,1,1769636.0,1,Shared,15675600.0,8,6.6,Monthly
C01716,20,335000,6700000,0.3,Personal,Small,Normal,0,0,0.0,0,,0.0,4,6.0,Monthly
C01717,300,225000,67500000,9.1,Business,Large,ISP Partner,3,1,1918344.0,1,Shared,13691770.0,8,4.8,Monthly
C01718,300,235000,70500000,1.6,Business,Medium,Small Business,1,1,997161.0,0,,0.0,5,8.6,Monthly
C01719,30,325000,9750000,5.7,Personal,Small,Normal,0,1,1834929.0,0,,0.0,2,1.2,Annual
C01720,10,320000,3200000,5.8,Personal,Small,Normal,0,0,0.0,0,,0.0,0,2.7,Monthly
C01721,20,305000,6100000,3.3,Personal,Small,Normal,0,0,0.0,0,,0.0,0,2.6,Monthly
C01722,200,240000,48000000,3.6,Government,Large,Government,3,1,1751181.0,1,VPS,8709334.0,9,7.8,Monthly
C01723,100,285000,28500000,1.2,Government,Large,Government,3,1,844066.0,0,,0.0,5,3.5,Monthly
C01724,20,340000,6800000,9.0,Personal,Small,Normal,0,0,0.0,0,,0.0,4,5.6,Annual
C01725,10,365000,3650000,5.1,Personal,Small,Normal,0,0,0.0,0,,0.0,4,4.7,Annual
C01726,100,250000,25000000,9.0,Government,Large,Government,3,1,607489.0,1,Dedicated,17261380.0,7,10.2,Monthly
C01727,10,320000,3200000,0.2,Personal,Small,Normal,0,0,0.0,0,,0.0,0,1.9,Monthly
C01728,50,290000,14500000,9.5,Personal,Small,Normal,0,0,0.0,0,,0.0,5,5.6,Annual
C01729,20,310000,6200000,8.6,Personal,Small,Normal,0,0,0.0,0,,0.0,3,6.8,Monthly
C01730,300,200000,60000000,5.7,Business,Large,University,2,1,547038.0,0,,0.0,4,4.9,Monthly
C01731,10,325000,3250000,9.1,Personal,Small,Normal,0,0,0.0,0,,0.0,3,4.8,Annual
C01732,10,330000,3300000,6.0,Personal,Small,Normal,0,0,0.0,0,,0.0,0,0.0,Annual
C01733,30,345000,10350000,1.0,Business,Large,Enterprise,2,0,0.0,0,,0.0,9,10.3,Monthly
C01734,150,280000,42000000,0.4,Government,Large,Government,3,1,996592.0,1,Shared,8041720.0,5,6.7,Monthly
C01735,100,265000,26500000,4.5,Government,Large,Government,3,1,1487832.0,1,VPS,9511835.0,6,4.7,Monthly
C01736,20,305000,6100000,9.9,Personal,Small,Normal,0,0,0.0,0,,0.0,3,4.8,Annual
C01737,100,250000,25000000,7.9,Business,Small,Small Business,1,0,0.0,0,,0.0,7,2.6,Annual
C01738,30,310000,9300000,0.4,Personal,Small,Normal,0,0,0.0,0,,0.0,0,5.2,Monthly
C01739,150,230000,34500000,9.6,Business,Large,Hospital,3,1,1728660.0,1,Dedicated,15246038.0,6,4.7,Annual
C01740,30,290000,8700000,7.4,Personal,Small,Normal,0,1,1664390.0,0,,0.0,5,7.1,Annual
C01741,30,315000,9450000,8.0,Business,Medium,Small Business,1,0,0.0,0,,0.0,2,4.1,Monthly
C01742,200,245000,49000000,1.3,Business,Small,Small Business,1,1,520267.0,0,,0.0,7,8.5,Monthly
C01743,20,325000,6500000,5.2,Personal,Small,Normal,0,0,0.0,0,,0.0,4,5.5,Annual
C01744,20,330000,6600000,9.8,Personal,Small,Normal,0,0,0.0,0,,0.0,1,0.0,Monthly
C01745,30,290000,8700000,5.3,Personal,Small,Normal,0,0,0.0,0,,0.0,3,5.5,Annual
C01746,300,200000,60000000,8.4,Business,Small,Small Business,1,1,1188232.0,0,,0.0,4,3.1,Annual
C01747,150,265000,39750000,8.3,Business,Small,Small Business,1,0,0.0,0,,0.0,2,3.7,Annual
C01748,300,200000,60000000,8.9,Government,Large,Government,3,1,1242960.0,1,VPS,12355751.0,7,5.1,Annual
C01749,30,310000,9300000,1.0,Business,Large,University,2,0,0.0,0,,0.0,3,7.3,Monthly
C01750,10,355000,3550000,6.5,Personal,Small,Normal,0,0,0.0,0,,0.0,0,3.8,Monthly
C01751,30,325000,9750000,4.8,Personal,Small,Normal,0,0,0.0,0,,0.0,0,1.7,Monthly
C01752,10,360000,3600000,2.7,Personal,Small,Normal,0,1,413473.0,0,,0.0,4,2.9,Monthly
C01753,200,230000,46000000,7.9,Business,Small,Small Business,1,0,0.0,0,,0.0,6,6.2,Annual
C01754,30,325000,9750000,0.5,Personal,Small,Normal,0,0,0.0,0,,0.0,2,4.6,Monthly
C01755,10,350000,3500000,4.2,Personal,Small,Normal,0,0,0.0,0,,0.0,2,3.1,Monthly
C01756,200,260000,52000000,4.6,Government,Large,Government,3,0,0.0,1,VPS,16691380.0,3,4.2,Monthly
C01757,20,330000,6600000,8.4,Personal,Small,Normal,0,0,0.0,0,,0.0,1,5.3,Annual
C01758,300,225000,67500000,7.3,Business,Large,Hospital,3,1,954068.0,1,Dedicated,5418402.0,7,4.3,Annual
C01759,200,220000,44000000,9.8,Business,Medium,Small Business,1,1,1697663.0,0,,0.0,4,6.4,Annual
C01760,150,265000,39750000,5.7,Government,Large,Government,3,1,1711767.0,1,VPS,2656055.0,6,7.3,Annual
C01761,30,295000,8850000,4.8,Personal,Small,Normal,0,1,377486.0,0,,0.0,2,7.3,Monthly
C01762,20,325000,6500000,5.6,Business,Small,Small Business,1,0,0.0,0,,0.0,4,3.8,Monthly
C01763,150,230000,34500000,8.9,Business,Small,Small Business,1,1,408930.0,0,,0.0,5,4.7,Annual
C01764,200,240000,48000000,3.9,Business,Large,ISP Partner,3,1,1331170.0,1,VPS,15812307.0,9,9.6,Monthly
C01765,10,340000,3400000,6.0,Personal,Small,Normal,0,0,0.0,0,,0.0,4,2.7,Monthly
C01766,150,230000,34500000,9.3,Business,Large,Hospital,3,1,1771997.0,1,Shared,15848724.0,7,6.8,Monthly
C01767,100,255000,25500000,1.2,Business,Large,Hospital,3,1,765366.0,0,,0.0,3,4.9,Monthly
C01768,10,320000,3200000,5.2,Personal,Small,Normal,0,0,0.0,0,,0.0,1,5.3,Monthly
C01769,10,390000,3900000,0.5,Personal,Small,Normal,0,0,0.0,0,,0.0,0,3.9,Monthly
C01770,150,250000,37500000,6.6,Business,Small,Small Business,1,1,1563904.0,1,VPS,10445439.0,5,5.8,Annual
C01771,10,325000,3250000,3.5,Business,Small,Small Business,1,0,0.0,1,Shared,9291724.0,8,8.8,Monthly
C01772,200,245000,49000000,0.8,Business,Large,Enterprise,2,0,0.0,0,,0.0,3,4.3,Monthly
C01773,300,205000,61500000,7.2,Business,Large,ISP Partner,3,1,1871358.0,0,,0.0,4,5.2,Annual
C01774,50,295000,14750000,9.7,Business,Small,Small Business,1,1,1756665.0,1,VPS,15225058.0,5,7.9,Annual
C01775,10,335000,3350000,3.9,Personal,Small,Normal,0,0,0.0,0,,0.0,0,2.6,Monthly
C01776,100,260000,26000000,2.6,Business,Large,ISP Partner,3,1,1240409.0,1,Shared,19424539.0,12,7.8,Monthly
C01777,20,340000,6800000,5.1,Personal,Small,Normal,0,0,0.0,0,,0.0,3,3.7,Annual
C01778,200,220000,44000000,7.1,Government,Large,Government,3,1,899679.0,1,VPS,6386898.0,8,9.7,Annual
C01779,100,255000,25500000,8.8,Business,Medium,Small Business,1,0,0.0,1,Dedicated,6345723.0,5,4.8,Monthly
C01780,10,360000,3600000,5.8,Business,Small,Small Business,1,1,1079658.0,0,,0.0,4,2.7,Monthly
C01781,200,250000,50000000,2.7,Business,Large,University,2,0,0.0,0,,0.0,4,3.7,Monthly
C01782,10,330000,3300000,3.7,Personal,Small,Normal,0,0,0.0,0,,0.0,3,4.2,Monthly
C01783,100,255000,25500000,5.9,Government,Large,Government,3,1,1094495.0,1,Shared,7490187.0,10,9.4,Annual
C01784,50,295000,14750000,1.5,Business,Large,Enterprise,2,0,0.0,0,,0.0,1,4.1,Monthly
C01785,150,235000,35250000,8.9,Government,Large,Government,3,1,410217.0,1,Shared,13126852.0,11,8.3,Monthly
C01786,50,275000,13750000,8.2,Business,Small,Small Business,1,1,775104.0,1,VPS,3249919.0,9,6.3,Annual
C01787,20,320000,6400000,2.8,Personal,Small,Normal,0,0,0.0,0,,0.0,0,1.7,Monthly
C01788,100,250000,25000000,4.0,Business,Large,Enterprise,2,1,1873642.0,0,,0.0,5,5.9,Monthly
C01789,20,310000,6200000,2.6,Personal,Small,Normal,0,0,0.0,0,,0.0,3,8.5,Monthly
C01790,10,320000,3200000,1.5,Business,Small,Small Business,1,0,0.0,0,,0.0,5,6.3,Monthly
C01791,20,335000,6700000,3.3,Personal,Small,Normal,0,0,0.0,0,,0.0,2,4.3,Monthly
C01792,30,340000,10200000,0.3,Business,Small,Small Business,1,0,0.0,0,,0.0,4,3.5,Monthly
C01793,100,250000,25000000,7.8,Business,Large,Enterprise,2,1,1928115.0,1,VPS,12552843.0,5,5.8,Annual
C01794,300,210000,63000000,2.1,Business,Medium,Small Business,1,1,676694.0,0,,0.0,3,4.8,Monthly
C01795,200,235000,47000000,6.6,Government,Large,Government,3,1,738374.0,1,VPS,4795623.0,9,7.8,Monthly
C01796,300,205000,61500000,3.8,Business,Medium,Small Business,1,1,1538508.0,0,,0.0,4,7.6,Monthly
C01797,10,340000,3400000,5.7,Personal,Small,Normal,0,0,0.0,0,,0.0,0,4.4,Monthly
C01798,30,295000,8850000,4.3,Personal,Small,Normal,0,0,0.0,0,,0.0,0,3.6,Monthly
C01799,50,280000,14000000,0.4,Business,Large,University,2,1,1370518.0,1,Shared,7312159.0,9,9.0,Monthly
C01800,30,305000,9150000,8.3,Personal,Small,Normal,0,0,0.0,0,,0.0,1,1.9,Annual
C01801,300,245000,73500000,1.8,Business,Large,Enterprise,2,1,1479133.0,0,,0.0,6,10.2,Monthly
C01802,10,365000,3650000,3.5,Personal,Small,Normal,0,0,0.0,0,,0.0,0,0.6,Monthly
C01803,150,230000,34500000,4.9,Business,Large,Enterprise,2,0,0.0,1,Dedicated,8794163.0,3,4.1,Monthly
C01804,200,300000,6000000,6.3,Personal,Small,Normal,0,0,0.0,0,,0.0,2,6.8,Monthly
C01805,30,325000,9750000,6.9,Personal,Small,Normal,0,0,0.0,0,,0.0,4,0.1,Monthly
C01806,50,270000,13500000,5.8,Personal,Small,Normal,0,0,0.0,0,,0.0,0,4.0,Monthly
C01807,20,335000,6700000,6.4,Business,Small,Small Business,1,0,0.0,0,,0.0,4,4.2,Annual
C01808,10,320000,3200000,4.0,Personal,Small,Normal,0,0,0.0,0,,0.0,0,4.2,Monthly
C01809,200,220000,44000000,1.5,Business,Medium,Small Business,1,1,1617476.0,0,,0.0,3,5.1,Monthly
C01810,100,260000,26000000,7.7,Government,Large,Government,3,1,1577802.0,0,,0.0,4,6.4,Annual
C01811,10,320000,3200000,9.8,Personal,Small,Normal,0,0,0.0,0,,0.0,0,4.8,Annual
C01812,10,385000,3850000,0.2,Personal,Small,Normal,0,0,0.0,0,,0.0,0,1.3,Monthly
C01813,50,270000,13500000,5.6,Personal,Small,Normal,0,0,0.0,0,,0.0,0,3.0,Annual
C01814,20,310000,6200000,3.4,Personal,Small,Normal,0,0,0.0,0,,0.0,1,3.1,Monthly
C01815,20,315000,6300000,4.7,Personal,Small,Normal,0,0,0.0,0,,0.0,2,8.2,Monthly
C01816,20,305000,6100000,0.7,Personal,Small,Normal,0,0,0.0,0,,0.0,3,5.6,Monthly
C01817,150,240000,36000000,9.6,Government,Large,Government,3,1,595760.0,0,,0.0,5,6.7,Annual
C01818,50,270000,13500000,5.6,Business,Small,Small Business,1,0,0.0,0,,0.0,4,5.8,Annual
C01819,100,290000,29000000,4.6,Business,Large,Enterprise,2,1,1889573.0,1,Dedicated,19979423.0,11,11.6,Monthly
C01820,100,250000,25000000,2.7,Business,Large,ISP Partner,3,1,1747863.0,0,,0.0,7,5.9,Monthly
C01821,20,335000,6700000,5.9,Personal,Small,Normal,0,0,0.0,0,,0.0,1,3.6,Annual
C01822,150,260000,39000000,9.5,Business,Large,Enterprise,2,0,0.0,0,,0.0,0,2.9,Monthly
C01823,30,320000,9600000,1.2,Personal,Small,Normal,0,0,0.0,1,Dedicated,15424501.0,3,6.0,Monthly
C01824,100,275000,27500000,8.7,Business,Small,Small Business,1,1,843823.0,0,,0.0,2,7.0,Monthly
C01825,20,330000,6600000,5.3,Personal,Small,Normal,0,1,1239519.0,0,,0.0,4,5.5,Annual
C01826,10,330000,3300000,6.7,Personal,Small,Normal,0,0,0.0,0,,0.0,0,0.8,Monthly
C01827,50,270000,13500000,0.7,Personal,Small,Normal,0,0,0.0,0,,0.0,0,3.1,Monthly
C01828,10,345000,3450000,2.2,Personal,Small,Normal,0,0,0.0,0,,0.0,0,0.0,Monthly
C01829,100,260000,26000000,2.3,Business,Large,Enterprise,2,1,1739509.0,0,,0.0,7,10.6,Monthly
C01830,10,330000,3300000,6.9,Personal,Small,Normal,0,0,0.0,0,,0.0,0,3.1,Monthly
C01831,200,220000,83922848,8.1,Government,Large,Government,3,1,499947.0,1,Shared,11605935.0,9,9.1,Annual
C01832,30,300000,9000000,8.4,Personal,Small,Normal,0,1,1677527.0,0,,0.0,2,3.6,Monthly
C01833,100,250000,25000000,6.8,Government,Large,Government,3,1,1328261.0,0,,0.0,5,8.1,Annual
C01834,30,310000,9300000,9.3,Personal,Small,Normal,0,0,0.0,0,,0.0,3,3.6,Monthly
C01835,20,310000,6200000,0.6,Personal,Small,Normal,0,0,0.0,0,,0.0,2,0.0,Monthly
C01836,30,300000,9000000,7.7,Personal,Small,Normal,0,0,0.0,0,,0.0,1,0.8,Annual
C01837,150,270000,40500000,6.5,Business,Small,Small Business,1,0,0.0,0,,0.0,1,4.3,Annual
C01838,10,325000,3250000,3.9,Personal,Small,Normal,0,0,0.0,0,,0.0,0,1.6,Monthly
C01839,100,285000,28500000,5.5,Business,Medium,Small Business,1,0,0.0,0,,0.0,4,3.9,Monthly
C01840,100,250000,25000000,8.3,Business,Large,ISP Partner,3,1,817105.0,1,Shared,15575352.0,8,6.6,Annual
C01841,30,315000,9450000,5.8,Personal,Small,Normal,0,0,0.0,0,,0.0,4,5.4,Monthly
C01842,20,360000,7200000,1.7,Business,Small,Small Business,1,1,478575.0,0,,0.0,4,7.3,Monthly
C01843,20,300000,6000000,3.7,Personal,Small,Normal,0,0,0.0,0,,0.0,0,3.3,Monthly
C01844,100,250000,25000000,5.6,Business,Medium,Small Business,1,1,898062.0,1,VPS,18691852.0,8,8.7,Annual
C01845,150,260000,39000000,9.0,Government,Large,Government,3,1,1361131.0,1,VPS,5834354.0,9,9.9,Annual
C01846,10,320000,3200000,4.5,Personal,Small,Normal,0,0,0.0,0,,0.0,0,3.9,Monthly
C01847,10,340000,3400000,2.1,Personal,Small,Normal,0,0,0.0,0,,0.0,3,6.0,Monthly
C01848,150,260000,39000000,9.3,Business,Medium,Small Business,1,0,0.0,1,VPS,18568066.0,5,6.7,Annual
C01849,50,270000,13500000,2.8,Business,Medium,Small Business,1,1,1130900.0,1,Shared,19973608.0,8,9.7,Monthly
C01850,100,260000,26000000,0.5,Government,Large,Government,3,1,1005258.0,0,,0.0,7,7.9,Monthly
C01851,100,265000,26500000,7.1,Government,Large,Government,3,0,0.0,1,Dedicated,10129827.0,6,6.6,Annual
C01852,10,320000,3200000,6.6,Personal,Small,Normal,0,0,0.0,0,,0.0,2,5.8,Annual
C01853,20,305000,6100000,5.9,Personal,Small,Normal,0,0,0.0,0,,0.0,0,2.9,Annual
C01854,10,370000,3700000,7.6,Personal,Small,Normal,0,0,0.0,0,,0.0,0,4.5,Annual
C01855,10,320000,3200000,5.6,Personal,Small,Normal,0,0,0.0,0,,0.0,0,4.3,Annual
C01856,100,275000,27500000,4.8,Business,Small,Small Business,1,1,400387.0,1,VPS,11977465.0,8,6.2,Monthly
C01857,30,335000,10050000,5.0,Business,Medium,Small Business,1,0,0.0,0,,0.0,4,7.3,Monthly
C01858,30,315000,9450000,5.6,Personal,Small,Normal,0,0,0.0,0,,0.0,3,3.6,Annual
C01859,50,305000,15250000,0.4,Business,Small,Small Business,1,0,0.0,1,VPS,15323920.0,9,4.8,Monthly
C01860,10,385000,3850000,0.5,Personal,Small,Normal,0,0,0.0,0,,0.0,0,2.1,Monthly
C01861,30,345000,10350000,3.3,Business,Large,Enterprise,2,1,771433.0,0,,0.0,4,5.2,Monthly
C01862,30,300000,9000000,4.7,Personal,Small,Normal,0,0,0.0,0,,0.0,3,3.9,Monthly
C01863,150,245000,36750000,5.6,Business,Medium,Small Business,1,1,561611.0,0,,0.0,2,3.9,Annual
C01864,20,300000,6000000,5.1,Personal,Small,Normal,0,0,0.0,0,,0.0,0,4.6,Monthly
C01865,20,335000,6700000,7.2,Business,Small,Small Business,1,0,0.0,0,,0.0,3,4.2,Annual
C01866,10,365000,3650000,7.9,Personal,Small,Normal,0,0,0.0,0,,0.0,0,4.7,Annual
C01867,10,320000,3200000,6.6,Personal,Small,Normal,0,0,0.0,0,,0.0,1,1.4,Annual
C01868,20,300000,6000000,9.7,Personal,Small,Normal,0,0,0.0,0,,0.0,0,4.4,Annual
C01869,100,250000,25000000,4.8,Business,Large,University,2,1,930701.0,0,,0.0,4,3.5,Monthly
C01870,50,280000,14000000,1.3,Business,Small,Small Business,1,0,0.0,0,,0.0,3,4.6,Monthly
C01871,10,325000,3250000,3.1,Personal,Small,Normal,0,0,0.0,0,,0.0,0,2.0,Monthly
C01872,20,335000,6700000,1.8,Personal,Small,Normal,0,0,0.0,0,,0.0,0,4.1,Monthly
C01873,150,230000,34500000,9.7,Business,Small,Small Business,1,1,1886682.0,0,,0.0,5,5.1,Monthly
C01874,10,350000,3500000,0.3,Personal,Small,Normal,0,0,0.0,0,,0.0,2,3.5,Monthly
C01875,10,320000,3200000,9.2,Personal,Small,Normal,0,1,865809.0,0,,0.0,2,5.3,Annual
C01876,300,210000,63000000,3.2,Business,Large,Enterprise,2,1,634413.0,1,VPS,5878375.0,9,10.0,Monthly
C01877,50,270000,13500000,9.0,Business,Large,Hospital,3,1,730820.0,0,,0.0,4,3.1,Annual
C01878,10,320000,3200000,1.2,Personal,Small,Normal,0,0,0.0,0,,0.0,0,1.5,Monthly
C01879,100,260000,26000000,4.8,Government,Large,Government,3,1,666924.0,1,Dedicated,5789670.0,5,8.0,Monthly
C01880,200,230000,46000000,5.0,Business,Small,Small Business,1,0,0.0,1,VPS,4635208.0,5,4.1,Monthly
C01881,30,290000,8700000,3.8,Business,Small,Small Business,1,0,0.0,0,,0.0,6,7.7,Monthly
C01882,200,240000,48000000,6.9,Business,Medium,Small Business,1,0,0.0,0,,0.0,0,3.5,Annual
C01883,50,270000,13500000,5.1,Personal,Small,Normal,0,0,0.0,0,,0.0,2,5.6,Monthly
C01884,150,230000,34500000,5.1,Business,Medium,Small Business,1,0,0.0,0,,0.0,0,5.4,Annual
C01885,10,320000,3200000,7.2,Personal,Small,Normal,0,0,0.0,0,,0.0,0,4.0,Annual
C01886,20,310000,6200000,4.5,Personal,Small,Normal,0,0,0.0,0,,0.0,0,3.5,Monthly
C01887,20,315000,6300000,9.2,Personal,Small,Normal,0,0,0.0,0,,0.0,2,5.2,Monthly
C01888,30,300000,9000000,5.6,Personal,Small,Normal,0,0,0.0,0,,0.0,1,2.8,Monthly
C01889,30,330000,9900000,6.6,Business,Medium,Small Business,1,1,1826193.0,0,,0.0,5,5.5,Annual
C01890,20,320000,6400000,3.3,Personal,Small,Normal,0,0,0.0,0,,0.0,0,2.3,Monthly
C01891,20,310000,6200000,2.9,Personal,Small,Normal,0,0,0.0,0,,0.0,2,3.4,Monthly
C01892,30,305000,9150000,2.4,Business,Medium,Small Business,1,0,0.0,0,,0.0,1,5.3,Monthly
C01893,300,240000,72000000,0.8,Business,Medium,Small Business,1,0,0.0,0,,0.0,2,4.6,Monthly
C01894,100,295000,29500000,2.0,Business,Small,Small Business,1,0,0.0,1,VPS,9709510.0,7,7.0,Monthly
C01895,200,220000,44000000,5.7,Business,Small,Small Business,1,1,1332975.0,0,,0.0,2,4.8,Monthly
C01896,150,230000,34500000,9.6,Government,Large,Government,3,1,424618.0,1,VPS,12119176.0,6,5.0,Annual
C01897,30,295000,8850000,9.6,Personal,Small,Normal,0,0,0.0,0,,0.0,0,2.3,Annual
C01898,150,275000,41250000,0.6,Business,Large,Enterprise,2,1,892976.0,0,,0.0,2,3.9,Monthly
C01899,200,220000,44000000,8.2,Business,Large,Enterprise,2,0,0.0,0,,0.0,3,4.0,Annual
C01900,20,360000,7200000,0.4,Personal,Small,Normal,0,0,0.0,0,,0.0,1,4.3,Monthly
C01901,10,320000,3200000,9.8,Personal,Small,Normal,0,0,0.0,0,,0.0,0,1.9,Annual
C01902,20,325000,6500000,5.1,Business,Small,Small Business,1,1,1789646.0,1,Shared,6663018.0,11,16.1,Annual
C01903,30,290000,8700000,4.6,Business,Medium,Small Business,1,0,0.0,0,,0.0,0,3.3,Monthly
C01904,20,300000,6000000,7.3,Personal,Small,Normal,0,0,0.0,0,,0.0,0,0.0,Annual
C01905,50,275000,13750000,7.4,Business,Medium,Small Business,1,1,476842.0,0,,0.0,7,7.3,Monthly
C01906,300,200000,60000000,4.3,Government,Large,Government,3,0,0.0,1,VPS,6087838.0,3,4.9,Monthly
C01907,10,365000,3650000,4.4,Personal,Small,Normal,0,0,0.0,0,,0.0,3,3.3,Monthly
C01908,30,320000,9600000,1.2,Personal,Small,Normal,0,0,0.0,0,,0.0,0,2.5,Monthly
C01909,10,350000,3500000,8.2,Personal,Small,Normal,0,0,0.0,0,,0.0,0,7.8,Annual
C01910,150,230000,34500000,3.5,Business,Medium,Small Business,1,1,475654.0,0,,0.0,2,1.2,Monthly
C01911,50,270000,13500000,6.2,Business,Medium,Small Business,1,0,0.0,0,,0.0,2,2.8,Annual
C01912,150,250000,37500000,7.4,Business,Small,Small Business,1,1,1075867.0,0,,0.0,5,3.1,Annual
C01913,10,355000,3550000,6.1,Personal,Small,Normal,0,0,0.0,0,,0.0,1,4.0,Annual
C01914,10,375000,3750000,0.6,Personal,Small,Normal,0,0,0.0,0,,0.0,0,1.5,Monthly
C01915,150,245000,36750000,7.5,Business,Large,University,2,1,1913417.0,0,,0.0,3,7.6,Annual
C01916,20,300000,6000000,9.9,Personal,Small,Normal,0,0,0.0,0,,0.0,0,1.2,Annual
C01917,10,365000,3650000,4.7,Personal,Small,Normal,0,0,0.0,0,,0.0,0,4.5,Monthly
C01918,10,345000,3450000,9.5,Personal,Small,Normal,0,0,0.0,0,,0.0,1,3.2,Annual
C01919,50,270000,13500000,4.6,Personal,Small,Normal,0,1,1371706.0,0,,0.0,2,6.6,Monthly
C01920,30,310000,9300000,9.1,Personal,Small,Normal,0,0,0.0,0,,0.0,0,5.1,Monthly
C01921,30,290000,8700000,4.2,Personal,Small,Normal,0,0,0.0,0,,0.0,1,0.6,Monthly
C01922,30,295000,8850000,7.2,Business,Medium,Small Business,1,0,0.0,0,,0.0,0,0.7,Annual
C01923,10,330000,3300000,8.9,Business,Medium,Small Business,1,1,1442519.0,0,,0.0,8,7.3,Monthly
C01924,20,300000,6000000,8.7,Personal,Small,Normal,0,0,0.0,0,,0.0,0,2.5,Monthly
C01925,200,260000,52000000,4.1,Business,Large,Hospital,3,1,882947.0,0,,0.0,2,8.5,Monthly
C01926,20,300000,6000000,8.6,Personal,Small,Normal,0,0,0.0,0,,0.0,0,6.1,Annual
C01927,100,290000,29000000,2.2,Business,Medium,Small Business,1,0,0.0,1,Shared,19857088.0,3,4.2,Monthly
C01928,10,320000,3200000,7.7,Personal,Small,Normal,0,0,0.0,0,,0.0,0,3.9,Monthly
C01929,300,215000,64500000,7.3,Business,Medium,Small Business,1,1,1760562.0,0,,0.0,3,8.5,Annual
C01930,300,245000,73500000,3.2,Business,Medium,Small Business,1,1,1880902.0,1,Dedicated,5232296.0,9,7.2,Monthly
C01931,200,220000,44000000,2.4,Business,Medium,Small Business,1,1,339485.0,0,,0.0,2,2.4,Monthly
C01932,20,345000,6900000,1.6,Business,Medium,Small Business,1,0,0.0,0,,0.0,6,3.5,Monthly
C01933,300,210000,63000000,3.4,Business,Large,ISP Partner,3,1,1060330.0,1,Shared,18665896.0,8,8.9,Monthly
C01934,150,235000,35250000,8.5,Business,Large,Enterprise,2,0,0.0,0,,0.0,2,6.6,Annual
C01935,50,270000,13500000,5.7,Business,Large,Hospital,3,0,0.0,0,,0.0,1,0.0,Annual
C01936,300,200000,60000000,7.8,Business,Small,Small Business,1,0,0.0,0,,0.0,7,10.2,Annual
C01937,300,240000,72000000,2.6,Business,Medium,Small Business,1,0,0.0,1,VPS,19545372.0,6,9.8,Monthly
C01938,10,320000,3200000,9.6,Personal,Small,Normal,0,0,0.0,0,,0.0,0,3.5,Monthly
C01939,50,305000,15250000,4.1,Business,Medium,Small Business,1,0,0.0,0,,0.0,3,4.3,Monthly
C01940,30,310000,9300000,0.4,Business,Small,Small Business,1,0,0.0,1,VPS,17441289.0,6,10.2,Monthly
C01941,20,305000,6100000,1.3,Personal,Small,Normal,0,0,0.0,0,,0.0,0,6.0,Monthly
C01942,200,220000,44000000,9.9,Business,Large,ISP Partner,3,1,1697578.0,0,,0.0,4,7.0,Annual
C01943,20,300000,6000000,3.7,Personal,Small,Normal,0,0,0.0,0,,0.0,0,0.1,Monthly
C01944,10,390000,3900000,0.5,Personal,Small,Normal,0,0,0.0,0,,0.0,1,2.6,Monthly
C01945,30,320000,9600000,3.2,Personal,Small,Normal,0,0,0.0,0,,0.0,1,3.8,Monthly
C01946,200,275000,55000000,0.4,Business,Small,Small Business,1,1,1321290.0,0,,0.0,7,4.6,Monthly
C01947,20,300000,6000000,8.6,Personal,Small,Normal,0,0,0.0,0,,0.0,1,3.3,Annual
C01948,150,230000,34500000,5.3,Government,Large,Government,3,1,1743345.0,1,Dedicated,12981420.0,10,10.6,Annual
C01949,300,240000,72000000,3.0,Business,Small,Small Business,1,1,683403.0,0,,0.0,5,8.1,Monthly
C01950,300,205000,61500000,4.7,Government,Large,Government,3,1,1966826.0,1,Shared,17833871.0,7,7.6,Monthly
C01951,10,320000,3200000,8.8,Personal,Small,Normal,0,0,0.0,0,,0.0,1,3.8,Monthly
C01952,150,230000,34500000,9.1,Business,Medium,Small Business,1,1,1453838.0,0,,0.0,5,5.1,Annual
C01953,150,280000,42000000,2.3,Business,Medium,Small Business,1,0,0.0,0,,0.0,1,3.5,Monthly
C01954,150,265000,39750000,7.6,Business,Small,Small Business,1,1,1960607.0,0,,0.0,2,0.0,Monthly
C01955,100,265000,26500000,2.0,Government,Large,Government,3,1,1038839.0,1,Dedicated,19807778.0,6,5.2,Monthly
C01956,50,305000,15250000,2.2,Business,Large,University,2,1,1549721.0,0,,0.0,5,4.8,Monthly
C01957,30,295000,8850000,9.9,Personal,Small,Normal,0,1,372342.0,0,,0.0,2,5.4,Annual
C01958,50,310000,15500000,0.2,Personal,Small,Normal,0,0,0.0,0,,0.0,0,4.1,Monthly
C01959,150,235000,35250000,9.0,Business,Large,University,2,1,1091668.0,1,Dedicated,5273022.0,6,8.0,Monthly
C01960,10,320000,3200000,9.4,Personal,Small,Normal,0,0,0.0,0,,0.0,0,1.9,Annual
C01961,20,300000,6000000,9.1,Personal,Small,Normal,0,0,0.0,0,,0.0,1,2.4,Annual
C01962,10,320000,3200000,2.3,Personal,Small,Normal,0,0,0.0,0,,0.0,3,0.1,Monthly
C01963,10,330000,3300000,6.5,Personal,Small,Normal,0,0,0.0,0,,0.0,0,2.8,Annual
C01964,150,265000,39750000,1.6,Business,Large,Enterprise,2,0,0.0,0,,0.0,4,2.6,Monthly
C01965,100,250000,25000000,9.9,Business,Large,Hospital,3,1,315138.0,0,,0.0,5,6.2,Monthly
C01966,50,270000,13500000,8.1,Personal,Small,Normal,0,0,0.0,0,,0.0,0,2.8,Annual
C01967,20,335000,6700000,1.6,Personal,Small,Normal,0,1,747985.0,0,,0.0,2,7.6,Monthly
C01968,20,300000,6000000,9.4,Personal,Small,Normal,0,0,0.0,0,,0.0,0,6.4,Annual
C01969,50,295000,14750000,8.2,Business,Small,Small Business,1,1,733521.0,0,,0.0,4,3.8,Annual
C01970,10,360000,3600000,4.6,Personal,Small,Normal,0,0,0.0,0,,0.0,2,5.1,Monthly
C01971,20,335000,6700000,5.3,Personal,Small,Normal,0,0,0.0,0,,0.0,0,1.9,Monthly
C01972,20,300000,6000000,7.0,Personal,Small,Normal,0,0,0.0,0,,0.0,4,7.4,Annual
C01973,100,300000,30000000,3.6,Government,Large,Government,3,1,489417.0,1,VPS,13100175.0,9,8.5,Monthly
C01974,20,315000,6300000,4.9,Personal,Small,Normal,0,0,0.0,0,,0.0,3,6.4,Monthly
C01975,30,290000,8700000,3.6,Personal,Small,Normal,0,0,0.0,0,,0.0,0,0.6,Monthly
C01976,50,330000,16500000,1.5,Business,Large,ISP Partner,3,1,1609006.0,0,,0.0,2,2.7,Monthly
C01977,100,250000,25000000,6.4,Business,Medium,Small Business,1,0,0.0,0,,0.0,1,1.7,Annual
C01978,200,240000,48000000,4.2,Business,Large,University,2,0,0.0,0,,0.0,6,3.7,Monthly
C01979,10,320000,3200000,9.8,Personal,Small,Normal,0,0,0.0,0,,0.0,0,1.9,Annual
C01980,100,290000,29000000,3.7,Business,Large,Enterprise,2,0,0.0,0,,0.0,0,2.2,Monthly
C01981,50,330000,16500000,1.9,Personal,Small,Normal,0,0,0.0,0,,0.0,3,2.5,Monthly
C01982,30,330000,9900000,4.1,Personal,Small,Normal,0,0,0.0,0,,0.0,0,4.4,Monthly
C01983,50,280000,14000000,2.6,Personal,Small,Normal,0,0,0.0,0,,0.0,0,6.2,Monthly
C01984,150,235000,35250000,0.2,Business,Medium,Small Business,1,1,584406.0,0,,0.0,4,7.2,Monthly
C01985,150,255000,38250000,6.1,Business,Large,Enterprise,2,0,0.0,0,,0.0,0,3.5,Annual
C01986,20,350000,7000000,1.0,Personal,Small,Normal,0,0,0.0,0,,0.0,0,5.7,Monthly
C01987,100,250000,25000000,1.8,Business,Large,University,2,1,1877341.0,0,,0.0,6,5.5,Monthly
C01988,10,335000,3350000,4.2,Personal,Small,Normal,0,0,0.0,0,,0.0,2,3.8,Monthly
C01989,10,365000,3650000,2.8,Personal,Small,Normal,0,0,0.0,0,,0.0,0,3.2,Monthly
C01990,150,245000,36750000,1.2,Business,Large,Enterprise,2,0,0.0,1,Dedicated,7039742.0,6,6.7,Monthly
C01991,20,300000,6000000,2.2,Personal,Small,Normal,0,0,0.0,0,,0.0,2,4.6,Monthly
C01992,50,285000,14250000,6.0,Business,Large,Hospital,3,0,0.0,1,Dedicated,3549590.0,4,7.3,Annual
C01993,10,320000,3200000,9.0,Personal,Small,Normal,0,0,0.0,0,,0.0,1,2.8,Monthly
C01994,20,365000,7300000,2.3,Personal,Small,Normal,0,0,0.0,0,,0.0,1,2.1,Monthly
C01995,20,320000,6400000,0.5,Personal,Small,Normal,0,0,0.0,0,,0.0,0,2.0,Monthly
C01996,200,220000,44000000,5.2,Government,Large,Government,3,1,1665632.0,1,VPS,14318984.0,8,5.6,Monthly
C01997,150,230000,34500000,9.8,Government,Large,Government,3,1,933922.0,1,Dedicated,7041183.0,9,9.1,Annual
C01998,150,260000,39000000,7.9,Business,Small,Small Business,1,0,0.0,0,,0.0,1,5.2,Annual
C01999,200,225000,45000000,0.4,Business,Large,Hospital,3,1,1473352.0,1,VPS,17967830.0,7,5.5,Monthly
C02000,100,250000,25000000,6.8,Business,Large,ISP Partner,3,1,491523.0,1,Shared,2555503.0,7,5.9,Monthly
C02001,30,300000,9000000,8.9,Personal,Small,Normal,0,0,0.0,0,,0.0,1,3.9,Annual
C02002,20,300000,6000000,6.0,Personal,Small,Normal,0,0,0.0,0,,0.0,0,5.8,Annual
C02003,20,300000,6000000,8.0,Personal,Small,Normal,0,0,0.0,0,,0.0,0,0.0,Monthly
C02004,10,355000,3550000,9.1,Business,Small,Small Business,1,0,0.0,0,,0.0,0,2.8,Annual
C02005,10,320000,3200000,3.8,Personal,Small,Normal,0,0,0.0,0,,0.0,0,5.3,Monthly
C02006,10,370000,3700000,0.9,Personal,Small,Normal,0,0,0.0,0,,0.0,1,1.6,Monthly
C02007,100,250000,25000000,3.5,Business,Large,ISP Partner,3,1,872107.0,0,,0.0,5,6.4,Monthly
C02008,20,345000,6900000,0.2,Personal,Small,Normal,0,0,0.0,0,,0.0,0,0.0,Monthly
C02009,150,250000,37500000,5.1,Business,Small,Small Business,1,0,0.0,0,,0.0,4,3.7,Annual
C02010,50,270000,13500000,5.7,Personal,Small,Normal,0,0,0.0,0,,0.0,0,4.9,Annual
C02011,20,325000,6500000,9.6,Personal,Small,Normal,0,1,642516.0,0,,0.0,8,7.0,Annual
C02012,30,290000,8700000,8.4,Personal,Small,Normal,0,0,0.0,0,,0.0,0,3.9,Annual
C02013,200,240000,48000000,5.8,Business,Large,ISP Partner,3,1,1503166.0,0,,0.0,7,10.2,Annual
C02014,150,255000,38250000,1.7,Government,Large,Government,3,1,1334753.0,0,,0.0,5,6.5,Monthly
C02015,30,310000,9300000,1.4,Personal,Small,Normal,0,0,0.0,0,,0.0,0,1.8,Monthly
C02016,20,310000,6200000,3.5,Personal,Small,Normal,0,0,0.0,0,,0.0,0,3.9,Monthly
C02017,20,300000,6000000,2.5,Personal,Small,Normal,0,0,0.0,0,,0.0,0,3.1,Monthly
C02018,150,280000,42000000,2.4,Business,Large,University,2,0,0.0,0,,0.0,4,3.2,Monthly
C02019,200,220000,44000000,2.5,Government,Large,Government,3,1,314663.0,1,Shared,6803565.0,10,10.5,Monthly
C02020,20,300000,6000000,9.6,Personal,Small,Normal,0,0,0.0,0,,0.0,1,4.6,Annual
C02021,100,275000,27500000,2.6,Business,Medium,Small Business,1,1,1565800.0,0,,0.0,6,1.1,Monthly
C02022,30,315000,9450000,8.1,Personal,Small,Normal,0,0,0.0,0,,0.0,0,0.9,Monthly
C02023,200,220000,44000000,8.4,Business,Large,ISP Partner,3,1,542887.0,1,Dedicated,2124371.0,11,9.7,Annual
C02024,10,360000,3600000,3.8,Personal,Small,Normal,0,0,0.0,0,,0.0,4,5.8,Monthly
C02025,10,345000,3450000,9.2,Personal,Small,Normal,0,0,0.0,0,,0.0,2,1.6,Annual
C02026,200,250000,50000000,4.1,Business,Large,Enterprise,2,0,0.0,0,,0.0,6,4.5,Monthly
C02027,300,215000,64500000,7.5,Business,Medium,Small Business,1,0,0.0,0,,0.0,2,4.4,Annual
C02028,10,350000,3500000,5.1,Personal,Small,Normal,0,0,0.0,0,,0.0,0,3.5,Annual
C02029,30,290000,8700000,1.8,Personal,Small,Normal,0,0,0.0,0,,0.0,0,0.7,Monthly
C02030,10,350000,3500000,3.9,Personal,Small,Normal,0,0,0.0,0,,0.0,0,2.4,Monthly
C02031,150,230000,34500000,3.4,Business,Large,Hospital,3,1,491026.0,1,Shared,17781430.0,8,12.4,Monthly
C02032,10,320000,3200000,4.6,Personal,Small,Normal,0,0,0.0,0,,0.0,0,7.1,Monthly
C02033,10,360000,3600000,1.5,Personal,Small,Normal,0,0,0.0,0,,0.0,0,7.1,Monthly
C02034,100,270000,27000000,4.0,Business,Medium,Small Business,1,0,0.0,0,,0.0,3,4.7,Monthly
C02035,200,235000,47000000,8.8,Business,Large,Enterprise,2,1,1750698.0,0,,0.0,7,11.0,Annual
C02036,30,305000,9150000,6.5,Personal,Small,Normal,0,0,0.0,0,,0.0,1,5.6,Annual
C02037,20,320000,6400000,7.6,Business,Large,University,2,0,0.0,0,,0.0,2,4.9,Annual
C02038,150,235000,35250000,2.7,Business,Large,Enterprise,2,0,0.0,0,,0.0,4,4.9,Monthly
C02039,50,310000,15500000,7.1,Business,Medium,Small Business,1,1,1193314.0,0,,0.0,7,7.7,Annual
C02040,100,275000,27500000,4.9,Business,Small,Small Business,1,0,0.0,0,,0.0,3,7.2,Monthly
C02041,30,290000,8700000,8.6,Personal,Small,Normal,0,0,0.0,0,,0.0,0,4.9,Annual
C02042,150,265000,39750000,5.5,Business,Medium,Small Business,1,0,0.0,1,VPS,17203868.0,4,9.3,Monthly
C02043,200,255000,51000000,5.5,Government,Large,Government,3,1,1566763.0,1,Dedicated,12496807.0,11,8.6,Annual
C02044,150,245000,36750000,3.8,Business,Small,Small Business,1,0,0.0,1,VPS,10657659.0,3,0.0,Monthly
C02045,200,255000,25500000,8.8,Business,Medium,Small Business,1,1,1069952.0,0,,0.0,6,10.8,Annual
C02046,300,200000,60000000,9.1,Business,Large,University,2,1,873165.0,0,,0.0,3,2.8,Annual
C02047,10,395000,3950000,0.2,Personal,Small,Normal,0,0,0.0,0,,0.0,0,3.7,Monthly
C02048,100,290000,29000000,6.9,Business,Large,ISP Partner,3,1,1709816.0,1,Shared,16586979.0,8,5.7,Annual
C02049,20,300000,6000000,7.6,Personal,Small,Normal,0,0,0.0,0,,0.0,0,3.6,Annual
C02050,20,330000,6600000,7.1,Personal,Small,Normal,0,0,0.0,0,,0.0,0,0.6,Monthly
C02051,200,230000,46000000,1.6,Business,Large,University,2,0,0.0,0,,0.0,1,8.8,Monthly
C02052,10,350000,3500000,9.3,Personal,Small,Normal,0,0,0.0,0,,0.0,1,8.8,Monthly
C02053,150,265000,39750000,9.0,Business,Large,ISP Partner,3,1,1283820.0,1,VPS,10225995.0,6,8.4,Annual
C02054,10,370000,3700000,1.9,Personal,Small,Normal,0,0,0.0,0,,0.0,0,2.7,Monthly
C02055,200,225000,45000000,5.6,Business,Medium,Small Business,1,0,0.0,1,VPS,19155313.0,6,4.7,Annual
C02056,200,235000,47000000,6.9,Government,Large,Government,3,1,1475883.0,1,Shared,11817881.0,12,10.7,Monthly
C02057,150,230000,34500000,7.7,Business,Small,Small Business,1,1,724136.0,0,,0.0,5,5.8,Annual
C02058,150,250000,37500000,1.9,Business,Large,Hospital,3,1,1591369.0,0,,0.0,6,5.1,Monthly
C02059,200,270000,13500000,3.8,Business,Small,Small Business,1,0,0.0,1,Dedicated,13728753.0,6,6.2,Monthly
C02060,150,280000,42000000,1.6,Government,Large,Government,3,1,894045.0,1,VPS,19173185.0,10,10.1,Monthly
C02061,200,235000,47000000,8.9,Business,Medium,Small Business,1,1,760565.0,0,,0.0,3,4.1,Annual
C02062,30,310000,9300000,5.3,Personal,Small,Normal,0,0,0.0,0,,0.0,0,1.2,Annual
C02063,100,275000,27500000,5.5,Business,Medium,Small Business,1,1,1465070.0,1,VPS,8002273.0,6,6.4,Annual
C02064,50,270000,13500000,7.7,Business,Small,Small Business,1,0,0.0,0,,0.0,2,5.7,Annual
C02065,10,320000,3200000,6.4,Personal,Small,Normal,0,0,0.0,0,,0.0,1,4.0,Monthly
C02066,300,240000,72000000,4.0,Business,Large,ISP Partner,3,1,1792670.0,1,Shared,14365779.0,8,8.1,Monthly
C02067,30,310000,9300000,5.8,Personal,Small,Normal,0,0,0.0,1,Shared,19532056.0,5,6.7,Annual
C02068,100,255000,25500000,9.5,Government,Large,Government,3,1,1506023.0,1,Dedicated,14275341.0,10,5.9,Annual
C02069,300,245000,73500000,2.2,Business,Large,Enterprise,2,0,0.0,1,Dedicated,15036593.0,5,2.8,Monthly
C02070,300,240000,72000000,1.3,Business,Large,ISP Partner,3,1,353246.0,0,,0.0,9,9.1,Monthly
C02071,20,300000,6000000,6.8,Personal,Small,Normal,0,0,0.0,0,,0.0,3,7.5,Annual
C02072,20,345000,6900000,8.5,Personal,Small,Normal,0,0,0.0,0,,0.0,1,4.9,Annual
C02073,20,350000,7000000,2.0,Personal,Small,Normal,0,0,0.0,0,,0.0,1,6.1,Monthly
C02074,50,285000,14250000,5.7,Personal,Small,Normal,0,0,0.0,0,,0.0,0,3.8,Annual
C02075,10,340000,3400000,0.9,Personal,Small,Normal,0,0,0.0,0,,0.0,1,4.1,Monthly
C02076,30,320000,9600000,6.8,Personal,Small,Normal,0,0,0.0,0,,0.0,0,1.3,Monthly
C02077,10,370000,3700000,2.3,Personal,Small,Normal,0,0,0.0,1,Shared,17573562.0,3,4.0,Monthly
C02078,20,300000,6000000,8.1,Personal,Small,Normal,0,0,0.0,0,,0.0,0,0.1,Monthly
C02079,150,230000,34500000,7.8,Business,Medium,Small Business,1,1,1599451.0,0,,0.0,3,4.6,Annual
C02080,10,320000,3200000,8.1,Personal,Small,Normal,0,0,0.0,0,,0.0,1,1.6,Annual
C02081,100,260000,26000000,7.2,Government,Large,Government,3,0,0.0,1,Dedicated,3890996.0,10,6.6,Annual
C02082,10,340000,3400000,8.0,Personal,Small,Normal,0,0,0.0,0,,0.0,0,3.0,Monthly
C02083,200,230000,46000000,3.5,Business,Large,Enterprise,2,1,822822.0,0,,0.0,4,5.0,Monthly
C02084,200,220000,44000000,10.0,Business,Large,University,2,1,1908541.0,0,,0.0,5,2.6,Annual
C02085,300,200000,60000000,2.6,Business,Large,Enterprise,2,0,0.0,0,,0.0,3,5.6,Monthly
C02086,100,255000,25500000,6.3,Business,Medium,Small Business,1,1,1221434.0,1,Shared,11780631.0,5,8.5,Annual
C02087,150,230000,34500000,3.7,Business,Large,University,2,1,1496271.0,1,Shared,9570997.0,7,10.0,Monthly
C02088,10,345000,6693966,5.0,Personal,Small,Normal,0,0,0.0,0,,0.0,0,5.3,Monthly
C02089,100,285000,28500000,1.9,Business,Large,ISP Partner,3,1,1306517.0,1,Dedicated,14025303.0,7,4.3,Monthly
C02090,20,335000,6700000,8.9,Personal,Small,Normal,0,0,0.0,0,,0.0,2,4.3,Annual
C02091,150,230000,34500000,4.7,Business,Medium,Small Business,1,0,0.0,0,,0.0,1,3.8,Monthly
C02092,20,325000,6500000,9.2,Personal,Small,Normal,0,0,0.0,0,,0.0,1,6.1,Annual
C02093,20,345000,6900000,3.6,Personal,Small,Normal,0,0,0.0,0,,0.0,2,6.0,Monthly
C02094,20,300000,6000000,8.6,Business,Medium,Small Business,1,0,0.0,0,,0.0,4,8.5,Annual
C02095,50,270000,13500000,8.2,Personal,Small,Normal,0,0,0.0,0,,0.0,0,2.7,Annual
C02096,50,295000,14750000,1.9,Business,Small,Small Business,1,0,0.0,1,Shared,2738604.0,8,8.2,Monthly
C02097,10,360000,3600000,2.1,Personal,Small,Normal,0,0,0.0,0,,0.0,1,5.4,Monthly
C02098,50,270000,13500000,7.2,Business,Small,Small Business,1,0,0.0,0,,0.0,0,3.2,Annual
C02099,10,330000,3300000,0.8,Personal,Small,Normal,0,0,0.0,0,,0.0,0,1.1,Monthly
C02100,20,345000,6900000,1.7,Personal,Small,Normal,0,0,0.0,0,,0.0,2,8.0,Monthly
C02101,50,290000,14500000,8.6,Personal,Small,Normal,0,0,0.0,0,,0.0,0,3.0,Annual
C02102,20,305000,6100000,9.2,Personal,Small,Normal,0,0,0.0,0,,0.0,0,0.0,Monthly
C02103,30,290000,8700000,7.9,Personal,Small,Normal,0,0,0.0,0,,0.0,1,1.9,Monthly
C02104,20,350000,7000000,4.1,Personal,Small,Normal,0,0,0.0,0,,0.0,2,2.0,Monthly
C02105,150,250000,37500000,4.8,Business,Large,Enterprise,2,0,0.0,1,VPS,14848732.0,6,8.9,Monthly
C02106,200,255000,51000000,1.1,Business,Large,Hospital,3,1,1756861.0,0,,0.0,3,5.4,Monthly
C02107,150,230000,34500000,9.8,Business,Large,Hospital,3,1,1394385.0,1,Shared,4629337.0,7,8.1,Annual
C02108,150,230000,34500000,1.8,Business,Small,Small Business,1,0,0.0,1,VPS,10364621.0,3,5.3,Monthly
C02109,10,385000,3850000,1.8,Personal,Small,Normal,0,0,0.0,0,,0.0,2,5.9,Monthly
C02110,20,330000,17042542,4.4,Business,Small,Small Business,1,1,1217805.0,0,,0.0,3,0.0,Monthly
C02111,150,245000,36750000,8.1,Business,Large,University,2,1,1758710.0,0,,0.0,6,5.5,Monthly
C02112,100,250000,25000000,9.0,Business,Medium,Small Business,1,0,0.0,1,Shared,4074808.0,4,5.7,Annual
C02113,100,250000,25000000,9.5,Business,Small,Small Business,1,0,0.0,0,,0.0,4,5.4,Monthly
C02114,10,320000,3200000,8.8,Personal,Small,Normal,0,0,0.0,0,,0.0,0,3.1,Annual
C02115,100,285000,28500000,5.5,Business,Large,University,2,1,1724392.0,0,,0.0,3,6.8,Monthly
C02116,100,250000,25000000,5.9,Government,Large,Government,3,1,882008.0,0,,0.0,2,0.0,Annual
C02117,20,305000,6100000,6.3,Personal,Small,Normal,0,0,0.0,0,,0.0,2,1.1,Annual
C02118,30,320000,9600000,7.7,Personal,Small,Normal,0,0,0.0,0,,0.0,1,4.5,Annual
C02119,20,300000,6000000,6.2,Personal,Small,Normal,0,0,0.0,0,,0.0,0,2.5,Annual
C02120,10,320000,3200000,5.2,Personal,Small,Normal,0,0,0.0,1,Dedicated,11404375.0,3,8.2,Annual
C02121,150,260000,39000000,9.4,Business,Large,Enterprise,2,1,1841479.0,0,,0.0,3,6.4,Annual
C02122,20,365000,7300000,2.3,Personal,Small,Normal,0,0,0.0,0,,0.0,2,7.8,Monthly
C02123,50,270000,13500000,5.3,Personal,Small,Normal,0,0,0.0,0,,0.0,0,5.6,Annual
C02124,50,290000,14500000,6.8,Personal,Small,Normal,0,0,0.0,0,,0.0,0,3.1,Annual
C02125,30,290000,8700000,5.7,Personal,Small,Normal,0,0,0.0,0,,0.0,4,3.2,Annual
C02126,200,220000,44000000,9.7,Business,Large,ISP Partner,3,0,0.0,0,,0.0,0,2.4,Annual
C02127,10,340000,3400000,7.7,Personal,Small,Normal,0,0,0.0,0,,0.0,4,3.9,Monthly
C02128,300,200000,60000000,6.6,Government,Large,Government,3,1,1694359.0,1,Dedicated,8030834.0,6,5.5,Monthly
C02129,10,320000,3200000,5.7,Personal,Small,Normal,0,0,0.0,0,,0.0,1,2.4,Monthly
C02130,50,315000,15750000,0.5,Business,Medium,Small Business,1,1,971904.0,0,,0.0,7,6.5,Monthly
C02131,300,215000,64500000,3.5,Business,Large,Enterprise,2,0,0.0,0,,0.0,0,0.7,Monthly
C02132,20,310000,6200000,7.2,Personal,Small,Normal,0,0,0.0,0,,0.0,1,5.0,Annual
C02133,200,220000,44000000,9.3,Business,Large,Hospital,3,1,1909965.0,1,VPS,2702117.0,10,7.9,Annual
C02134,10,350000,3500000,9.3,Personal,Small,Normal,0,0,0.0,0,,0.0,0,4.5,Monthly
C02135,300,200000,60000000,5.2,Government,Large,Government,3,1,1185196.0,0,,0.0,5,6.2,Annual
C02136,30,300000,9000000,2.2,Personal,Small,Normal,0,0,0.0,0,,0.0,0,2.3,Monthly
C02137,10,365000,3650000,2.9,Personal,Small,Normal,0,0,0.0,0,,0.0,1,2.0,Monthly
C02138,30,310000,9300000,8.6,Business,Large,ISP Partner,3,1,1417139.0,1,VPS,3370961.0,8,7.7,Annual
C02139,100,305000,30500000,3.3,Business,Large,ISP Partner,3,1,1218884.0,1,Dedicated,12537066.0,6,8.2,Monthly
C02140,150,250000,37500000,1.6,Business,Medium,Small Business,1,1,1634333.0,0,,0.0,3,7.3,Monthly
C02141,30,300000,9000000,8.6,Personal,Small,Normal,0,0,0.0,0,,0.0,0,4.0,Annual
C02142,20,305000,6100000,9.8,Personal,Small,Normal,0,0,0.0,0,,0.0,0,5.2,Annual
C02143,300,235000,70500000,3.1,Business,Small,Small Business,1,0,0.0,1,VPS,17732796.0,3,6.6,Monthly
C02144,50,305000,15250000,6.4,Personal,Small,Normal,0,0,0.0,0,,0.0,0,4.9,Annual
C02145,200,220000,44000000,0.6,Government,Large,Government,3,1,445098.0,1,Shared,8633590.0,6,3.2,Monthly
C02146,100,260000,26000000,1.2,Government,Large,Government,3,1,1562452.0,0,,0.0,3,4.2,Monthly
C02147,10,345000,3450000,7.4,Personal,Small,Normal,0,0,0.0,0,,0.0,0,4.4,Annual
C02148,10,320000,3200000,4.4,Personal,Small,Normal,0,0,0.0,0,,0.0,1,1.9,Monthly
C02149,50,280000,14000000,6.5,Personal,Small,Normal,0,0,0.0,0,,0.0,0,0.2,Annual
C02150,10,375000,3750000,1.7,Personal,Small,Normal,0,0,0.0,0,,0.0,5,6.8,Monthly
C02151,20,300000,6000000,8.3,Business,Medium,Small Business,1,0,0.0,0,,0.0,6,5.7,Annual
C02152,10,320000,3200000,9.4,Personal,Small,Normal,0,0,0.0,0,,0.0,2,4.9,Annual
C02153,30,310000,9300000,4.9,Personal,Small,Normal,0,0,0.0,0,,0.0,3,3.1,Monthly
C02154,50,270000,13500000,4.8,Business,Small,Small Business,1,1,1633155.0,0,,0.0,4,4.8,Monthly
C02155,50,290000,14500000,6.6,Business,Small,Small Business,1,1,1706183.0,0,,0.0,2,4.5,Monthly
C02156,100,250000,25000000,5.5,Business,Large,Enterprise,2,0,0.0,0,,0.0,0,3.0,Annual
C02157,200,255000,51000000,0.3,Business,Medium,Small Business,1,1,649822.0,0,,0.0,8,5.8,Monthly
C02158,10,355000,3550000,8.9,Personal,Small,Normal,0,0,0.0,0,,0.0,2,7.5,Annual
C02159,30,295000,8850000,3.4,Business,Medium,Small Business,1,0,0.0,0,,0.0,4,5.6,Monthly
C02160,50,270000,13500000,4.1,Business,Small,Small Business,1,1,1070959.0,0,,0.0,4,5.5,Monthly
C02161,30,325000,9750000,7.7,Personal,Small,Normal,0,0,0.0,0,,0.0,0,1.4,Annual
C02162,150,230000,34500000,9.9,Business,Medium,Small Business,1,1,473494.0,0,,0.0,5,5.7,Annual
C02163,50,290000,14500000,7.5,Business,Small,Small Business,1,0,0.0,0,,0.0,5,4.4,Annual
C02164,150,265000,39750000,1.4,Business,Large,ISP Partner,3,1,1445890.0,1,VPS,4591815.0,10,11.0,Monthly
C02165,200,230000,46000000,9.5,Business,Medium,Small Business,1,1,1299794.0,0,,0.0,4,1.0,Annual
C02166,20,365000,7300000,2.2,Personal,Small,Normal,0,0,0.0,0,,0.0,0,4.8,Monthly
C02167,200,250000,50000000,3.0,Business,Large,Enterprise,2,0,0.0,0,,0.0,4,3.8,Monthly
C02168,20,350000,7000000,5.7,Personal,Small,Normal,0,0,0.0,0,,0.0,3,6.3,Annual
C02169,150,230000,34500000,5.4,Government,Large,Government,3,1,331518.0,1,Shared,14911389.0,8,12.3,Monthly
C02170,150,250000,37500000,7.0,Business,Medium,Small Business,1,1,1007046.0,0,,0.0,4,7.4,Annual
C02171,10,320000,3200000,7.3,Personal,Small,Normal,0,0,0.0,0,,0.0,2,4.3,Annual
C02172,200,235000,47000000,1.4,Government,Large,Government,3,1,1276269.0,1,VPS,6761213.0,9,9.0,Monthly
C02173,200,255000,51000000,4.2,Business,Large,Enterprise,2,0,0.0,0,,0.0,4,2.6,Monthly
C02174,20,300000,6000000,9.4,Personal,Small,Normal,0,0,0.0,0,,0.0,3,6.3,Monthly
C02175,20,330000,6600000,8.4,Business,Small,Small Business,1,1,349030.0,0,,0.0,4,7.7,Annual
C02176,100,275000,27500000,8.7,Business,Large,University,2,1,876574.0,1,Shared,7872894.0,9,4.5,Annual
C02177,10,325000,3250000,2.3,Personal,Small,Normal,0,0,0.0,0,,0.0,2,6.3,Monthly
C02178,300,225000,67500000,1.2,Business,Large,Enterprise,2,0,0.0,0,,0.0,5,3.1,Monthly
C02179,150,255000,38250000,3.8,Government,Large,Government,3,1,1026843.0,1,Dedicated,7432785.0,10,9.2,Monthly
C02180,200,220000,44000000,1.2,Business,Medium,Small Business,1,0,0.0,0,,0.0,4,4.5,Monthly
C02181,10,365000,3650000,1.2,Personal,Small,Normal,0,0,0.0,0,,0.0,2,1.8,Monthly
C02182,300,200000,60000000,1.9,Government,Large,Government,3,1,1822922.0,0,,0.0,6,9.1,Monthly
C02183,30,300000,9000000,4.6,Personal,Small,Normal,0,0,0.0,0,,0.0,1,2.0,Monthly
C02184,150,230000,34500000,3.5,Business,Small,Small Business,1,1,1178605.0,0,,0.0,6,7.1,Monthly
C02185,100,250000,25000000,4.7,Business,Medium,Small Business,1,0,0.0,0,,0.0,0,1.3,Monthly
C02186,100,270000,27000000,9.8,Business,Medium,Small Business,1,0,0.0,0,,0.0,3,5.5,Annual
C02187,10,320000,3200000,9.6,Personal,Small,Normal,0,0,0.0,0,,0.0,3,4.3,Annual
C02188,10,330000,3300000,9.4,Personal,Small,Normal,0,0,0.0,0,,0.0,3,6.0,Monthly
C02189,50,270000,13500000,4.5,Business,Small,Small Business,1,0,0.0,0,,0.0,3,3.2,Monthly
C02190,150,230000,34500000,2.5,Business,Medium,Small Business,1,0,0.0,0,,0.0,3,5.2,Monthly
C02191,100,290000,29000000,0.6,Business,Small,Small Business,1,1,1630585.0,0,,0.0,2,5.0,Monthly
C02192,20,330000,6600000,1.3,Personal,Small,Normal,0,0,0.0,0,,0.0,0,6.0,Monthly
C02193,200,220000,44000000,2.0,Business,Large,Enterprise,2,1,610606.0,1,Dedicated,18561630.0,7,7.3,Monthly
C02194,20,340000,6800000,1.8,Personal,Small,Normal,0,0,0.0,0,,0.0,4,3.0,Monthly
C02195,30,290000,8700000,4.6,Personal,Small,Normal,0,0,0.0,0,,0.0,0,2.2,Monthly
C02196,50,315000,15750000,3.7,Personal,Small,Normal,0,0,0.0,0,,0.0,2,3.7,Monthly
C02197,50,275000,13750000,7.1,Business,Medium,Small Business,1,0,0.0,1,Dedicated,7762381.0,8,4.1,Annual
C02198,100,290000,29000000,0.8,Business,Small,Small Business,1,0,0.0,0,,0.0,6,8.7,Monthly
C02199,200,245000,49000000,1.6,Business,Large,ISP Partner,3,1,684222.0,1,Dedicated,11939784.0,6,6.7,Monthly
C02200,30,330000,9900000,4.6,Business,Small,Small Business,1,0,0.0,0,,0.0,6,5.6,Monthly
C02201,100,255000,25500000,4.8,Government,Large,Government,3,1,898667.0,1,Dedicated,14588175.0,11,9.2,Monthly
C02202,30,300000,9000000,4.3,Personal,Small,Normal,0,0,0.0,0,,0.0,1,3.0,Monthly
C02203,150,290000,43500000,0.6,Business,Large,Hospital,3,1,911348.0,1,Shared,5509841.0,5,4.7,Monthly
C02204,200,275000,27500000,0.2,Business,Medium,Small Business,1,1,469774.0,0,,0.0,5,3.8,Monthly
C02205,20,300000,6000000,4.6,Personal,Small,Normal,0,0,0.0,0,,0.0,5,9.8,Monthly
C02206,100,265000,26500000,8.2,Business,Large,Enterprise,2,0,0.0,0,,0.0,4,7.9,Annual
C02207,10,320000,3200000,8.5,Personal,Small,Normal,0,0,0.0,0,,0.0,0,2.0,Annual
C02208,100,280000,28000000,4.1,Business,Large,Hospital,3,1,401091.0,0,,0.0,4,10.9,Monthly
C02209,20,340000,6800000,1.6,Personal,Small,Normal,0,0,0.0,0,,0.0,3,6.7,Monthly
C02210,100,275000,27500000,9.4,Business,Large,ISP Partner,3,1,1313531.0,1,Dedicated,3750910.0,9,5.5,Annual
C02211,20,315000,6300000,3.5,Business,Large,ISP Partner,3,1,1012251.0,0,,0.0,2,4.7,Monthly
C02212,300,215000,64500000,4.5,Business,Small,Small Business,1,1,1133062.0,1,Dedicated,8721532.0,8,9.7,Monthly
C02213,200,220000,44000000,9.4,Business,Medium,Small Business,1,1,1326006.0,0,,0.0,3,5.9,Annual
C02214,20,300000,6000000,4.5,Personal,Small,Normal,0,0,0.0,0,,0.0,0,4.9,Monthly
C02215,30,325000,9750000,0.9,Personal,Small,Normal,0,0,0.0,0,,0.0,2,4.1,Monthly
C02216,300,200000,60000000,7.6,Government,Large,Government,3,1,1906940.0,1,Shared,5096182.0,7,6.1,Annual
C02217,200,225000,45000000,6.2,Business,Large,ISP Partner,3,1,1729340.0,1,VPS,17678867.0,9,7.5,Annual
C02218,150,235000,35250000,1.3,Business,Medium,Small Business,1,1,1333288.0,0,,0.0,4,4.2,Monthly
C02219,10,325000,3250000,3.1,Personal,Small,Normal,0,0,0.0,0,,0.0,2,5.6,Monthly
C02220,10,385000,3850000,0.5,Personal,Small,Normal,0,0,0.0,0,,0.0,0,4.7,Monthly
C02221,300,200000,60000000,7.7,Business,Large,Enterprise,2,0,0.0,0,,0.0,5,6.4,Annual
C02222,100,250000,25000000,7.7,Business,Medium,Small Business,1,1,1871344.0,0,,0.0,7,8.7,Monthly
C02223,10,330000,3300000,7.9,Personal,Small,Normal,0,0,0.0,0,,0.0,1,3.4,Annual
C02224,200,220000,44000000,9.0,Business,Medium,Small Business,1,1,745805.0,0,,0.0,2,4.9,Annual
C02225,10,385000,3850000,1.5,Personal,Small,Normal,0,0,0.0,0,,0.0,0,0.2,Monthly
C02226,50,325000,16250000,1.2,Business,Medium,Small Business,1,1,1827259.0,0,,0.0,4,4.5,Monthly
C02227,20,300000,6000000,7.9,Personal,Small,Normal,0,0,0.0,0,,0.0,1,4.6,Annual
C02228,10,320000,3200000,1.0,Personal,Small,Normal,0,0,0.0,0,,0.0,2,2.1,Monthly
C02229,100,275000,27500000,7.9,Business,Medium,Small Business,1,0,0.0,0,,0.0,4,2.6,Annual
C02230,150,270000,40500000,6.7,Business,Large,University,2,0,0.0,0,,0.0,0,5.9,Annual
C02231,150,230000,34500000,3.2,Business,Medium,Small Business,1,1,413217.0,1,VPS,12622612.0,8,8.5,Monthly
C02232,30,290000,18553483,2.7,Personal,Small,Normal,0,0,0.0,0,,0.0,0,3.6,Monthly
C02233,20,325000,6500000,0.9,Personal,Small,Normal,0,0,0.0,0,,0.0,5,5.0,Monthly
C02234,100,250000,25000000,8.9,Government,Large,Government,3,1,311356.0,1,VPS,5551478.0,9,8.4,Annual
C02235,10,330000,3300000,6.1,Personal,Small,Normal,0,0,0.0,0,,0.0,0,4.0,Annual
C02236,20,300000,6000000,9.9,Personal,Small,Normal,0,0,0.0,0,,0.0,0,5.2,Annual
C02237,20,315000,6300000,9.5,Personal,Small,Normal,0,0,0.0,0,,0.0,0,4.6,Annual
C02238,20,325000,6500000,8.0,Personal,Small,Normal,0,0,0.0,1,Dedicated,17041132.0,3,3.7,Annual
C02239,50,270000,13500000,7.3,Personal,Small,Normal,0,0,0.0,0,,0.0,2,2.3,Annual
C02240,200,235000,47000000,2.7,Business,Small,Small Business,1,0,0.0,1,VPS,6762848.0,6,3.4,Monthly
C02241,100,250000,25000000,1.8,Government,Large,Government,3,1,395995.0,0,,0.0,3,3.3,Monthly
C02242,150,245000,36750000,7.5,Business,Large,Hospital,3,1,550029.0,1,Shared,12630726.0,7,5.3,Annual
C02243,50,280000,14000000,0.9,Personal,Small,Normal,0,0,0.0,0,,0.0,1,5.1,Monthly
C02244,20,355000,7100000,3.1,Personal,Small,Normal,0,0,0.0,0,,0.0,1,4.2,Monthly
C02245,50,300000,15000000,3.5,Personal,Small,Normal,0,1,1922499.0,0,,0.0,2,2.4,Monthly
C02246,50,310000,15500000,4.6,Personal,Small,Normal,0,0,0.0,0,,0.0,0,2.8,Monthly
C02247,30,300000,9000000,8.8,Business,Small,Small Business,1,1,577147.0,1,VPS,12392889.0,5,4.9,Annual
C02248,20,320000,6400000,2.8,Personal,Small,Normal,0,0,0.0,0,,0.0,0,1.6,Monthly
C02249,10,325000,3250000,2.2,Personal,Small,Normal,0,0,0.0,0,,0.0,0,5.4,Monthly
C02250,10,355000,3550000,1.6,Business,Large,University,2,0,0.0,0,,0.0,7,9.7,Monthly
C02251,200,225000,45000000,4.6,Government,Large,Government,3,1,1597058.0,1,VPS,6645223.0,9,12.1,Monthly
C02252,300,245000,73500000,1.2,Government,Large,Government,3,1,744867.0,0,,0.0,8,6.0,Monthly
C02253,50,270000,13500000,5.1,Personal,Small,Normal,0,0,0.0,0,,0.0,0,4.1,Monthly
C02254,10,320000,3200000,7.6,Personal,Small,Normal,0,0,0.0,0,,0.0,0,3.8,Annual
C02255,30,315000,9450000,8.2,Business,Medium,Small Business,1,0,0.0,0,,0.0,0,1.6,Annual
C02256,100,275000,27500000,7.9,Business,Small,Small Business,1,0,0.0,0,,0.0,3,5.0,Annual
C02257,50,270000,13500000,5.6,Business,Small,Small Business,1,1,638614.0,0,,0.0,6,5.8,Annual
C02258,200,260000,52000000,0.8,Government,Large,Government,3,1,705904.0,1,Dedicated,18175891.0,7,7.1,Monthly
C02259,200,255000,51000000,1.0,Business,Small,Small Business,1,0,0.0,0,,0.0,0,1.7,Monthly
C02260,100,255000,25500000,3.1,Business,Large,Enterprise,2,1,786546.0,1,VPS,14909752.0,9,6.3,Monthly
C02261,10,375000,3750000,4.8,Personal,Small,Normal,0,0,0.0,0,,0.0,0,0.3,Monthly
C02262,300,215000,64500000,8.1,Business,Small,Small Business,1,1,533799.0,0,,0.0,4,5.0,Annual
C02263,20,315000,6300000,5.1,Personal,Small,Normal,0,0,0.0,0,,0.0,0,0.8,Annual
C02264,100,260000,26000000,8.9,Government,Large,Government,3,1,948661.0,1,VPS,19988341.0,5,3.1,Monthly
C02265,150,280000,42000000,4.8,Business,Large,Hospital,3,0,0.0,0,,0.0,4,1.7,Monthly
C02266,10,365000,3650000,4.3,Personal,Small,Normal,0,0,0.0,0,,0.0,0,1.5,Monthly
C02267,50,270000,13500000,8.1,Personal,Small,Normal,0,0,0.0,0,,0.0,0,4.2,Annual
C02268,100,265000,26500000,8.3,Government,Large,Government,3,1,579830.0,1,VPS,7364544.0,9,6.8,Monthly
C02269,50,270000,13500000,3.5,Business,Large,University,2,0,0.0,0,,0.0,4,8.2,Monthly
C02270,100,265000,26500000,1.1,Business,Medium,Small Business,1,1,396145.0,0,,0.0,7,8.0,Monthly
C02271,30,335000,10050000,6.9,Personal,Small,Normal,0,0,0.0,0,,0.0,1,8.9,Annual
C02272,300,200000,60000000,7.6,Government,Large,Government,3,1,330609.0,1,Shared,3687666.0,8,8.8,Annual
C02273,20,315000,6300000,1.3,Personal,Small,Normal,0,0,0.0,0,,0.0,0,5.3,Monthly
C02274,20,300000,6000000,8.6,Personal,Small,Normal,0,0,0.0,0,,0.0,0,4.6,Monthly
C02275,100,250000,25000000,6.3,Business,Medium,Small Business,1,1,332733.0,0,,0.0,3,1.1,Monthly
C02276,20,300000,6000000,9.7,Personal,Small,Normal,0,0,0.0,0,,0.0,2,2.9,Monthly
C02277,10,360000,3600000,1.5,Personal,Small,Normal,0,0,0.0,0,,0.0,1,5.2,Monthly
C02278,20,350000,7000000,6.2,Business,Small,Small Business,1,1,1270513.0,1,Shared,6226707.0,10,11.1,Annual
C02279,10,345000,3450000,1.4,Personal,Small,Normal,0,0,0.0,0,,0.0,0,3.5,Monthly
C02280,30,290000,8700000,5.1,Personal,Small,Normal,0,0,0.0,0,,0.0,0,1.9,Annual
C02281,200,220000,44000000,6.6,Business,Large,ISP Partner,3,1,1252661.0,1,VPS,8759853.0,8,7.0,Monthly
C02282,20,310000,6200000,3.6,Personal,Small,Normal,0,0,0.0,0,,0.0,0,2.8,Monthly
C02283,10,320000,3200000,9.5,Personal,Small,Normal,0,0,0.0,0,,0.0,0,1.2,Annual
C02284,50,310000,15500000,1.4,Personal,Small,Normal,0,1,1664856.0,0,,0.0,3,2.3,Monthly
C02285,10,320000,3200000,2.4,Personal,Small,Normal,0,0,0.0,0,,0.0,4,6.1,Monthly
C02286,20,325000,6500000,3.7,Business,Small,Small Business,1,1,1155894.0,1,VPS,6248579.0,9,5.8,Monthly
C02287,150,230000,34500000,5.3,Business,Small,Small Business,1,1,1438538.0,1,VPS,19437296.0,9,7.9,Annual
C02288,300,200000,60000000,7.5,Government,Large,Government,3,0,0.0,0,,0.0,0,1.6,Annual
C02289,10,320000,3200000,8.2,Personal,Small,Normal,0,0,0.0,0,,0.0,0,1.3,Annual
C02290,10,345000,3450000,3.5,Personal,Small,Normal,0,0,0.0,1,VPS,19377316.0,3,7.9,Monthly
C02291,10,340000,3400000,8.9,Personal,Small,Normal,0,0,0.0,0,,0.0,0,0.6,Annual
C02292,150,280000,42000000,3.1,Business,Medium,Small Business,1,0,0.0,0,,0.0,0,1.8,Monthly
C02293,30,290000,8700000,5.9,Business,Small,Small Business,1,1,682148.0,1,Dedicated,14758244.0,10,7.6,Annual
C02294,150,275000,41250000,6.2,Business,Small,Small Business,1,0,0.0,0,,0.0,1,5.0,Annual
C02295,10,375000,3750000,1.9,Personal,Small,Normal,0,1,487507.0,0,,0.0,4,8.3,Monthly
C02296,50,270000,13500000,9.1,Personal,Small,Normal,0,0,0.0,0,,0.0,0,4.4,Annual
C02297,10,375000,3750000,0.3,Personal,Small,Normal,0,0,0.0,0,,0.0,0,2.6,Monthly
C02298,300,200000,60000000,9.0,Government,Large,Government,3,0,0.0,1,VPS,6925706.0,6,7.8,Annual
C02299,100,285000,28500000,0.6,Business,Small,Small Business,1,0,0.0,0,,0.0,2,0.7,Monthly
C02300,100,280000,28000000,0.9,Business,Medium,Small Business,1,0,0.0,1,Shared,5215775.0,6,6.0,Monthly
C02301,300,225000,67500000,2.3,Government,Large,Government,3,1,1464861.0,1,Dedicated,8563787.0,7,5.6,Monthly
C02302,30,320000,9600000,5.8,Personal,Small,Normal,0,0,0.0,0,,0.0,0,2.5,Annual
C02303,30,305000,9150000,9.7,Business,Large,ISP Partner,3,1,923082.0,1,Shared,12777114.0,10,6.1,Annual
C02304,20,300000,11337766,4.2,Business,Small,Small Business,1,0,0.0,1,VPS,5435742.0,9,9.0,Monthly
C02305,200,240000,48000000,3.9,Business,Large,Enterprise,2,0,0.0,0,,0.0,2,3.1,Monthly
C02306,10,365000,3650000,2.7,Personal,Small,Normal,0,0,0.0,0,,0.0,0,2.7,Monthly
C02307,20,310000,6200000,6.8,Personal,Small,Normal,0,0,0.0,0,,0.0,1,4.6,Annual
C02308,300,200000,60000000,3.3,Business,Large,Enterprise,2,1,1644176.0,0,,0.0,4,2.9,Monthly
C02309,10,365000,3650000,6.1,Personal,Small,Normal,0,0,0.0,0,,0.0,0,5.4,Annual
C02310,150,235000,35250000,8.6,Government,Large,Government,3,1,1562247.0,1,Shared,19324839.0,5,7.7,Annual
C02311,50,285000,14250000,3.1,Business,Small,Small Business,1,0,0.0,0,,0.0,2,2.8,Monthly
C02312,150,260000,39000000,1.1,Government,Large,Government,3,1,891979.0,1,Shared,17506340.0,9,8.9,Monthly
C02313,100,290000,29000000,5.8,Government,Large,Government,3,1,1499388.0,1,Dedicated,11947416.0,8,5.5,Monthly
C02314,50,295000,14750000,6.0,Personal,Small,Normal,0,0,0.0,0,,0.0,0,4.7,Annual
C02315,30,290000,8700000,0.5,Personal,Small,Normal,0,0,0.0,0,,0.0,0,2.8,Monthly
C02316,30,330000,9900000,7.2,Personal,Small,Normal,0,0,0.0,0,,0.0,2,2.9,Monthly
C02317,30,290000,8700000,8.7,Personal,Small,Normal,0,0,0.0,0,,0.0,2,2.6,Annual
C02318,30,320000,9600000,6.0,Business,Small,Small Business,1,0,0.0,1,Dedicated,8102577.0,4,1.4,Monthly
C02319,20,300000,6000000,8.6,Personal,Small,Normal,0,0,0.0,0,,0.0,3,5.5,Annual
C02320,10,355000,3550000,5.1,Personal,Small,Normal,0,0,0.0,0,,0.0,2,3.1,Monthly
C02321,50,290000,14500000,1.6,Personal,Small,Normal,0,0,0.0,0,,0.0,4,5.7,Monthly
C02322,20,300000,6000000,5.1,Personal,Small,Normal,0,0,0.0,0,,0.0,0,6.0,Annual
C02323,20,350000,7000000,7.3,Personal,Small,Normal,0,0,0.0,0,,0.0,0,4.3,Monthly
C02324,100,285000,28500000,8.0,Business,Large,University,2,1,608959.0,0,,0.0,2,4.4,Annual
C02325,100,250000,25000000,5.2,Business,Large,Hospital,3,1,628783.0,1,Dedicated,11817022.0,6,5.7,Annual
C02326,30,320000,9600000,8.4,Personal,Small,Normal,0,0,0.0,0,,0.0,4,5.4,Annual
C02327,10,335000,3350000,2.0,Personal,Small,Normal,0,0,0.0,0,,0.0,3,4.1,Monthly
C02328,200,220000,44000000,9.5,Business,Small,Small Business,1,1,1160974.0,0,,0.0,3,4.5,Annual
C02329,200,240000,48000000,6.4,Business,Small,Small Business,1,0,0.0,0,,0.0,1,4.3,Annual
C02330,150,250000,37500000,9.2,Government,Large,Government,3,1,1021239.0,1,Dedicated,10856325.0,10,10.0,Annual
C02331,20,300000,6000000,2.7,Personal,Small,Normal,0,0,0.0,0,,0.0,1,4.7,Monthly
C02332,50,280000,14000000,7.2,Business,Medium,Small Business,1,0,0.0,0,,0.0,3,8.8,Annual
C02333,30,300000,9000000,2.3,Business,Large,University,2,1,1583443.0,0,,0.0,4,4.7,Monthly
C02334,10,320000,3200000,9.3,Personal,Small,Normal,0,0,0.0,0,,0.0,0,2.6,Annual
C02335,10,345000,3450000,3.6,Personal,Small,Normal,0,0,0.0,0,,0.0,0,4.5,Monthly
C02336,100,275000,27500000,0.6,Government,Large,Government,3,0,0.0,1,VPS,11844538.0,5,6.7,Monthly
C02337,10,365000,3650000,0.5,Personal,Small,Normal,0,0,0.0,0,,0.0,0,5.1,Monthly
C02338,50,310000,15500000,3.8,Personal,Small,Normal,0,0,0.0,0,,0.0,1,2.8,Monthly
C02339,30,335000,10050000,0.5,Personal,Small,Normal,0,0,0.0,0,,0.0,1,5.7,Monthly
C02340,50,310000,15500000,1.6,Business,Medium,Small Business,1,0,0.0,0,,0.0,6,5.8,Monthly
C02341,10,370000,3700000,4.6,Personal,Small,Normal,0,0,0.0,0,,0.0,3,6.6,Monthly
C02342,100,260000,26000000,2.7,Business,Small,Small Business,1,0,0.0,0,,0.0,3,6.0,Monthly
C02343,50,310000,15500000,1.9,Business,Large,Hospital,3,1,1846314.0,0,,0.0,3,7.9,Monthly
C02344,100,285000,28500000,1.4,Business,Small,Small Business,1,1,1222994.0,0,,0.0,2,5.2,Monthly
C02345,100,255000,25500000,2.9,Business,Large,Hospital,3,1,904881.0,1,VPS,11857815.0,11,10.2,Monthly
C02346,150,235000,35250000,7.4,Government,Large,Government,3,1,861274.0,0,,0.0,3,5.7,Annual
C02347,300,225000,67500000,8.1,Business,Medium,Small Business,1,0,0.0,0,,0.0,5,7.5,Annual
C02348,30,290000,8700000,4.3,Personal,Small,Normal,0,0,0.0,0,,0.0,5,6.2,Monthly
C02349,30,330000,9900000,6.4,Personal,Small,Normal,0,0,0.0,0,,0.0,1,2.1,Annual
C02350,20,335000,6700000,0.4,Business,Large,University,2,1,1739011.0,0,,0.0,4,8.7,Monthly
C02351,50,280000,14000000,9.2,Personal,Small,Normal,0,0,0.0,0,,0.0,0,2.0,Annual
C02352,20,330000,6600000,1.7,Personal,Small,Normal,0,0,0.0,0,,0.0,1,4.1,Monthly
C02353,50,270000,13500000,5.3,Business,Large,Enterprise,2,0,0.0,1,VPS,4058437.0,7,10.2,Annual
C02354,10,340000,3400000,0.5,Personal,Small,Normal,0,0,0.0,0,,0.0,0,3.4,Monthly
C02355,30,320000,9600000,10.0,Personal,Small,Normal,0,0,0.0,0,,0.0,0,0.0,Monthly
C02356,200,220000,44000000,4.1,Government,Large,Government,3,1,963209.0,1,Shared,12586476.0,5,5.9,Monthly
C02357,20,330000,6600000,6.0,Personal,Small,Normal,0,1,1771414.0,0,,0.0,4,7.7,Monthly
C02358,30,290000,8700000,0.7,Business,Large,Hospital,3,1,1604042.0,0,,0.0,2,4.2,Monthly
C02359,100,300000,30000000,0.8,Business,Medium,Small Business,1,1,1540650.0,0,,0.0,4,10.1,Monthly
C02360,100,280000,28000000,7.1,Government,Large,Government,3,1,593016.0,0,,0.0,6,8.0,Annual
C02361,50,320000,16000000,4.3,Business,Small,Small Business,1,1,1499471.0,0,,0.0,5,7.4,Monthly
C02362,100,300000,30000000,1.0,Business,Medium,Small Business,1,1,1480461.0,0,,0.0,3,4.5,Monthly
C02363,200,220000,44000000,5.4,Government,Large,Government,3,1,1667859.0,0,,0.0,7,7.4,Annual
C02364,10,335000,3350000,2.9,Personal,Small,Normal,0,0,0.0,0,,0.0,0,1.6,Monthly
C02365,100,285000,28500000,3.3,Business,Medium,Small Business,1,1,1894265.0,0,,0.0,5,9.4,Monthly
C02366,200,225000,45000000,9.8,Business,Large,Enterprise,2,1,525621.0,0,,0.0,4,3.5,Monthly
C02367,10,320000,3200000,3.5,Personal,Small,Normal,0,1,604387.0,0,,0.0,2,4.0,Monthly
C02368,10,360000,3600000,4.5,Personal,Small,Normal,0,0,0.0,0,,0.0,2,5.9,Monthly
C02369,30,325000,9750000,6.7,Business,Medium,Small Business,1,0,0.0,1,Dedicated,17470042.0,11,10.5,Annual
C02370,20,300000,6000000,5.5,Business,Small,Small Business,1,0,0.0,0,,0.0,0,3.6,Annual
C02371,50,300000,15000000,5.3,Personal,Small,Normal,0,0,0.0,0,,0.0,3,3.8,Annual
C02372,150,230000,34500000,1.3,Business,Small,Small Business,1,1,1938662.0,1,Dedicated,13912125.0,9,8.4,Monthly
C02373,50,275000,13750000,9.3,Personal,Small,Normal,0,0,0.0,0,,0.0,0,3.3,Annual
C02374,20,300000,6000000,8.0,Business,Small,Small Business,1,0,0.0,1,Dedicated,12465944.0,6,3.6,Monthly
C02375,100,250000,25000000,2.7,Government,Large,Government,3,1,1115586.0,0,,0.0,2,3.3,Monthly
C02376,10,335000,3350000,0.5,Personal,Small,Normal,0,0,0.0,0,,0.0,6,9.7,Monthly
C02377,10,345000,3450000,5.1,Personal,Small,Normal,0,0,0.0,0,,0.0,2,1.0,Annual
C02378,20,355000,7100000,0.4,Personal,Small,Normal,0,0,0.0,0,,0.0,0,5.5,Monthly
C02379,10,320000,3200000,9.8,Business,Small,Small Business,1,0,0.0,0,,0.0,0,6.2,Monthly
C02380,30,295000,8850000,1.0,Personal,Small,Normal,0,0,0.0,0,,0.0,0,4.9,Monthly
C02381,10,390000,3900000,1.4,Personal,Small,Normal,0,0,0.0,0,,0.0,2,4.5,Monthly
C02382,10,325000,3250000,0.3,Business,Small,Small Business,1,1,381175.0,0,,0.0,3,4.5,Monthly
C02383,10,360000,3600000,0.2,Personal,Small,Normal,0,0,0.0,0,,0.0,2,7.0,Monthly
C02384,20,340000,6800000,1.1,Personal,Small,Normal,0,0,0.0,0,,0.0,1,1.0,Monthly
C02385,100,250000,25000000,5.5,Business,Large,University,2,0,0.0,0,,0.0,3,2.4,Monthly
C02386,300,230000,69000000,1.2,Business,Small,Small Business,1,0,0.0,0,,0.0,1,6.1,Monthly
C02387,10,325000,3250000,4.7,Personal,Small,Normal,0,0,0.0,0,,0.0,0,5.1,Monthly
C02388,30,295000,8850000,3.5,Business,Small,Small Business,1,1,507604.0,0,,0.0,7,9.4,Monthly
C02389,200,220000,44000000,4.7,Business,Large,Hospital,3,1,1494161.0,1,Shared,8157653.0,9,10.1,Monthly
C02390,20,365000,7300000,1.9,Business,Large,University,2,1,1905909.0,1,VPS,11572196.0,8,8.0,Monthly
C02391,10,325000,3250000,3.9,Personal,Small,Normal,0,0,0.0,0,,0.0,1,0.0,Monthly
C02392,50,305000,15250000,1.6,Personal,Small,Normal,0,0,0.0,0,,0.0,2,1.6,Monthly
C02393,200,230000,46000000,9.6,Government,Large,Government,3,0,0.0,1,VPS,4495385.0,8,7.3,Monthly
C02394,300,235000,70500000,6.0,Business,Large,Hospital,3,1,1314520.0,0,,0.0,4,5.4,Monthly
C02395,300,240000,72000000,0.4,Government,Large,Government,3,1,1554636.0,0,,0.0,4,2.7,Monthly
C02396,20,310000,6200000,8.8,Business,Medium,Small Business,1,1,1077971.0,0,,0.0,3,6.0,Annual
C02397,150,275000,41250000,5.9,Business,Small,Small Business,1,0,0.0,1,Dedicated,17984350.0,6,4.2,Annual
C02398,100,295000,29500000,4.5,Government,Large,Government,3,1,762596.0,1,VPS,16895585.0,9,8.4,Monthly
C02399,10,390000,3900000,0.3,Personal,Small,Normal,0,0,0.0,0,,0.0,1,1.5,Monthly
C02400,300,210000,63000000,0.4,Business,Small,Small Business,1,1,1306494.0,1,Shared,11354301.0,6,2.9,Monthly
C02401,20,310000,6200000,8.4,Personal,Small,Normal,0,0,0.0,0,,0.0,0,2.6,Annual
C02402,10,360000,3600000,4.4,Business,Medium,Small Business,1,0,0.0,0,,0.0,1,3.4,Monthly
C02403,10,360000,3600000,9.5,Personal,Small,Normal,0,0,0.0,0,,0.0,1,1.0,Annual
C02404,10,320000,3200000,8.2,Personal,Small,Normal,0,0,0.0,0,,0.0,1,4.6,Annual
C02405,30,290000,8700000,9.6,Personal,Small,Normal,0,0,0.0,0,,0.0,1,1.7,Annual
C02406,10,375000,3750000,1.2,Personal,Small,Normal,0,0,0.0,0,,0.0,3,2.2,Monthly
C02407,10,365000,3650000,2.3,Personal,Small,Normal,0,0,0.0,0,,0.0,0,3.7,Monthly
C02408,10,360000,3600000,0.2,Personal,Small,Normal,0,0,0.0,0,,0.0,2,2.5,Monthly
C02409,10,360000,3600000,6.5,Personal,Small,Normal,0,0,0.0,0,,0.0,0,4.0,Annual
C02410,200,230000,34500000,2.5,Business,Small,Small Business,1,0,0.0,0,,0.0,0,1.9,Monthly
C02411,200,220000,44000000,5.0,Government,Large,Government,3,1,778314.0,1,VPS,3554800.0,8,6.3,Monthly
C02412,20,345000,6900000,3.1,Personal,Small,Normal,0,0,0.0,0,,0.0,0,1.2,Monthly
C02413,50,270000,13500000,7.6,Personal,Small,Normal,0,0,0.0,0,,0.0,4,8.6,Annual
C02414,50,270000,13500000,9.5,Personal,Small,Normal,0,0,0.0,0,,0.0,1,3.6,Monthly
C02415,10,355000,3550000,7.0,Personal,Small,Normal,0,0,0.0,0,,0.0,0,4.8,Monthly
C02416,10,370000,3700000,6.1,Personal,Small,Normal,0,0,0.0,0,,0.0,0,4.5,Monthly
C02417,30,340000,10200000,2.4,Personal,Small,Normal,0,0,0.0,0,,0.0,0,0.1,Monthly
C02418,30,300000,9000000,7.0,Business,Small,Small Business,1,1,455396.0,0,,0.0,5,7.6,Annual
C02419,50,270000,13500000,4.3,Business,Medium,Small Business,1,0,0.0,0,,0.0,4,4.9,Monthly
C02420,30,305000,9150000,3.9,Personal,Small,Normal,0,0,0.0,0,,0.0,2,0.8,Monthly
C02421,50,270000,13500000,6.8,Personal,Small,Normal,0,0,0.0,0,,0.0,4,4.9,Annual
C02422,30,305000,9150000,1.2,Personal,Small,Normal,0,0,0.0,0,,0.0,0,1.2,Monthly
C02423,100,275000,27500000,6.9,Business,Small,Small Business,1,0,0.0,0,,0.0,1,3.4,Annual
C02424,10,375000,3750000,4.7,Business,Small,Small Business,1,1,1554583.0,0,,0.0,5,5.2,Monthly
C02425,20,300000,6000000,8.3,Personal,Small,Normal,0,0,0.0,0,,0.0,0,5.1,Monthly
C02426,150,230000,34500000,7.7,Business,Small,Small Business,1,1,1602587.0,0,,0.0,2,6.9,Annual
C02427,10,355000,3550000,3.9,Personal,Small,Normal,0,0,0.0,0,,0.0,0,0.0,Monthly
C02428,10,320000,3200000,8.9,Personal,Small,Normal,0,0,0.0,0,,0.0,0,0.0,Annual
C02429,20,300000,6000000,5.3,Business,Small,Small Business,1,0,0.0,1,VPS,17736436.0,3,5.0,Annual
C02430,100,285000,28500000,1.7,Business,Small,Small Business,1,1,420908.0,0,,0.0,6,4.2,Monthly
C02431,150,270000,40500000,5.0,Business,Medium,Small Business,1,0,0.0,0,,0.0,0,3.5,Monthly
C02432,20,325000,6500000,9.4,Personal,Small,Normal,0,0,0.0,0,,0.0,0,4.2,Annual
C02433,20,325000,6500000,9.2,Personal,Small,Normal,0,0,0.0,0,,0.0,0,3.2,Annual
C02434,10,365000,3650000,2.7,Personal,Small,Normal,0,0,0.0,0,,0.0,0,3.3,Monthly
C02435,10,320000,3200000,5.8,Personal,Small,Normal,0,0,0.0,0,,0.0,0,2.8,Annual
C02436,20,350000,7000000,2.1,Business,Medium,Small Business,1,1,1205075.0,0,,0.0,4,6.0,Monthly
C02437,100,250000,25000000,4.7,Government,Large,Government,3,1,685995.0,1,Dedicated,7981937.0,10,11.8,Monthly
C02438,30,320000,9600000,0.4,Personal,Small,Normal,0,1,1407609.0,0,,0.0,6,7.1,Monthly
C02439,200,220000,44000000,3.7,Business,Small,Small Business,1,1,1646210.0,1,VPS,17669022.0,9,5.4,Monthly
C02440,10,325000,3250000,5.5,Personal,Small,Normal,0,0,0.0,0,,0.0,1,4.9,Annual
C02441,300,200000,60000000,5.0,Government,Large,Government,3,1,438012.0,0,,0.0,5,13.3,Monthly
C02442,100,310000,31000000,0.7,Business,Large,Enterprise,2,0,0.0,0,,0.0,0,4.3,Monthly
C02443,50,270000,13500000,8.4,Business,Medium,Small Business,1,0,0.0,0,,0.0,3,3.1,Monthly
C02444,20,300000,6000000,8.5,Personal,Small,Normal,0,0,0.0,0,,0.0,0,0.0,Annual
C02445,10,345000,3450000,6.1,Personal,Small,Normal,0,0,0.0,0,,0.0,0,3.4,Annual
C02446,300,245000,73500000,4.2,Business,Large,Enterprise,2,0,0.0,1,VPS,16820669.0,5,9.5,Monthly
C02447,10,360000,3600000,9.2,Personal,Small,Normal,0,0,0.0,0,,0.0,0,0.0,Annual
C02448,300,225000,67500000,1.2,Business,Large,Enterprise,2,0,0.0,0,,0.0,2,3.8,Monthly
C02449,20,300000,6000000,1.3,Personal,Small,Normal,0,0,0.0,0,,0.0,0,3.9,Monthly
C02450,30,325000,9750000,4.2,Personal,Small,Normal,0,0,0.0,0,,0.0,2,4.8,Monthly
C02451,150,240000,36000000,0.5,Business,Medium,Small Business,1,1,759675.0,0,,0.0,9,8.5,Monthly
C02452,30,305000,9150000,4.7,Personal,Small,Normal,0,0,0.0,0,,0.0,0,6.1,Monthly
C02453,20,350000,7000000,3.5,Personal,Small,Normal,0,0,0.0,0,,0.0,0,5.2,Monthly
C02454,50,270000,13500000,9.8,Business,Medium,Small Business,1,0,0.0,0,,0.0,1,2.8,Annual
C02455,10,335000,3350000,6.5,Personal,Small,Normal,0,0,0.0,0,,0.0,0,1.1,Annual
C02456,10,320000,3200000,8.9,Personal,Small,Normal,0,0,0.0,0,,0.0,0,2.9,Annual
C02457,300,250000,75000000,1.9,Business,Small,Small Business,1,0,0.0,1,Dedicated,9797653.0,6,4.3,Monthly
C02458,300,215000,64500000,0.4,Government,Large,Government,3,1,1265536.0,1,Dedicated,19649737.0,9,8.3,Monthly
C02459,30,305000,9150000,0.3,Business,Medium,Small Business,1,1,1191149.0,1,VPS,13839152.0,6,4.6,Monthly
C02460,100,295000,29500000,1.3,Business,Large,Enterprise,2,1,300493.0,0,,0.0,3,5.0,Monthly
C02461,300,220000,66000000,7.1,Business,Large,Hospital,3,1,1008940.0,0,,0.0,6,7.5,Annual
C02462,200,220000,44000000,1.5,Business,Large,Enterprise,2,1,1598486.0,0,,0.0,5,5.8,Monthly
C02463,200,220000,44000000,4.0,Business,Medium,Small Business,1,0,0.0,0,,0.0,0,4.0,Monthly
C02464,10,320000,3200000,7.9,Personal,Small,Normal,0,0,0.0,0,,0.0,0,0.0,Annual
C02465,30,320000,9600000,5.6,Personal,Small,Normal,0,0,0.0,0,,0.0,4,5.2,Annual
C02466,50,295000,14750000,8.9,Personal,Small,Normal,0,0,0.0,0,,0.0,4,6.1,Monthly
C02467,30,320000,9600000,5.0,Personal,Small,Normal,0,0,0.0,0,,0.0,1,1.6,Monthly
C02468,100,250000,25000000,5.2,Business,Large,Hospital,3,1,1813071.0,1,VPS,14970588.0,9,7.2,Annual
C02469,50,275000,13750000,1.5,Personal,Small,Normal,0,0,0.0,0,,0.0,0,4.3,Monthly
C02470,50,285000,14250000,0.5,Business,Small,Small Business,1,0,0.0,0,,0.0,2,5.6,Monthly
C02471,50,275000,13750000,7.2,Business,Small,Small Business,1,1,452695.0,0,,0.0,2,2.4,Monthly
C02472,10,340000,3400000,1.1,Personal,Small,Normal,0,0,0.0,0,,0.0,1,3.8,Monthly
C02473,20,315000,6300000,6.3,Personal,Small,Normal,0,0,0.0,0,,0.0,0,3.2,Monthly
C02474,200,245000,49000000,3.8,Government,Large,Government,3,1,1263991.0,1,VPS,19804586.0,6,4.6,Monthly
C02475,10,335000,3350000,1.0,Personal,Small,Normal,0,0,0.0,0,,0.0,2,1.7,Monthly
C02476,10,375000,3750000,1.2,Personal,Small,Normal,0,1,1383150.0,0,,0.0,3,5.4,Monthly
C02477,30,305000,9150000,9.7,Personal,Small,Normal,0,0,0.0,1,Dedicated,3696164.0,3,5.9,Annual
C02478,10,380000,3800000,3.0,Personal,Small,Normal,0,0,0.0,0,,0.0,3,1.4,Monthly
C02479,10,330000,3300000,9.1,Personal,Small,Normal,0,0,0.0,0,,0.0,2,6.5,Annual
C02480,300,205000,61500000,1.7,Business,Medium,Small Business,1,1,676418.0,0,,0.0,7,3.9,Monthly
C02481,30,290000,8700000,9.0,Personal,Small,Normal,0,0,0.0,0,,0.0,0,3.9,Annual
C02482,300,200000,60000000,7.3,Government,Large,Government,3,1,1206541.0,1,Dedicated,15915742.0,6,6.0,Annual
C02483,10,380000,3800000,2.4,Personal,Small,Normal,0,0,0.0,0,,0.0,6,3.3,Monthly
C02484,10,365000,3650000,3.8,Personal,Small,Normal,0,0,0.0,0,,0.0,0,3.9,Monthly
C02485,150,250000,37500000,3.1,Government,Large,Government,3,1,678949.0,1,VPS,5325910.0,9,9.3,Monthly
C02486,150,230000,34500000,1.9,Business,Medium,Small Business,1,0,0.0,1,VPS,5762635.0,7,6.8,Monthly
C02487,200,220000,44000000,3.1,Business,Small,Small Business,1,0,0.0,0,,0.0,0,0.7,Monthly
C02488,10,320000,3200000,8.6,Personal,Small,Normal,0,0,0.0,0,,0.0,0,1.4,Annual
C02489,50,270000,13500000,8.7,Personal,Small,Normal,0,0,0.0,0,,0.0,3,4.8,Monthly
C02490,300,200000,60000000,5.1,Business,Large,University,2,0,0.0,1,VPS,17481876.0,8,9.3,Annual
C02491,30,290000,8700000,6.2,Personal,Small,Normal,0,0,0.0,0,,0.0,2,3.7,Annual
C02492,300,200000,60000000,9.7,Business,Large,University,2,1,1924403.0,0,,0.0,5,6.2,Annual
C02493,10,355000,3550000,8.0,Personal,Small,Normal,0,0,0.0,0,,0.0,1,4.8,Monthly
C02494,50,280000,14000000,7.5,Personal,Small,Normal,0,0,0.0,0,,0.0,0,4.6,Monthly
C02495,20,325000,6500000,5.8,Personal,Small,Normal,0,0,0.0,0,,0.0,2,6.5,Annual
C02496,50,280000,14000000,5.0,Business,Large,Hospital,3,1,1262455.0,1,Dedicated,8678773.0,8,6.1,Monthly
C02497,20,300000,6000000,3.0,Personal,Small,Normal,0,0,0.0,0,,0.0,2,4.1,Monthly
C02498,50,270000,13500000,6.3,Personal,Small,Normal,0,0,0.0,0,,0.0,1,0.6,Annual
C02499,150,230000,34500000,7.1,Government,Large,Government,3,1,1830572.0,1,VPS,10321908.0,7,5.2,Monthly
C02500,30,345000,10350000,2.8,Personal,Small,Normal,0,0,0.0,0,,0.0,0,4.5,Monthly
C02501,50,270000,13500000,2.6,Personal,Small,Normal,0,0,0.0,0,,0.0,4,7.0,Monthly
C02502,200,235000,47000000,4.5,Business,Small,Small Business,1,1,1160370.0,0,,0.0,8,8.3,Monthly
C02503,20,305000,6100000,0.5,Personal,Small,Normal,0,0,0.0,0,,0.0,0,3.1,Monthly
C02504,200,220000,44000000,6.1,Government,Large,Government,3,1,958012.0,1,VPS,9124915.0,7,5.5,Monthly
C02505,30,325000,9750000,5.5,Business,Large,University,2,1,1679357.0,0,,0.0,5,5.7,Annual
C02506,20,335000,6700000,3.3,Business,Medium,Small Business,1,1,315237.0,1,Dedicated,17462391.0,7,4.4,Monthly
C02507,150,255000,38250000,0.2,Business,Medium,Small Business,1,1,1586581.0,0,,0.0,4,4.6,Monthly
C02508,30,295000,8850000,7.5,Personal,Small,Normal,0,1,1622449.0,0,,0.0,2,7.3,Annual
C02509,200,220000,44000000,6.8,Business,Medium,Small Business,1,0,0.0,1,VPS,5646471.0,6,7.4,Annual
C02510,20,330000,6600000,7.0,Personal,Small,Normal,0,1,1135307.0,0,,0.0,2,3.6,Annual
C02511,10,385000,3850000,3.3,Personal,Small,Normal,0,0,0.0,0,,0.0,0,0.0,Monthly
C02512,300,220000,66000000,5.0,Business,Large,University,2,0,0.0,0,,0.0,2,1.7,Monthly
C02513,20,310000,6200000,1.6,Personal,Small,Normal,0,0,0.0,0,,0.0,1,3.7,Monthly
C02514,20,300000,6000000,9.6,Personal,Small,Normal,0,1,1471994.0,0,,0.0,3,4.7,Annual
C02515,20,345000,6900000,7.5,Personal,Small,Normal,0,0,0.0,0,,0.0,0,3.2,Monthly
C02516,10,350000,3500000,4.3,Personal,Small,Normal,0,0,0.0,0,,0.0,0,2.3,Monthly
C02517,300,215000,64500000,8.2,Business,Large,Hospital,3,1,1808433.0,1,Shared,7673451.0,8,10.5,Annual
C02518,300,200000,60000000,6.5,Business,Large,Enterprise,2,0,0.0,0,,0.0,1,2.2,Annual
C02519,100,250000,25000000,6.7,Business,Small,Small Business,1,1,672506.0,0,,0.0,6,7.4,Annual
C02520,20,310000,6200000,9.2,Personal,Small,Normal,0,0,0.0,0,,0.0,1,1.6,Monthly
C02521,20,360000,7200000,2.5,Business,Large,Hospital,3,1,802633.0,1,Shared,17778376.0,9,6.1,Monthly
C02522,30,315000,9450000,2.7,Personal,Small,Normal,0,0,0.0,0,,0.0,1,4.1,Monthly
C02523,10,330000,3300000,6.3,Personal,Small,Normal,0,0,0.0,0,,0.0,0,2.9,Annual
C02524,10,350000,3500000,7.2,Personal,Small,Normal,0,1,1472829.0,0,,0.0,2,8.1,Annual
C02525,100,300000,30000000,0.6,Business,Medium,Small Business,1,0,0.0,1,VPS,9196683.0,3,5.9,Monthly
C02526,150,230000,34500000,4.6,Business,Medium,Small Business,1,0,0.0,0,,0.0,5,6.8,Monthly
C02527,50,300000,15000000,8.4,Business,Medium,Small Business,1,1,1869267.0,0,,0.0,8,8.2,Annual
C02528,100,250000,25000000,2.4,Business,Medium,Small Business,1,0,0.0,0,,0.0,2,4.8,Monthly
C02529,300,200000,60000000,0.6,Business,Small,Small Business,1,1,642322.0,1,Dedicated,17536262.0,10,9.6,Monthly
C02530,20,310000,6200000,0.5,Personal,Small,Normal,0,0,0.0,0,,0.0,0,4.7,Monthly
C02531,20,345000,6900000,9.2,Personal,Small,Normal,0,0,0.0,0,,0.0,2,4.6,Monthly
C02532,10,355000,3550000,4.2,Personal,Small,Normal,0,0,0.0,0,,0.0,2,1.1,Monthly
C02533,100,275000,27500000,8.1,Business,Large,University,2,0,0.0,1,VPS,7817407.0,6,7.0,Annual
C02534,100,280000,28000000,5.8,Business,Medium,Small Business,1,0,0.0,0,,0.0,3,4.1,Annual
C02535,50,310000,15500000,5.7,Personal,Small,Normal,0,0,0.0,0,,0.0,2,5.4,Annual
C02536,50,325000,16250000,5.1,Business,Small,Small Business,1,1,1772374.0,1,Shared,13572731.0,5,7.8,Monthly
C02537,20,305000,6100000,3.4,Personal,Small,Normal,0,0,0.0,0,,0.0,1,5.8,Monthly
C02538,300,225000,67500000,0.2,Government,Large,Government,3,1,1149851.0,0,,0.0,6,5.6,Monthly
C02539,10,335000,3350000,4.4,Personal,Small,Normal,0,0,0.0,0,,0.0,2,4.5,Monthly
C02540,300,205000,61500000,7.6,Government,Large,Government,3,1,630281.0,0,,0.0,6,5.8,Monthly
C02541,10,320000,3200000,4.4,Personal,Small,Normal,0,0,0.0,0,,0.0,3,4.2,Monthly
C02542,300,205000,61500000,2.7,Business,Large,ISP Partner,3,1,1927742.0,1,VPS,18936730.0,11,8.2,Monthly
C02543,10,325000,3250000,2.8,Personal,Small,Normal,0,0,0.0,1,Shared,15279043.0,3,4.4,Monthly
C02544,10,325000,3250000,0.4,Personal,Small,Normal,0,0,0.0,0,,0.0,2,6.0,Monthly
C02545,100,250000,25000000,7.3,Government,Large,Government,3,1,1521604.0,1,VPS,2179814.0,9,10.4,Annual
C02546,150,230000,34500000,4.5,Business,Large,Hospital,3,1,793256.0,1,VPS,17249436.0,6,5.7,Monthly
C02547,150,230000,34500000,9.6,Government,Large,Government,3,1,1869815.0,0,,0.0,4,1.8,Annual
C02548,150,280000,42000000,3.9,Business,Small,Small Business,1,0,0.0,0,,0.0,3,5.0,Monthly
C02549,150,275000,41250000,0.2,Business,Medium,Small Business,1,1,1789136.0,0,,0.0,8,10.0,Monthly
C02550,10,355000,3550000,5.8,Personal,Small,Normal,0,0,0.0,0,,0.0,1,3.8,Annual
C02551,100,285000,28500000,4.9,Business,Medium,Small Business,1,1,1370161.0,0,,0.0,3,5.0,Monthly
C02552,100,250000,25000000,8.5,Business,Small,Small Business,1,0,0.0,0,,0.0,2,5.7,Annual
C02553,200,265000,53000000,0.9,Business,Medium,Small Business,1,0,0.0,0,,0.0,7,9.4,Monthly
C02554,100,275000,27500000,4.3,Government,Large,Government,3,1,1964476.0,0,,0.0,7,4.9,Monthly
C02555,50,300000,15000000,4.3,Personal,Small,Normal,0,0,0.0,0,,0.0,2,7.2,Monthly
C02556,30,290000,8700000,7.0,Personal,Small,Normal,0,0,0.0,0,,0.0,1,3.4,Annual
C02557,200,220000,44000000,7.6,Business,Small,Small Business,1,0,0.0,0,,0.0,5,6.9,Annual
C02558,20,325000,6500000,7.8,Personal,Small,Normal,0,0,0.0,0,,0.0,0,2.2,Annual
C02559,20,300000,6000000,6.0,Personal,Small,Normal,0,0,0.0,0,,0.0,0,0.6,Annual
C02560,30,290000,19027669,1.3,Personal,Small,Normal,0,0,0.0,0,,0.0,0,0.0,Monthly
C02561,10,335000,3350000,8.6,Personal,Small,Normal,0,0,0.0,0,,0.0,2,3.6,Annual
C02562,50,270000,13500000,9.9,Personal,Small,Normal,0,0,0.0,0,,0.0,0,3.5,Annual
C02563,20,310000,6200000,5.0,Personal,Small,Normal,0,0,0.0,0,,0.0,0,4.0,Monthly
C02564,200,240000,48000000,3.2,Business,Medium,Small Business,1,0,0.0,1,VPS,8639692.0,7,6.1,Monthly
C02565,50,300000,15000000,0.4,Business,Small,Small Business,1,1,540504.0,0,,0.0,7,6.3,Monthly
C02566,100,290000,29000000,6.1,Business,Large,University,2,1,990251.0,0,,0.0,5,3.6,Monthly
C02567,20,305000,6100000,8.4,Personal,Small,Normal,0,0,0.0,0,,0.0,3,4.7,Annual
C02568,50,295000,14750000,6.7,Personal,Small,Normal,0,0,0.0,0,,0.0,2,6.4,Annual
C02569,10,345000,3450000,1.8,Personal,Small,Normal,0,0,0.0,0,,0.0,0,3.2,Monthly
C02570,300,200000,60000000,9.4,Government,Large,Government,3,1,1394114.0,1,Dedicated,6972690.0,6,7.0,Annual
C02571,20,340000,6800000,6.2,Personal,Small,Normal,0,0,0.0,0,,0.0,0,7.8,Annual
C02572,100,265000,26500000,6.6,Business,Small,Small Business,1,0,0.0,0,,0.0,6,6.8,Monthly
C02573,20,325000,6500000,0.8,Personal,Small,Normal,0,0,0.0,0,,0.0,1,4.8,Monthly
C02574,10,320000,3200000,6.2,Personal,Small,Normal,0,0,0.0,0,,0.0,0,2.9,Annual
C02575,30,290000,8700000,8.1,Personal,Small,Normal,0,0,0.0,0,,0.0,0,4.7,Annual
C02576,50,290000,14500000,3.9,Business,Medium,Small Business,1,0,0.0,0,,0.0,2,1.4,Monthly
C02577,100,250000,25000000,10.0,Business,Large,University,2,1,1524014.0,0,,0.0,7,7.2,Annual
C02578,200,245000,49000000,4.3,Business,Medium,Small Business,1,0,0.0,0,,0.0,3,3.0,Monthly
C02579,10,320000,3200000,7.1,Business,Large,Hospital,3,1,871199.0,1,VPS,2106940.0,5,5.7,Annual
C02580,150,275000,41250000,5.1,Business,Large,ISP Partner,3,1,415151.0,0,,0.0,6,7.6,Monthly
C02581,20,335000,6700000,1.8,Business,Medium,Small Business,1,0,0.0,0,,0.0,0,0.9,Monthly
C02582,150,230000,34500000,6.5,Business,Large,Enterprise,2,1,1632863.0,0,,0.0,2,3.5,Annual
C02583,10,375000,3750000,1.1,Personal,Small,Normal,0,0,0.0,0,,0.0,1,4.3,Monthly
C02584,10,360000,3600000,3.8,Personal,Small,Normal,0,0,0.0,0,,0.0,0,2.4,Monthly
C02585,50,275000,13750000,4.0,Business,Small,Small Business,1,0,0.0,0,,0.0,3,8.6,Monthly
C02586,100,250000,25000000,8.6,Business,Medium,Small Business,1,0,0.0,0,,0.0,3,3.3,Monthly
C02587,20,315000,6300000,0.4,Business,Small,Small Business,1,1,757844.0,0,,0.0,4,5.4,Monthly
C02588,100,270000,27000000,2.4,Government,Large,Government,3,1,761926.0,1,Shared,17360538.0,9,11.1,Monthly
C02589,100,255000,25500000,3.2,Business,Medium,Small Business,1,0,0.0,0,,0.0,4,6.2,Monthly
C02590,20,320000,6400000,9.8,Personal,Small,Normal,0,0,0.0,0,,0.0,1,1.1,Annual
C02591,200,220000,44000000,5.6,Government,Large,Government,3,1,1380711.0,0,,0.0,3,4.5,Annual
C02592,300,215000,64500000,6.5,Business,Large,Hospital,3,1,1088083.0,0,,0.0,4,2.6,Monthly
C02593,300,225000,67500000,1.7,Business,Large,University,2,0,0.0,1,VPS,5359189.0,5,6.6,Monthly
C02594,100,315000,31500000,0.4,Business,Large,Hospital,3,1,837523.0,1,Dedicated,15468780.0,7,6.5,Monthly
C02595,150,260000,39000000,8.1,Business,Medium,Small Business,1,1,713736.0,0,,0.0,5,7.1,Annual
C02596,10,350000,3500000,7.6,Personal,Small,Normal,0,0,0.0,0,,0.0,2,4.0,Annual
C02597,200,220000,44000000,4.0,Government,Large,Government,3,1,938048.0,1,Dedicated,9874208.0,7,6.8,Monthly
C02598,200,225000,45000000,9.6,Business,Large,Enterprise,2,1,383648.0,0,,0.0,5,3.1,Annual
C02599,150,230000,34500000,7.7,Business,Large,ISP Partner,3,1,608599.0,1,Shared,10956742.0,9,11.2,Monthly
C02600,10,350000,3500000,9.0,Personal,Small,Normal,0,0,0.0,0,,0.0,1,3.4,Monthly
C02601,200,270000,54000000,0.3,Business,Small,Small Business,1,0,0.0,0,,0.0,5,5.6,Monthly
C02602,10,370000,3700000,6.3,Personal,Small,Normal,0,0,0.0,0,,0.0,0,2.8,Annual
C02603,300,200000,60000000,6.2,Business,Large,University,2,1,1985207.0,0,,0.0,3,6.0,Annual
C02604,10,320000,3200000,1.4,Personal,Small,Normal,0,0,0.0,0,,0.0,3,5.9,Monthly
C02605,100,270000,27000000,3.4,Business,Small,Small Business,1,1,1740470.0,0,,0.0,6,3.9,Monthly
C02606,50,270000,13500000,4.3,Personal,Small,Normal,0,0,0.0,0,,0.0,0,0.0,Monthly
C02607,30,290000,8700000,9.1,Personal,Small,Normal,0,0,0.0,0,,0.0,1,2.0,Annual
C02608,10,360000,3600000,4.9,Personal,Small,Normal,0,0,0.0,0,,0.0,2,4.7,Monthly
C02609,150,230000,34500000,5.1,Business,Small,Small Business,1,0,0.0,0,,0.0,3,6.1,Annual
C02610,10,320000,3200000,5.7,Personal,Small,Normal,0,0,0.0,0,,0.0,2,1.3,Annual
C02611,20,355000,7100000,5.1,Personal,Small,Normal,0,0,0.0,0,,0.0,2,6.6,Monthly
C02612,100,280000,28000000,8.9,Business,Large,University,2,1,1579780.0,0,,0.0,3,7.6,Annual
C02613,30,290000,8700000,9.5,Business,Small,Small Business,1,1,1170372.0,0,,0.0,3,5.1,Annual
C02614,50,290000,14500000,1.4,Business,Small,Small Business,1,1,1962479.0,0,,0.0,6,8.1,Monthly
C02615,150,230000,34500000,5.6,Government,Large,Government,3,1,1037659.0,1,Dedicated,5030275.0,11,9.5,Annual
C02616,30,350000,10500000,0.4,Business,Large,University,2,1,671605.0,0,,0.0,7,11.1,Monthly
C02617,100,275000,27500000,8.8,Business,Large,Hospital,3,1,512841.0,0,,0.0,2,6.0,Monthly
C02618,150,230000,34500000,8.6,Business,Small,Small Business,1,1,566974.0,0,,0.0,5,5.8,Annual
C02619,10,350000,3500000,1.7,Business,Medium,Small Business,1,0,0.0,0,,0.0,3,6.4,Monthly
C02620,200,220000,44000000,6.5,Business,Large,Hospital,3,1,1700749.0,1,Dedicated,14874782.0,7,6.4,Annual
C02621,200,255000,51000000,6.5,Business,Medium,Small Business,1,0,0.0,0,,0.0,6,9.5,Annual
C02622,20,300000,6000000,1.0,Personal,Small,Normal,0,0,0.0,0,,0.0,4,0.9,Monthly
C02623,200,220000,44000000,7.5,Government,Large,Government,3,1,1267846.0,1,VPS,5513751.0,6,8.8,Annual
C02624,100,285000,28500000,5.2,Business,Small,Small Business,1,0,0.0,0,,0.0,5,8.0,Monthly
C02625,10,355000,3550000,8.6,Personal,Small,Normal,0,0,0.0,0,,0.0,0,3.2,Annual
C02626,50,270000,13500000,5.2,Business,Medium,Small Business,1,0,0.0,0,,0.0,2,2.3,Annual
C02627,300,215000,64500000,3.8,Business,Large,Enterprise,2,0,0.0,0,,0.0,5,4.9,Monthly
C02628,20,340000,6800000,9.7,Personal,Small,Normal,0,0,0.0,0,,0.0,3,6.6,Annual
C02629,100,285000,28500000,3.3,Business,Small,Small Business,1,1,839197.0,0,,0.0,7,4.1,Monthly
C02630,20,325000,6500000,1.9,Personal,Small,Normal,0,0,0.0,0,,0.0,0,6.2,Monthly
C02631,20,315000,6300000,6.1,Business,Small,Small Business,1,0,0.0,0,,0.0,1,8.8,Annual
C02632,100,250000,25000000,2.4,Business,Medium,Small Business,1,0,0.0,0,,0.0,6,8.2,Monthly
C02633,10,370000,3700000,6.0,Personal,Small,Normal,0,0,0.0,0,,0.0,2,4.1,Monthly
C02634,100,250000,25000000,2.3,Business,Large,Hospital,3,1,349812.0,1,VPS,18704106.0,7,5.9,Monthly
C02635,10,375000,3750000,5.1,Business,Medium,Small Business,1,0,0.0,0,,0.0,4,7.9,Annual
C02636,100,250000,25000000,6.2,Business,Small,Small Business,1,1,555483.0,0,,0.0,6,3.6,Annual
C02637,300,210000,63000000,0.8,Business,Small,Small Business,1,0,0.0,0,,0.0,5,7.5,Monthly
C02638,30,350000,10500000,0.2,Personal,Small,Normal,0,0,0.0,0,,0.0,4,3.6,Monthly
C02639,10,355000,3550000,4.0,Personal,Small,Normal,0,0,0.0,0,,0.0,1,4.9,Monthly
C02640,30,325000,9750000,7.7,Personal,Small,Normal,0,0,0.0,0,,0.0,0,5.0,Monthly
C02641,150,235000,35250000,0.5,Business,Medium,Small Business,1,1,1370512.0,0,,0.0,5,7.3,Monthly
C02642,30,290000,8700000,4.8,Personal,Small,Normal,0,0,0.0,0,,0.0,0,2.1,Monthly
C02643,30,345000,10350000,3.3,Personal,Small,Normal,0,0,0.0,0,,0.0,3,3.5,Monthly
C02644,50,300000,15000000,6.6,Personal,Small,Normal,0,0,0.0,0,,0.0,0,2.4,Annual
C02645,300,200000,60000000,4.5,Business,Large,Enterprise,2,0,0.0,0,,0.0,0,7.3,Monthly
C02646,20,335000,6700000,9.8,Personal,Small,Normal,0,0,0.0,0,,0.0,2,0.9,Annual
C02647,200,220000,44000000,4.5,Business,Large,ISP Partner,3,1,444531.0,1,VPS,7408438.0,9,6.1,Monthly
C02648,300,210000,63000000,2.8,Business,Large,ISP Partner,3,1,1837598.0,1,VPS,5892284.0,8,9.6,Monthly
C02649,20,345000,6900000,7.2,Personal,Small,Normal,0,0,0.0,0,,0.0,1,6.4,Monthly
C02650,100,250000,25000000,5.2,Business,Medium,Small Business,1,0,0.0,0,,0.0,1,4.4,Annual
C02651,20,330000,6600000,5.5,Personal,Small,Normal,0,1,1877985.0,0,,0.0,2,7.5,Annual
C02652,20,310000,6200000,0.7,Personal,Small,Normal,0,0,0.0,0,,0.0,1,3.0,Monthly
C02653,20,370000,7400000,1.5,Business,Medium,Small Business,1,0,0.0,0,,0.0,0,7.2,Monthly
C02654,300,215000,64500000,2.9,Business,Small,Small Business,1,0,0.0,0,,0.0,7,6.7,Monthly
C02655,30,335000,10050000,0.2,Business,Medium,Small Business,1,0,0.0,0,,0.0,5,7.1,Monthly
C02656,100,280000,28000000,2.6,Business,Medium,Small Business,1,0,0.0,1,Dedicated,4495203.0,6,7.4,Monthly
C02657,10,320000,3200000,8.8,Business,Large,Enterprise,2,1,612404.0,0,,0.0,2,0.7,Annual
C02658,30,290000,8700000,5.1,Personal,Small,Normal,0,0,0.0,0,,0.0,1,4.5,Monthly
C02659,200,220000,44000000,5.4,Business,Large,ISP Partner,3,1,1833736.0,1,VPS,5101366.0,8,5.5,Annual
C02660,300,215000,64500000,2.8,Business,Small,Small Business,1,0,0.0,0,,0.0,0,1.7,Monthly
C02661,50,290000,14500000,9.6,Personal,Small,Normal,0,0,0.0,0,,0.0,0,3.8,Monthly
C02662,20,350000,7000000,4.2,Personal,Small,Normal,0,0,0.0,0,,0.0,1,6.5,Monthly
C02663,50,270000,13500000,3.4,Business,Large,Hospital,3,1,1368963.0,1,VPS,2876492.0,5,6.5,Monthly
C02664,20,320000,6400000,6.4,Personal,Small,Normal,0,0,0.0,0,,0.0,0,0.0,Annual
C02665,200,245000,49000000,7.1,Business,Small,Small Business,1,1,893973.0,0,,0.0,2,3.4,Annual
C02666,200,220000,44000000,1.3,Business,Medium,Small Business,1,1,1607913.0,1,VPS,13269002.0,5,6.8,Monthly
C02667,50,290000,14500000,1.8,Business,Medium,Small Business,1,0,0.0,0,,0.0,3,6.0,Monthly
C02668,30,340000,10200000,1.3,Personal,Small,Normal,0,0,0.0,0,,0.0,0,2.2,Monthly
C02669,50,280000,14000000,5.9,Business,Medium,Small Business,1,1,1101503.0,0,,0.0,6,7.0,Annual
C02670,10,385000,3850000,2.4,Personal,Small,Normal,0,0,0.0,0,,0.0,0,0.9,Monthly
C02671,10,325000,3250000,9.3,Personal,Small,Normal,0,0,0.0,0,,0.0,0,4.6,Monthly
C02672,50,305000,15250000,5.8,Business,Small,Small Business,1,1,1780260.0,1,Dedicated,3352553.0,7,11.9,Annual
C02673,100,250000,25000000,5.5,Business,Small,Small Business,1,0,0.0,0,,0.0,0,2.3,Annual
C02674,10,320000,3200000,5.0,Personal,Small,Normal,0,0,0.0,0,,0.0,5,7.2,Monthly
C02675,30,315000,9450000,9.6,Personal,Small,Normal,0,0,0.0,0,,0.0,2,3.6,Annual
C02676,20,340000,6800000,2.1,Personal,Small,Normal,0,0,0.0,0,,0.0,0,2.3,Monthly
C02677,10,320000,3200000,1.3,Personal,Small,Normal,0,0,0.0,0,,0.0,0,1.0,Monthly
C02678,150,230000,34500000,9.2,Business,Large,University,2,1,587477.0,0,,0.0,3,0.4,Annual
C02679,100,265000,26500000,5.9,Business,Large,University,2,0,0.0,0,,0.0,4,7.2,Annual
C02680,30,290000,8700000,6.4,Personal,Small,Normal,0,0,0.0,0,,0.0,2,2.9,Annual
C02681,10,375000,3750000,6.3,Personal,Small,Normal,0,0,0.0,0,,0.0,1,3.4,Annual
C02682,30,340000,10200000,2.7,Personal,Small,Normal,0,1,1434794.0,0,,0.0,3,3.6,Monthly
C02683,150,240000,36000000,8.3,Business,Large,Enterprise,2,0,0.0,1,VPS,3883729.0,5,6.2,Annual
C02684,150,250000,37500000,5.8,Business,Large,Hospital,3,1,1553642.0,1,VPS,6038199.0,11,7.0,Annual
C02685,10,320000,3200000,6.1,Business,Large,Hospital,3,1,1702381.0,1,VPS,11391256.0,10,5.7,Annual
C02686,10,385000,3850000,1.0,Business,Medium,Small Business,1,0,0.0,0,,0.0,2,2.4,Monthly
C02687,10,320000,3200000,8.7,Personal,Small,Normal,0,0,0.0,0,,0.0,1,7.0,Annual
C02688,20,320000,6400000,3.2,Personal,Small,Normal,0,0,0.0,0,,0.0,0,4.5,Monthly
C02689,10,320000,3200000,8.7,Personal,Small,Normal,0,0,0.0,0,,0.0,1,5.7,Monthly
C02690,50,270000,13500000,7.0,Business,Small,Small Business,1,0,0.0,0,,0.0,3,2.5,Annual
C02691,20,315000,6300000,6.2,Personal,Small,Normal,0,1,1605471.0,0,,0.0,6,5.5,Monthly
C02692,20,335000,6700000,1.9,Business,Medium,Small Business,1,0,0.0,0,,0.0,4,5.7,Monthly
C02693,20,335000,6700000,5.0,Personal,Small,Normal,0,0,0.0,0,,0.0,0,2.8,Monthly
C02694,300,210000,63000000,2.6,Business,Large,University,2,1,529292.0,0,,0.0,2,6.9,Monthly
C02695,10,320000,3200000,0.9,Personal,Small,Normal,0,0,0.0,0,,0.0,0,0.7,Monthly
C02696,10,350000,3500000,6.4,Personal,Small,Normal,0,0,0.0,0,,0.0,1,2.5,Monthly
C02697,30,295000,8850000,2.5,Business,Medium,Small Business,1,0,0.0,0,,0.0,3,9.0,Monthly
C02698,150,240000,36000000,2.6,Business,Medium,Small Business,1,0,0.0,1,Shared,15568853.0,5,5.9,Monthly
C02699,20,335000,6700000,1.4,Personal,Small,Normal,0,0,0.0,0,,0.0,2,3.4,Monthly
C02700,10,360000,3600000,9.8,Business,Small,Small Business,1,1,435413.0,1,VPS,16586850.0,6,7.0,Annual
C02701,20,325000,6500000,5.7,Personal,Small,Normal,0,0,0.0,0,,0.0,2,4.3,Annual
C02702,150,240000,36000000,8.9,Government,Large,Government,3,1,369185.0,1,VPS,6439837.0,11,7.8,Annual
C02703,10,360000,3600000,3.9,Personal,Small,Normal,0,0,0.0,0,,0.0,2,4.0,Monthly
C02704,150,265000,39750000,6.5,Government,Large,Government,3,1,1249557.0,1,Dedicated,6126338.0,6,3.9,Annual
C02705,30,295000,8850000,0.2,Personal,Small,Normal,0,0,0.0,0,,0.0,2,4.8,Monthly
C02706,20,300000,6000000,3.2,Personal,Small,Normal,0,0,0.0,0,,0.0,0,1.7,Monthly
C02707,200,220000,44000000,9.7,Business,Medium,Small Business,1,1,637480.0,0,,0.0,4,4.8,Annual
C02708,50,325000,16250000,1.7,Personal,Small,Normal,0,0,0.0,0,,0.0,5,3.9,Monthly
C02709,10,360000,3600000,1.4,Business,Small,Small Business,1,0,0.0,0,,0.0,6,4.0,Monthly
C02710,50,280000,14000000,6.9,Business,Small,Small Business,1,1,459723.0,0,,0.0,2,5.6,Annual
C02711,100,255000,25500000,9.6,Government,Large,Government,3,1,361614.0,1,VPS,17556234.0,9,6.4,Annual
C02712,100,250000,25000000,10.0,Business,Large,University,2,1,1101727.0,0,,0.0,8,6.7,Monthly
C02713,150,260000,39000000,3.1,Business,Small,Small Business,1,0,0.0,0,,0.0,2,2.1,Monthly
C02714,50,270000,13500000,7.9,Business,Medium,Small Business,1,0,0.0,0,,0.0,0,5.3,Monthly
C02715,200,275000,55000000,0.8,Business,Medium,Small Business,1,0,0.0,0,,0.0,3,5.7,Monthly
C02716,10,320000,3200000,9.0,Personal,Small,Normal,0,0,0.0,0,,0.0,0,3.5,Annual
C02717,100,275000,27500000,7.6,Business,Large,Enterprise,2,0,0.0,0,,0.0,1,3.0,Annual
C02718,100,250000,25000000,7.5,Business,Medium,Small Business,1,0,0.0,0,,0.0,3,3.6,Annual
C02719,10,320000,3200000,0.8,Personal,Small,Normal,0,0,0.0,0,,0.0,2,0.6,Monthly
C02720,10,320000,3200000,5.3,Personal,Small,Normal,0,0,0.0,0,,0.0,0,4.1,Annual
C02721,20,315000,6300000,7.6,Personal,Small,Normal,0,0,0.0,0,,0.0,1,2.7,Annual
C02722,10,325000,3250000,1.2,Personal,Small,Normal,0,0,0.0,0,,0.0,3,1.4,Monthly
C02723,20,300000,6000000,3.7,Personal,Small,Normal,0,0,0.0,0,,0.0,0,1.6,Monthly
C02724,200,220000,44000000,7.8,Business,Large,Hospital,3,1,1337710.0,1,Shared,12262472.0,10,7.9,Annual
C02725,20,310000,6200000,1.7,Personal,Small,Normal,0,0,0.0,0,,0.0,1,3.8,Monthly
C02726,100,290000,29000000,2.4,Business,Medium,Small Business,1,0,0.0,1,Dedicated,11933881.0,5,4.8,Monthly
C02727,50,270000,13500000,2.4,Personal,Small,Normal,0,0,0.0,0,,0.0,0,2.3,Monthly
C02728,100,260000,26000000,6.7,Government,Large,Government,3,1,1919082.0,1,Shared,8114250.0,8,9.4,Annual
C02729,150,275000,41250000,1.4,Business,Medium,Small Business,1,0,0.0,1,Shared,10451088.0,5,7.6,Monthly
C02730,50,305000,15250000,0.6,Personal,Small,Normal,0,0,0.0,0,,0.0,0,0.2,Monthly
C02731,150,275000,41250000,2.4,Business,Large,Hospital,3,1,668912.0,1,Shared,18624012.0,7,11.3,Monthly
C02732,100,250000,25000000,5.1,Business,Small,Small Business,1,1,788694.0,0,,0.0,9,4.8,Annual
C02733,200,255000,51000000,1.5,Government,Large,Government,3,1,1338530.0,1,Shared,11152083.0,10,12.3,Monthly
C02734,30,290000,8700000,3.6,Personal,Small,Normal,0,0,0.0,0,,0.0,0,0.6,Monthly
C02735,50,295000,14750000,2.0,Business,Medium,Small Business,1,0,0.0,0,,0.0,4,6.7,Monthly
C02736,20,355000,7100000,1.2,Personal,Small,Normal,0,0,0.0,0,,0.0,2,2.3,Monthly
C02737,300,220000,66000000,9.0,Government,Large,Government,3,1,593538.0,1,Dedicated,8841009.0,6,4.7,Monthly
C02738,30,295000,8850000,0.6,Personal,Small,Normal,0,0,0.0,0,,0.0,0,3.3,Monthly
C02739,150,265000,39750000,1.0,Business,Small,Small Business,1,0,0.0,0,,0.0,0,0.8,Monthly
C02740,150,235000,35250000,4.3,Business,Medium,Small Business,1,1,1208902.0,0,,0.0,4,7.6,Monthly
C02741,50,310000,15500000,3.4,Personal,Small,Normal,0,0,0.0,0,,0.0,0,0.8,Monthly
C02742,10,320000,3200000,6.8,Personal,Small,Normal,0,0,0.0,0,,0.0,0,0.9,Monthly
C02743,100,295000,29500000,2.1,Business,Medium,Small Business,1,1,1889179.0,1,VPS,16059253.0,8,6.9,Monthly
C02744,30,300000,9000000,3.2,Personal,Small,Normal,0,0,0.0,0,,0.0,1,4.5,Monthly
C02745,20,355000,7100000,2.5,Personal,Small,Normal,0,0,0.0,0,,0.0,0,2.4,Monthly
C02746,10,340000,3400000,1.1,Personal,Small,Normal,0,0,0.0,0,,0.0,0,2.6,Monthly
C02747,20,375000,7500000,0.3,Personal,Small,Normal,0,0,0.0,0,,0.0,2,0.5,Monthly
C02748,150,240000,36000000,5.8,Business,Small,Small Business,1,0,0.0,0,,0.0,5,6.0,Annual
C02749,10,320000,3200000,6.3,Personal,Small,Normal,0,0,0.0,0,,0.0,0,0.5,Annual
C02750,20,300000,6000000,8.4,Personal,Small,Normal,0,0,0.0,0,,0.0,0,0.0,Annual
C02751,20,325000,6500000,1.6,Personal,Small,Normal,0,0,0.0,0,,0.0,2,3.0,Monthly
C02752,100,285000,28500000,3.0,Business,Large,Hospital,3,0,0.0,1,VPS,18571756.0,3,5.8,Monthly
C02753,10,350000,3500000,2.4,Personal,Small,Normal,0,0,0.0,0,,0.0,0,0.0,Monthly
C02754,20,305000,6100000,8.7,Personal,Small,Normal,0,0,0.0,0,,0.0,1,8.7,Monthly
C02755,10,320000,3200000,8.2,Personal,Small,Normal,0,1,865724.0,0,,0.0,2,3.6,Annual
C02756,200,240000,48000000,4.8,Business,Small,Small Business,1,0,0.0,1,Shared,14495168.0,3,5.1,Monthly
C02757,50,280000,14000000,9.0,Business,Large,Enterprise,2,1,1756468.0,0,,0.0,2,5.0,Annual
C02758,30,290000,8700000,7.1,Personal,Small,Normal,0,0,0.0,0,,0.0,0,5.1,Annual
C02759,200,230000,46000000,1.8,Government,Large,Government,3,1,937806.0,1,Dedicated,12680387.0,10,6.4,Monthly
C02760,30,305000,9150000,7.2,Business,Large,ISP Partner,3,1,1235944.0,0,,0.0,5,7.5,Monthly
C02761,50,275000,13750000,1.6,Personal,Small,Normal,0,0,0.0,0,,0.0,3,5.0,Monthly
C02762,300,200000,60000000,9.9,Government,Large,Government,3,1,460407.0,0,,0.0,3,3.2,Annual
C02763,100,275000,27500000,5.0,Government,Large,Government,3,1,854532.0,1,Shared,17109580.0,10,6.7,Monthly
C02764,300,210000,63000000,9.2,Business,Medium,Small Business,1,0,0.0,0,,0.0,4,3.3,Monthly
C02765,20,325000,6500000,2.9,Personal,Small,Normal,0,1,919550.0,0,,0.0,2,2.5,Monthly
C02766,150,280000,42000000,2.2,Government,Large,Government,3,1,494071.0,1,VPS,15399552.0,8,7.8,Monthly
C02767,20,340000,6800000,5.1,Personal,Small,Normal,0,0,0.0,0,,0.0,0,4.7,Annual
C02768,50,300000,15000000,1.7,Business,Medium,Small Business,1,1,1600405.0,1,VPS,7558163.0,8,7.3,Monthly
C02769,200,265000,53000000,0.8,Business,Large,Hospital,3,1,1955222.0,1,VPS,6599950.0,10,10.2,Monthly
C02770,20,300000,6000000,7.4,Personal,Small,Normal,0,0,0.0,0,,0.0,0,2.8,Annual
C02771,10,375000,3750000,3.8,Personal,Small,Normal,0,0,0.0,0,,0.0,3,2.3,Monthly
C02772,100,295000,29500000,6.0,Government,Large,Government,3,1,1205291.0,0,,0.0,3,5.2,Annual
C02773,100,250000,25000000,6.7,Business,Large,University,2,0,0.0,0,,0.0,2,6.4,Monthly
C02774,30,290000,8700000,6.7,Personal,Small,Normal,0,0,0.0,0,,0.0,2,4.9,Monthly
C02775,20,305000,6100000,7.9,Personal,Small,Normal,0,0,0.0,0,,0.0,0,2.9,Annual
C02776,20,345000,6900000,1.4,Personal,Small,Normal,0,1,1727281.0,0,,0.0,4,8.2,Monthly
C02777,10,320000,3200000,3.0,Personal,Small,Normal,0,0,0.0,0,,0.0,1,3.3,Monthly
C02778,20,340000,6800000,8.9,Personal,Small,Normal,0,0,0.0,0,,0.0,5,7.9,Monthly
C02779,300,200000,60000000,4.2,Business,Large,Enterprise,2,1,448319.0,0,,0.0,6,6.8,Monthly
C02780,20,300000,6000000,7.7,Personal,Small,Normal,0,0,0.0,0,,0.0,3,6.0,Annual
C02781,30,290000,8700000,5.8,Business,Small,Small Business,1,1,632941.0,0,,0.0,3,4.7,Annual
C02782,30,305000,9150000,3.4,Personal,Small,Normal,0,0,0.0,0,,0.0,0,0.0,Monthly
C02783,50,305000,15250000,3.8,Personal,Small,Normal,0,0,0.0,0,,0.0,0,3.7,Monthly
C02784,20,355000,7100000,4.8,Personal,Small,Normal,0,0,0.0,0,,0.0,2,7.1,Monthly
C02785,50,270000,13500000,9.1,Business,Medium,Small Business,1,1,1069014.0,0,,0.0,2,3.4,Annual
C02786,20,300000,6000000,2.5,Personal,Small,Normal,0,0,0.0,0,,0.0,1,0.5,Monthly
C02787,100,250000,25000000,5.6,Business,Small,Small Business,1,0,0.0,1,Dedicated,17357557.0,3,3.0,Annual
C02788,150,285000,42750000,2.2,Business,Medium,Small Business,1,1,796067.0,0,,0.0,4,4.8,Monthly
C02789,200,235000,47000000,2.4,Government,Large,Government,3,1,1699740.0,1,Dedicated,19236319.0,7,7.4,Monthly
C02790,10,340000,3400000,4.9,Personal,Small,Normal,0,0,0.0,0,,0.0,2,3.2,Monthly
C02791,50,270000,13500000,2.0,Business,Small,Small Business,1,0,0.0,1,Dedicated,15065567.0,5,7.4,Monthly
C02792,300,230000,69000000,3.1,Government,Large,Government,3,0,0.0,1,Shared,17422830.0,4,4.7,Monthly
C02793,10,350000,3500000,1.4,Personal,Small,Normal,0,0,0.0,0,,0.0,3,0.8,Monthly
C02794,100,265000,26500000,4.1,Government,Large,Government,3,1,1091528.0,1,Shared,12370996.0,6,5.3,Monthly
C02795,20,315000,6300000,5.3,Personal,Small,Normal,0,0,0.0,0,,0.0,0,3.7,Annual
C02796,300,235000,144348281,5.5,Business,Large,ISP Partner,3,0,0.0,0,,0.0,2,7.4,Annual
C02797,20,355000,7100000,1.7,Business,Medium,Small Business,1,0,0.0,1,VPS,10006521.0,3,1.5,Monthly
C02798,200,240000,48000000,8.3,Government,Large,Government,3,1,729208.0,1,VPS,3877608.0,10,9.8,Monthly
C02799,20,300000,6000000,7.8,Personal,Small,Normal,0,0,0.0,0,,0.0,0,0.0,Annual
C02800,300,200000,60000000,4.7,Business,Medium,Small Business,1,1,1740681.0,0,,0.0,5,4.2,Monthly
C02801,200,255000,51000000,4.1,Government,Large,Government,3,1,1843536.0,0,,0.0,7,7.9,Monthly
C02802,150,230000,34500000,10.0,Business,Medium,Small Business,1,1,1353024.0,0,,0.0,4,4.8,Annual
C02803,10,375000,3750000,5.8,Personal,Small,Normal,0,0,0.0,0,,0.0,3,3.4,Monthly
C02804,300,210000,63000000,6.1,Business,Large,Hospital,3,1,848407.0,1,VPS,16411880.0,8,3.9,Annual
C02805,200,220000,44000000,4.6,Business,Small,Small Business,1,0,0.0,0,,0.0,2,3.5,Monthly
C02806,150,230000,34500000,9.8,Business,Large,Enterprise,2,0,0.0,1,VPS,13853620.0,5,2.2,Annual
C02807,150,230000,34500000,9.7,Business,Large,University,2,0,0.0,0,,0.0,4,8.7,Annual
C02808,10,335000,3350000,1.1,Personal,Small,Normal,0,0,0.0,0,,0.0,3,5.7,Monthly
C02809,30,300000,9000000,7.2,Personal,Small,Normal,0,0,0.0,0,,0.0,0,1.5,Monthly
C02810,10,360000,3600000,7.2,Personal,Small,Normal,0,0,0.0,0,,0.0,1,4.7,Annual
C02811,200,220000,44000000,7.6,Government,Large,Government,3,1,1489276.0,0,,0.0,5,7.4,Annual
C02812,100,255000,25500000,3.9,Business,Small,Small Business,1,0,0.0,0,,0.0,3,4.7,Monthly
C02813,20,300000,6000000,3.6,Personal,Small,Normal,0,0,0.0,0,,0.0,3,8.5,Monthly
C02814,10,335000,3350000,7.0,Personal,Small,Normal,0,0,0.0,0,,0.0,4,1.0,Annual
C02815,30,290000,8700000,7.6,Personal,Small,Normal,0,0,0.0,0,,0.0,0,3.7,Annual
C02816,150,240000,36000000,6.7,Business,Medium,Small Business,1,1,756742.0,0,,0.0,4,6.2,Annual
C02817,50,310000,15500000,6.0,Personal,Small,Normal,0,0,0.0,0,,0.0,0,4.8,Monthly
C02818,10,365000,3650000,4.3,Personal,Small,Normal,0,0,0.0,0,,0.0,0,0.1,Monthly
C02819,100,280000,28000000,2.3,Business,Medium,Small Business,1,0,0.0,0,,0.0,2,3.7,Monthly
C02820,10,350000,3500000,5.4,Personal,Small,Normal,0,0,0.0,0,,0.0,2,4.8,Annual
C02821,20,315000,6300000,0.9,Personal,Small,Normal,0,0,0.0,0,,0.0,0,4.2,Monthly
C02822,150,270000,40500000,6.9,Business,Small,Small Business,1,0,0.0,1,Dedicated,6369981.0,10,9.7,Monthly
C02823,150,260000,39000000,5.6,Government,Large,Government,3,1,1264320.0,1,VPS,9775253.0,8,7.4,Annual
C02824,30,305000,9150000,9.7,Personal,Small,Normal,0,0,0.0,0,,0.0,3,4.0,Monthly
C02825,30,325000,9750000,2.7,Personal,Small,Normal,0,0,0.0,0,,0.0,3,2.6,Monthly
C02826,30,290000,8700000,4.1,Personal,Small,Normal,0,0,0.0,0,,0.0,2,4.1,Monthly
C02827,30,320000,9600000,4.3,Personal,Small,Normal,0,0,0.0,0,,0.0,0,4.4,Monthly
C02828,20,365000,7300000,1.7,Personal,Small,Normal,0,0,0.0,0,,0.0,0,3.5,Monthly
C02829,100,295000,29500000,3.1,Business,Small,Small Business,1,0,0.0,0,,0.0,6,6.1,Monthly
C02830,200,235000,47000000,3.2,Business,Large,Enterprise,2,1,1020075.0,0,,0.0,6,7.1,Monthly
C02831,20,350000,7000000,1.3,Personal,Small,Normal,0,0,0.0,0,,0.0,2,5.3,Monthly
C02832,20,330000,6600000,7.9,Personal,Small,Normal,0,0,0.0,0,,0.0,0,0.0,Annual
C02833,200,235000,47000000,9.8,Government,Large,Government,3,1,531845.0,0,,0.0,3,6.3,Annual
C02834,200,220000,44000000,1.3,Business,Medium,Small Business,1,0,0.0,0,,0.0,2,4.7,Monthly
C02835,50,285000,14250000,4.9,Business,Large,Hospital,3,1,819573.0,1,VPS,7583549.0,10,11.7,Monthly
C02836,10,320000,3200000,2.3,Personal,Small,Normal,0,0,0.0,0,,0.0,5,5.8,Monthly
C02837,30,290000,8700000,3.2,Business,Small,Small Business,1,0,0.0,0,,0.0,1,1.9,Monthly
C02838,20,320000,6400000,8.1,Personal,Small,Normal,0,0,0.0,0,,0.0,2,4.8,Annual
C02839,20,360000,7200000,4.0,Personal,Small,Normal,0,0,0.0,0,,0.0,3,7.0,Monthly
C02840,10,320000,3200000,9.9,Personal,Small,Normal,0,0,0.0,0,,0.0,0,1.5,Annual
C02841,10,350000,3500000,8.2,Personal,Small,Normal,0,0,0.0,1,Dedicated,19486202.0,5,7.2,Annual
C02842,50,305000,15250000,5.9,Personal,Small,Normal,0,0,0.0,0,,0.0,0,5.5,Annual
C02843,100,265000,26500000,6.9,Business,Large,Enterprise,2,0,0.0,0,,0.0,4,6.2,Monthly
C02844,200,220000,44000000,2.9,Business,Large,Hospital,3,1,1220229.0,1,VPS,11118665.0,7,12.1,Monthly
C02845,10,320000,3200000,9.6,Business,Large,Enterprise,2,0,0.0,0,,0.0,2,2.9,Annual
C02846,200,230000,46000000,7.4,Government,Large,Government,3,1,1132832.0,0,,0.0,6,8.6,Annual
C02847,10,320000,3200000,9.4,Personal,Small,Normal,0,0,0.0,0,,0.0,2,3.3,Annual
C02848,20,335000,6700000,6.4,Business,Medium,Small Business,1,1,1060124.0,0,,0.0,2,2.9,Annual
C02849,200,255000,51000000,6.1,Business,Medium,Small Business,1,0,0.0,0,,0.0,3,1.0,Annual
C02850,200,220000,44000000,5.4,Business,Large,University,2,0,0.0,1,Dedicated,4703649.0,4,4.6,Annual
C02851,30,290000,8700000,5.2,Personal,Small,Normal,0,0,0.0,0,,0.0,1,3.6,Annual
C02852,100,250000,25000000,8.2,Business,Medium,Small Business,1,1,923136.0,0,,0.0,3,4.6,Monthly
C02853,30,335000,10050000,5.9,Personal,Small,Normal,0,0,0.0,0,,0.0,0,5.6,Monthly
C02854,100,250000,25000000,8.1,Business,Small,Small Business,1,1,1036187.0,0,,0.0,5,8.7,Annual
C02855,200,230000,46000000,3.2,Business,Large,Hospital,3,1,372737.0,1,Dedicated,10309423.0,9,7.6,Monthly
C02856,150,230000,34500000,0.3,Business,Medium,Small Business,1,0,0.0,0,,0.0,5,5.4,Monthly
C02857,30,290000,8700000,4.8,Business,Medium,Small Business,1,1,1252687.0,0,,0.0,2,0.0,Monthly
C02858,50,275000,13750000,0.2,Business,Medium,Small Business,1,1,982066.0,0,,0.0,6,3.8,Monthly
C02859,10,320000,3200000,9.3,Personal,Small,Normal,0,0,0.0,0,,0.0,2,5.0,Annual
C02860,10,320000,3200000,7.8,Personal,Small,Normal,0,0,0.0,0,,0.0,3,9.7,Annual
C02861,10,320000,3200000,6.4,Personal,Small,Normal,0,0,0.0,0,,0.0,0,2.4,Annual
C02862,20,310000,6200000,4.9,Personal,Small,Normal,0,0,0.0,0,,0.0,1,4.5,Monthly
C02863,20,370000,7400000,0.9,Business,Large,Enterprise,2,0,0.0,1,Shared,9594105.0,5,9.8,Monthly
C02864,20,355000,7100000,3.0,Personal,Small,Normal,0,0,0.0,0,,0.0,0,3.0,Monthly
C02865,10,345000,3450000,7.2,Personal,Small,Normal,0,0,0.0,0,,0.0,0,3.5,Annual
C02866,30,290000,8700000,9.1,Personal,Small,Normal,0,0,0.0,0,,0.0,1,4.3,Annual
C02867,150,230000,34500000,8.6,Business,Medium,Small Business,1,0,0.0,0,,0.0,0,0.0,Annual
C02868,300,200000,60000000,8.4,Business,Large,University,2,0,0.0,0,,0.0,0,3.2,Monthly
C02869,50,270000,13500000,2.9,Personal,Small,Normal,0,0,0.0,0,,0.0,0,4.7,Monthly
C02870,20,300000,6000000,3.7,Personal,Small,Normal,0,0,0.0,0,,0.0,3,3.2,Monthly
C02871,10,345000,3450000,3.9,Personal,Small,Normal,0,0,0.0,0,,0.0,1,3.4,Monthly
C02872,10,360000,3600000,2.6,Personal,Small,Normal,0,0,0.0,0,,0.0,0,0.7,Monthly
C02873,200,220000,44000000,6.3,Government,Large,Government,3,0,0.0,1,Shared,8000561.0,3,8.6,Annual
C02874,150,270000,40500000,7.0,Business,Medium,Small Business,1,0,0.0,0,,0.0,2,4.0,Annual
C02875,150,230000,34500000,8.9,Government,Large,Government,3,1,647817.0,1,Shared,19490313.0,7,5.8,Monthly
C02876,30,315000,9450000,8.1,Personal,Small,Normal,0,0,0.0,0,,0.0,2,2.7,Monthly
C02877,20,300000,6000000,3.6,Personal,Small,Normal,0,0,0.0,0,,0.0,0,0.3,Monthly
C02878,100,250000,25000000,8.1,Business,Medium,Small Business,1,0,0.0,0,,0.0,2,1.7,Annual
C02879,100,250000,25000000,5.5,Business,Medium,Small Business,1,1,663877.0,0,,0.0,3,3.6,Annual
C02880,10,320000,3200000,8.9,Personal,Small,Normal,0,0,0.0,0,,0.0,1,3.4,Monthly
C02881,300,215000,64500000,8.5,Business,Small,Small Business,1,0,0.0,0,,0.0,5,5.9,Annual
C02882,100,285000,28500000,0.5,Business,Small,Small Business,1,0,0.0,1,Dedicated,5262985.0,5,8.0,Monthly
C02883,30,295000,8850000,3.0,Personal,Small,Normal,0,0,0.0,0,,0.0,0,2.8,Monthly
C02884,10,320000,3200000,7.1,Personal,Small,Normal,0,0,0.0,0,,0.0,1,2.7,Monthly
C02885,300,235000,70500000,2.5,Business,Large,University,2,1,1527305.0,0,,0.0,2,4.2,Monthly
C02886,50,270000,13500000,7.2,Business,Small,Small Business,1,1,1544751.0,1,Shared,8841810.0,8,5.1,Annual
C02887,10,360000,3600000,4.4,Personal,Small,Normal,0,0,0.0,0,,0.0,3,6.5,Monthly
C02888,100,250000,25000000,5.4,Business,Large,University,2,1,1381222.0,0,,0.0,4,7.5,Monthly
C02889,200,235000,47000000,5.6,Business,Medium,Small Business,1,1,1039879.0,0,,0.0,6,7.4,Annual
C02890,30,290000,8700000,5.6,Personal,Small,Normal,0,0,0.0,0,,0.0,4,6.7,Annual
C02891,200,235000,47000000,8.2,Government,Large,Government,3,1,1260323.0,1,VPS,19221125.0,9,7.5,Annual
C02892,30,300000,9000000,8.9,Personal,Small,Normal,0,0,0.0,0,,0.0,0,3.2,Annual
C02893,10,320000,3200000,1.8,Personal,Small,Normal,0,0,0.0,0,,0.0,4,5.4,Monthly
C02894,20,325000,6500000,9.4,Personal,Small,Normal,0,0,0.0,0,,0.0,0,4.3,Annual
C02895,30,290000,8700000,9.8,Business,Medium,Small Business,1,0,0.0,0,,0.0,1,0.0,Annual
C02896,300,210000,63000000,8.2,Government,Large,Government,3,1,1873637.0,1,Shared,13948832.0,6,8.9,Annual
C02897,100,250000,25000000,9.7,Business,Large,ISP Partner,3,1,1793302.0,1,Shared,11432995.0,6,7.0,Annual
C02898,20,315000,6300000,4.6,Personal,Small,Normal,0,0,0.0,0,,0.0,1,6.0,Monthly
C02899,10,320000,3200000,8.3,Personal,Small,Normal,0,0,0.0,0,,0.0,0,0.0,Annual
C02900,50,270000,13500000,1.8,Business,Medium,Small Business,1,0,0.0,0,,0.0,0,2.4,Monthly
C02901,10,320000,3200000,2.0,Personal,Small,Normal,0,0,0.0,0,,0.0,0,2.6,Monthly
C02902,20,300000,6000000,2.9,Business,Small,Small Business,1,0,0.0,0,,0.0,3,7.1,Monthly
C02903,300,215000,64500000,4.8,Business,Large,Hospital,3,1,1048599.0,1,Shared,8430136.0,8,10.8,Monthly
C02904,10,385000,3850000,5.1,Personal,Small,Normal,0,0,0.0,0,,0.0,0,3.0,Monthly
C02905,10,380000,3800000,1.2,Personal,Small,Normal,0,0,0.0,0,,0.0,0,4.2,Monthly
C02906,20,300000,6000000,2.6,Personal,Small,Normal,0,0,0.0,0,,0.0,2,4.4,Monthly
C02907,50,270000,13500000,4.9,Business,Large,ISP Partner,3,1,1427392.0,0,,0.0,6,11.3,Monthly
C02908,20,300000,6000000,8.4,Personal,Small,Normal,0,0,0.0,0,,0.0,0,1.8,Annual
C02909,20,300000,6000000,7.3,Personal,Small,Normal,0,0,0.0,0,,0.0,3,1.2,Annual
C02910,30,320000,9600000,9.0,Personal,Small,Normal,0,0,0.0,0,,0.0,0,3.5,Annual
C02911,10,375000,3750000,1.7,Personal,Small,Normal,0,0,0.0,0,,0.0,0,0.0,Monthly
C02912,20,300000,6000000,2.2,Personal,Small,Normal,0,0,0.0,0,,0.0,3,5.2,Monthly
C02913,300,255000,76500000,0.9,Government,Large,Government,3,1,1652849.0,0,,0.0,7,7.3,Monthly
C02914,300,200000,60000000,2.8,Government,Large,Government,3,1,1408133.0,1,VPS,10345280.0,15,14.7,Monthly
C02915,10,320000,3200000,5.7,Personal,Small,Normal,0,0,0.0,0,,0.0,1,2.5,Annual
C02916,200,220000,44000000,6.6,Business,Medium,Small Business,1,0,0.0,0,,0.0,2,0.1,Annual
C02917,20,355000,7100000,3.5,Personal,Small,Normal,0,0,0.0,0,,0.0,1,5.4,Monthly
C02918,100,250000,25000000,6.9,Business,Large,Enterprise,2,0,0.0,0,,0.0,4,5.1,Annual
C02919,20,345000,6900000,7.2,Personal,Small,Normal,0,0,0.0,0,,0.0,1,1.2,Monthly
C02920,200,220000,44000000,7.6,Business,Medium,Small Business,1,0,0.0,1,VPS,17125154.0,5,3.4,Annual
C02921,30,330000,9900000,1.9,Personal,Small,Normal,0,0,0.0,0,,0.0,0,3.4,Monthly
C02922,200,220000,44000000,7.5,Government,Large,Government,3,1,1656518.0,1,Shared,4105251.0,7,6.4,Annual
C02923,10,370000,3700000,0.2,Personal,Small,Normal,0,0,0.0,0,,0.0,0,3.3,Monthly
C02924,50,270000,13500000,3.7,Personal,Small,Normal,0,1,1226990.0,0,,0.0,5,4.7,Monthly
C02925,20,300000,6000000,8.0,Business,Medium,Small Business,1,0,0.0,0,,0.0,2,2.4,Monthly
C02926,20,320000,6400000,9.2,Personal,Small,Normal,0,0,0.0,0,,0.0,0,2.7,Annual
C02927,50,330000,16500000,0.6,Personal,Small,Normal,0,0,0.0,0,,0.0,0,2.3,Monthly
C02928,50,275000,13750000,0.8,Personal,Small,Normal,0,0,0.0,0,,0.0,0,0.0,Monthly
C02929,50,270000,13500000,5.7,Business,Large,Hospital,3,1,1450640.0,1,Dedicated,2651744.0,8,7.6,Annual
C02930,200,235000,47000000,5.8,Business,Medium,Small Business,1,1,685078.0,1,VPS,11773490.0,6,8.3,Annual
C02931,200,220000,44000000,9.2,Business,Large,University,2,1,883465.0,0,,0.0,4,9.7,Annual
C02932,200,255000,51000000,3.8,Government,Large,Government,3,1,1192979.0,1,Shared,6185151.0,6,7.8,Monthly
C02933,100,300000,30000000,2.0,Business,Medium,Small Business,1,0,0.0,0,,0.0,3,1.9,Monthly
C02934,100,315000,31500000,1.0,Business,Large,University,2,1,1795933.0,0,,0.0,4,3.9,Monthly
C02935,10,350000,3500000,6.4,Personal,Small,Normal,0,0,0.0,0,,0.0,0,0.6,Annual
C02936,30,290000,8700000,6.3,Business,Large,Hospital,3,0,0.0,1,VPS,13185466.0,5,6.4,Monthly
C02937,50,270000,13500000,0.5,Business,Medium,Small Business,1,1,1476851.0,0,,0.0,4,7.4,Monthly
C02938,50,270000,13500000,9.9,Business,Medium,Small Business,1,0,0.0,1,VPS,17094963.0,8,6.7,Annual
C02939,100,285000,28500000,8.6,Business,Small,Small Business,1,1,1559127.0,0,,0.0,6,5.6,Annual
C02940,100,265000,26500000,1.8,Business,Medium,Small Business,1,0,0.0,0,,0.0,3,5.6,Monthly
C02941,300,225000,67500000,2.6,Government,Large,Government,3,1,1174909.0,1,Shared,16287294.0,6,3.3,Monthly
C02942,20,320000,6400000,2.2,Personal,Small,Normal,0,0,0.0,0,,0.0,0,2.9,Monthly
C02943,100,285000,28500000,0.7,Business,Medium,Small Business,1,1,605085.0,0,,0.0,5,6.7,Monthly
C02944,300,200000,60000000,7.0,Business,Small,Small Business,1,1,1877983.0,0,,0.0,5,8.4,Annual
C02945,20,300000,6000000,8.9,Personal,Small,Normal,0,0,0.0,0,,0.0,0,3.4,Annual
C02946,50,290000,14500000,8.6,Business,Small,Small Business,1,1,743681.0,0,,0.0,6,6.9,Annual
C02947,150,250000,37500000,6.0,Government,Large,Government,3,1,1617366.0,1,VPS,12080026.0,10,4.0,Annual
C02948,30,335000,10050000,0.4,Personal,Small,Normal,0,0,0.0,0,,0.0,3,5.8,Monthly
C02949,50,270000,13500000,2.7,Business,Small,Small Business,1,0,0.0,0,,0.0,4,8.5,Monthly
C02950,20,300000,6000000,1.7,Personal,Small,Normal,0,0,0.0,0,,0.0,3,3.2,Monthly
C02951,20,365000,7300000,1.8,Personal,Small,Normal,0,0,0.0,0,,0.0,1,2.2,Monthly
C02952,10,360000,3600000,6.2,Personal,Small,Normal,0,0,0.0,0,,0.0,2,8.7,Annual
C02953,50,305000,15250000,1.9,Personal,Small,Normal,0,0,0.0,0,,0.0,0,4.2,Monthly
C02954,20,300000,6000000,1.3,Business,Large,ISP Partner,3,1,1199665.0,1,Dedicated,16177742.0,5,2.7,Monthly
C02955,30,290000,8700000,0.5,Personal,Small,Normal,0,0,0.0,0,,0.0,2,9.0,Monthly
C02956,50,300000,15000000,1.7,Business,Medium,Small Business,1,1,1952992.0,0,,0.0,2,2.8,Monthly
C02957,30,290000,8700000,7.8,Personal,Small,Normal,0,0,0.0,0,,0.0,1,4.7,Annual
C02958,30,295000,8850000,7.1,Business,Medium,Small Business,1,0,0.0,0,,0.0,1,4.1,Monthly
C02959,150,260000,39000000,4.2,Business,Small,Small Business,1,0,0.0,0,,0.0,1,3.5,Monthly
C02960,20,350000,7000000,3.4,Personal,Small,Normal,0,0,0.0,0,,0.0,0,6.1,Monthly
C02961,30,310000,9300000,4.4,Business,Medium,Small Business,1,1,1106439.0,0,,0.0,2,2.9,Monthly
C02962,20,300000,11278465,4.0,Personal,Small,Normal,0,0,0.0,0,,0.0,0,1.1,Monthly
C02963,10,385000,3850000,2.2,Personal,Small,Normal,0,0,0.0,0,,0.0,0,3.4,Monthly
C02964,50,310000,15500000,6.8,Business,Large,Hospital,3,1,1454946.0,1,Dedicated,4641161.0,5,7.9,Annual
C02965,10,320000,3200000,0.5,Business,Medium,Small Business,1,0,0.0,0,,0.0,6,7.0,Monthly
C02966,150,280000,42000000,1.9,Business,Small,Small Business,1,1,384623.0,0,,0.0,3,5.9,Monthly
C02967,10,345000,3450000,1.7,Personal,Small,Normal,0,0,0.0,0,,0.0,2,6.4,Monthly
C02968,300,215000,64500000,1.5,Government,Large,Government,3,0,0.0,1,Dedicated,15818802.0,4,5.1,Monthly
C02969,100,250000,25000000,8.4,Business,Large,University,2,1,1135973.0,0,,0.0,3,3.0,Annual
C02970,100,250000,25000000,6.8,Government,Large,Government,3,1,438236.0,1,VPS,14495305.0,7,9.1,Annual
C02971,30,315000,9450000,5.1,Business,Medium,Small Business,1,0,0.0,1,Dedicated,5444110.0,8,5.6,Annual
C02972,300,200000,60000000,5.8,Business,Medium,Small Business,1,1,1719719.0,0,,0.0,6,6.6,Annual
C02973,30,305000,9150000,3.4,Personal,Small,Normal,0,0,0.0,0,,0.0,2,2.9,Monthly
C02974,30,335000,10050000,2.0,Personal,Small,Normal,0,0,0.0,0,,0.0,1,1.1,Monthly
C02975,150,265000,39750000,5.6,Government,Large,Government,3,1,1170101.0,0,,0.0,9,9.6,Annual
C02976,10,320000,3200000,8.1,Personal,Small,Normal,0,0,0.0,0,,0.0,1,0.0,Monthly
C02977,100,250000,25000000,8.5,Business,Small,Small Business,1,0,0.0,1,Shared,11136058.0,8,7.8,Annual
C02978,150,255000,38250000,9.4,Business,Large,Enterprise,2,1,1187054.0,0,,0.0,5,5.0,Annual
C02979,50,330000,16500000,1.0,Business,Large,ISP Partner,3,1,855222.0,1,VPS,11919323.0,7,4.4,Monthly
C02980,300,220000,66000000,7.7,Business,Large,ISP Partner,3,1,425681.0,0,,0.0,3,3.2,Annual
C02981,50,280000,14000000,5.1,Personal,Small,Normal,0,0,0.0,0,,0.0,0,2.0,Monthly
C02982,10,370000,3700000,0.9,Personal,Small,Normal,0,0,0.0,0,,0.0,3,4.8,Monthly
C02983,30,335000,10050000,6.2,Personal,Small,Normal,0,0,0.0,0,,0.0,0,1.3,Annual
C02984,20,340000,6800000,6.0,Personal,Small,Normal,0,0,0.0,0,,0.0,2,0.2,Annual
C02985,50,310000,15500000,2.9,Business,Medium,Small Business,1,0,0.0,0,,0.0,4,7.1,Monthly
C02986,300,225000,67500000,4.1,Business,Large,University,2,0,0.0,1,VPS,9748701.0,9,13.8,Monthly
C02987,100,250000,25000000,5.9,Government,Large,Government,3,0,0.0,1,Shared,16017955.0,3,0.8,Annual
C02988,20,345000,6900000,5.9,Personal,Small,Normal,0,0,0.0,0,,0.0,1,4.3,Annual
C02989,10,335000,3350000,2.4,Personal,Small,Normal,0,0,0.0,0,,0.0,1,4.8,Monthly
C02990,150,230000,34500000,5.7,Business,Medium,Small Business,1,0,0.0,0,,0.0,2,1.2,Annual
C02991,150,250000,37500000,0.4,Business,Small,Small Business,1,0,0.0,0,,0.0,1,5.3,Monthly
C02992,30,300000,9000000,3.5,Business,Medium,Small Business,1,1,1716398.0,1,Shared,5410393.0,8,5.5,Monthly
C02993,200,230000,46000000,0.3,Business,Large,Enterprise,2,1,322106.0,0,,0.0,2,3.1,Monthly
C02994,150,240000,36000000,1.0,Business,Medium,Small Business,1,1,681232.0,0,,0.0,5,5.6,Monthly
C02995,50,325000,16250000,2.1,Business,Small,Small Business,1,1,1584128.0,0,,0.0,6,8.7,Monthly
C02996,30,300000,9000000,9.4,Personal,Small,Normal,0,0,0.0,0,,0.0,0,0.0,Annual
C02997,20,350000,7000000,7.8,Personal,Small,Normal,0,0,0.0,0,,0.0,0,5.3,Annual
C02998,10,325000,3250000,2.3,Personal,Small,Normal,0,1,1975504.0,0,,0.0,2,2.8,Monthly
C02999,150,260000,39000000,3.4,Business,Large,Enterprise,2,1,1011908.0,0,,0.0,8,7.0,Monthly
C03000,20,305000,6100000,2.3,Personal,Small,Normal,0,0,0.0,0,,0.0,1,5.2,Monthly
