Customer_ID,Bandwidth_Mbps,Price_Per_Mbps,Monthly_Internet_Fee,Years_With_Company,Customer_Type,Company_Size,Strategic_Category,Strategic_Level,Has_VoIP,Monthly_VoIP_Fee,Has_Server,Server_Type,Monthly_Server_Fee,Support_Tickets_Last_Year,Downtime_Hours_Last_Year,Contract_Type,Total_Monthly_Revenue,Number_of_Services,High_Value
C00001,10,320000,3200000,4.2,Personal,Small,Normal,0,0,0.0,0,,0.0,0,4.8,Monthly,3200000.0,1,0
C00002,10,385000,3850000,1.5,Personal,Small,Normal,0,0,0.0,0,,0.0,3,4.8,Monthly,3850000.0,1,0
C00003,20,335000,6700000,0.9,Personal,Small,Normal,0,0,0.0,0,,0.0,3,5.6,Monthly,6700000.0,1,0
C00004,50,315000,15750000,3.1,Personal,Small,Normal,0,0,0.0,0,,0.0,2,1.3,Monthly,15750000.0,1,0
C00005,30,350000,10500000,2.2,Personal,Small,Normal,0,0,0.0,0,,0.0,5,6.3,Monthly,10500000.0,1,0
C00006,100,285000,28500000,8.0,Business,Medium,Small Business,1,0,0.0,0,,0.0,0,2.8,Annual,28500000.0,1,0
C00007,100,280000,28000000,2.8,Business,Small,Small Business,1,1,453701.0,0,,0.0,4,3.4,Monthly,28453701.0,2,0
C00008,100,265000,26500000,8.3,Business,Small,Small Business,1,1,780519.0,0,,0.0,3,6.1,Monthly,27280519.0,2,0
C00009,10,330000,3300000,5.0,Personal,Small,Normal,0,0,0.0,0,,0.0,2,6.2,Monthly,3300000.0,1,0
C00010,20,355000,7100000,0.3,Personal,Small,Normal,0,0,0.0,0,,0.0,0,4.3,Monthly,7100000.0,1,0
C00011,20,300000,6000000,1.3,Personal,Small,Normal,0,0,0.0,0,,0.0,4,7.5,Monthly,6000000.0,1,0
C00012,100,250000,25000000,6.4,Business,Small,Small Business,1,0,0.0,0,,0.0,0,3.6,Annual,25000000.0,1,0
C00013,20,320000,6400000,9.7,Personal,Small,Normal,0,0,0.0,0,,0.0,2,6.5,Annual,6400000.0,1,0
C00014,300,200000,60000000,5.5,Government,Large,Government,3,0,0.0,0,,0.0,2,7.9,Annual,60000000.0,1,1
C00015,20,370000,7400000,1.8,Business,Small,Small Business,1,1,1033037.0,1,Shared,2691635.0,5,7.0,Monthly,11124672.0,3,0
C00016,100,250000,25000000,4.4,Business,Medium,Small Business,1,1,1383897.0,0,,0.0,3,4.7,Monthly,26383897.0,2,0
C00017,50,280000,14000000,9.0,Business,Medium,Small Business,1,1,810109.0,0,,0.0,5,7.7,Annual,14810109.0,2,0
C00018,150,230000,34500000,5.2,Government,Large,Government,3,1,475617.0,1,Shared,12637701.0,6,8.7,Monthly,47613318.0,3,1
C00019,200,250000,50000000,4.9,Business,Medium,Small Business,1,1,1014125.0,1,VPS,18311479.0,6,7.5,Monthly,69325604.0,3,1
C00020,150,260000,39000000,9.0,Business,Small,Small Business,1,1,1749697.0,0,,0.0,8,9.1,Annual,40749697.0,2,0
C00021,50,285000,14250000,7.7,Business,Medium,Small Business,1,0,0.0,1,Dedicated,14830358.0,6,6.5,Annual,29080358.0,2,0
C00022,30,315000,9450000,3.8,Business,Large,ISP Partner,3,1,415157.0,1,Dedicated,12812379.0,8,7.6,Monthly,22677536.0,3,0
C00023,10,340000,3400000,5.8,Personal,Small,Normal,0,0,0.0,0,,0.0,2,2.0,Annual,3400000.0,1,0
C00024,200,220000,44000000,9.6,Business,Large,University,2,1,1341148.0,0,,0.0,4,3.1,Annual,45341148.0,2,1
C00025,200,245000,49000000,8.7,Government,Large,Government,3,0,0.0,1,Shared,18915334.0,9,5.9,Monthly,67915334.0,2,1
C00026,20,305000,6100000,9.8,Personal,Small,Normal,0,0,0.0,0,,0.0,4,2.8,Annual,6100000.0,1,0
C00027,300,210000,63000000,6.1,Business,Large,Enterprise,2,0,0.0,1,Shared,7567635.0,6,2.0,Monthly,70567635.0,2,1
C00028,30,310000,9300000,4.8,Personal,Small,Normal,0,0,0.0,0,,0.0,0,1.3,Monthly,9300000.0,1,0
C00029,300,200000,60000000,6.4,Business,Medium,Small Business,1,1,532674.0,0,,0.0,6,7.4,Annual,60532674.0,2,1
C00030,30,290000,8700000,9.3,Business,Small,Small Business,1,0,0.0,1,Shared,15544269.0,6,6.5,Annual,24244269.0,2,0
C00031,300,230000,69000000,7.4,Business,Small,Small Business,1,0,0.0,0,,0.0,4,4.6,Annual,69000000.0,1,1
C00032,100,250000,25000000,7.5,Business,Small,Small Business,1,0,0.0,0,,0.0,0,2.7,Annual,25000000.0,1,0
C00033,10,320000,3200000,9.1,Personal,Small,Normal,0,0,0.0,0,,0.0,0,2.1,Annual,3200000.0,1,0
C00034,100,265000,26500000,5.3,Business,Large,ISP Partner,3,1,1879175.0,1,Shared,19063101.0,10,10.7,Annual,47442276.0,3,1
C00035,100,295000,29500000,4.3,Business,Small,Small Business,1,1,640925.0,0,,0.0,5,5.2,Monthly,30140925.0,2,0
C00036,10,325000,3250000,4.7,Personal,Small,Normal,0,0,0.0,0,,0.0,2,6.0,Monthly,3250000.0,1,0
C00037,20,310000,6200000,3.7,Personal,Small,Normal,0,0,0.0,0,,0.0,0,4.2,Monthly,6200000.0,1,0
C00038,10,360000,3600000,3.4,Personal,Small,Normal,0,0,0.0,0,,0.0,3,5.7,Monthly,3600000.0,1,0
C00039,10,380000,3800000,2.5,Personal,Small,Normal,0,0,0.0,0,,0.0,0,0.9,Monthly,3800000.0,1,0
C00040,300,200000,60000000,3.8,Business,Large,University,2,0,0.0,0,,0.0,1,2.5,Monthly,60000000.0,1,1
C00041,50,280000,14000000,7.6,Business,Small,Small Business,1,1,1579282.0,0,,0.0,3,8.3,Annual,15579282.0,2,0
C00042,300,200000,60000000,6.4,Government,Large,Government,3,1,894122.0,1,VPS,18135184.0,6,4.5,Annual,79029306.0,3,1
C00043,10,335000,3350000,0.5,Personal,Small,Normal,0,0,0.0,0,,0.0,7,12.3,Monthly,3350000.0,1,0
C00044,200,220000,44000000,0.9,Business,Small,Small Business,1,0,0.0,0,,0.0,2,5.1,Monthly,44000000.0,1,1
C00045,30,290000,8700000,8.7,Personal,Small,Normal,0,0,0.0,0,,0.0,1,0.9,Monthly,8700000.0,1,0
C00046,50,280000,14000000,1.1,Business,Medium,Small Business,1,0,0.0,0,,0.0,1,4.3,Monthly,14000000.0,1,0
C00047,150,270000,40500000,4.0,Business,Large,Hospital,3,1,1993812.0,0,,0.0,2,6.0,Monthly,42493812.0,2,0
C00048,20,335000,6700000,4.3,Personal,Small,Normal,0,0,0.0,0,,0.0,4,5.9,Monthly,6700000.0,1,0
C00049,20,345000,6900000,6.5,Personal,Small,Normal,0,0,0.0,0,,0.0,0,5.3,Annual,6900000.0,1,0
C00050,200,220000,44000000,3.0,Government,Large,Government,3,1,656838.0,1,VPS,7165951.0,6,4.4,Monthly,51822789.0,3,1
C00051,300,200000,60000000,5.9,Government,Large,Government,3,1,1065728.0,1,Dedicated,19944867.0,11,11.3,Annual,81010595.0,3,1
C00052,50,270000,13500000,9.3,Personal,Small,Normal,0,0,0.0,0,,0.0,2,2.3,Monthly,13500000.0,1,0
C00053,20,335000,6700000,7.4,Personal,Small,Normal,0,0,0.0,0,,0.0,2,6.9,Monthly,6700000.0,1,0
C00054,10,330000,3300000,1.7,Business,Small,Small Business,1,0,0.0,0,,0.0,2,6.5,Monthly,3300000.0,1,0
C00055,200,255000,51000000,5.4,Business,Small,Small Business,1,0,0.0,0,,0.0,7,7.0,Monthly,51000000.0,1,1
C00056,150,230000,34500000,9.4,Business,Small,Small Business,1,0,0.0,0,,0.0,0,0.3,Annual,34500000.0,1,0
C00057,30,310000,9300000,4.8,Personal,Small,Normal,0,0,0.0,0,,0.0,3,4.8,Monthly,9300000.0,1,0
C00058,150,230000,34500000,0.6,Government,Large,Government,3,1,1691036.0,1,VPS,16138998.0,8,8.6,Monthly,52330034.0,3,1
C00059,100,280000,28000000,9.8,Business,Small,Small Business,1,0,0.0,1,Dedicated,19638982.0,6,2.5,Monthly,47638982.0,2,1
C00060,10,350000,3500000,6.1,Personal,Small,Normal,0,0,0.0,0,,0.0,0,1.7,Annual,3500000.0,1,0
C00061,10,320000,3200000,7.2,Personal,Small,Normal,0,0,0.0,0,,0.0,3,8.5,Annual,3200000.0,1,0
C00062,150,230000,34500000,7.5,Business,Small,Small Business,1,0,0.0,0,,0.0,0,2.8,Monthly,34500000.0,1,0
C00063,20,315000,6300000,4.8,Personal,Small,Normal,0,0,0.0,0,,0.0,0,1.9,Monthly,6300000.0,1,0
C00064,30,310000,9300000,4.8,Personal,Small,Normal,0,1,1173334.0,0,,0.0,2,0.0,Monthly,10473334.0,2,0
C00065,10,360000,3600000,0.6,Personal,Small,Normal,0,0,0.0,0,,0.0,3,4.3,Monthly,3600000.0,1,0
C00066,150,245000,36750000,8.3,Business,Medium,Small Business,1,0,0.0,1,Shared,17058725.0,6,9.5,Annual,53808725.0,2,1
C00067,300,200000,60000000,9.3,Business,Small,Small Business,1,0,0.0,0,,0.0,2,4.9,Annual,60000000.0,1,1
C00068,20,300000,6000000,9.8,Personal,Small,Normal,0,0,0.0,0,,0.0,0,4.4,Monthly,6000000.0,1,0
C00069,10,355000,3550000,7.0,Personal,Small,Normal,0,0,0.0,0,,0.0,0,2.9,Annual,3550000.0,1,0
C00070,10,320000,3200000,1.9,Personal,Small,Normal,0,0,0.0,0,,0.0,0,0.0,Monthly,3200000.0,1,0
C00071,300,200000,60000000,4.3,Business,Large,Enterprise,2,0,0.0,0,,0.0,0,5.4,Monthly,60000000.0,1,1
C00072,20,300000,6000000,6.1,Business,Small,Small Business,1,1,973920.0,0,,0.0,6,6.9,Annual,6973920.0,2,0
C00073,150,230000,34500000,3.7,Business,Small,Small Business,1,0,0.0,0,,0.0,3,6.2,Monthly,34500000.0,1,0
C00074,10,325000,3250000,3.3,Personal,Small,Normal,0,0,0.0,0,,0.0,0,5.5,Monthly,3250000.0,1,0
C00075,50,290000,14500000,4.5,Personal,Small,Normal,0,0,0.0,0,,0.0,0,3.2,Monthly,14500000.0,1,0
C00076,300,200000,60000000,2.5,Business,Large,Hospital,3,1,1573805.0,1,VPS,11150648.0,8,9.4,Monthly,72724453.0,3,1
C00077,300,200000,60000000,8.1,Government,Large,Government,3,1,652816.0,1,VPS,6525554.0,6,8.8,Annual,67178370.0,3,1
C00078,300,210000,63000000,1.8,Business,Large,Hospital,3,1,1533295.0,1,Shared,8417940.0,5,4.7,Monthly,72951235.0,3,1
C00079,50,320000,16000000,2.1,Personal,Small,Normal,0,1,998432.0,0,,0.0,2,1.7,Monthly,16998432.0,2,0
C00080,10,345000,3450000,0.6,Personal,Small,Normal,0,0,0.0,0,,0.0,0,3.4,Monthly,3450000.0,1,0
C00081,150,260000,39000000,6.6,Business,Small,Small Business,1,0,0.0,1,VPS,17118459.0,6,4.0,Annual,56118459.0,2,1
C00082,200,240000,48000000,4.4,Business,Large,ISP Partner,3,1,1860295.0,1,Shared,12044963.0,6,4.7,Monthly,61905258.0,3,1
C00083,20,300000,6000000,7.1,Personal,Small,Normal,0,0,0.0,0,,0.0,0,3.0,Annual,6000000.0,1,0
C00084,100,275000,27500000,7.7,Business,Medium,Small Business,1,1,785994.0,0,,0.0,5,4.0,Annual,28285994.0,2,0
C00085,200,220000,44000000,2.8,Business,Large,University,2,0,0.0,0,,0.0,6,6.8,Monthly,44000000.0,1,1
C00086,20,300000,6000000,9.8,Personal,Small,Normal,0,0,0.0,0,,0.0,3,5.9,Annual,6000000.0,1,0
C00087,10,325000,3250000,2.8,Personal,Small,Normal,0,0,0.0,0,,0.0,0,3.3,Monthly,3250000.0,1,0
C00088,50,270000,13500000,8.5,Business,Medium,Small Business,1,0,0.0,0,,0.0,2,2.7,Annual,13500000.0,1,0
C00089,20,345000,6900000,3.6,Personal,Small,Normal,0,0,0.0,0,,0.0,1,6.5,Monthly,6900000.0,1,0
C00090,30,295000,8850000,7.6,Personal,Small,Normal,0,0,0.0,0,,0.0,0,4.1,Annual,8850000.0,1,0
C00091,300,200000,60000000,7.1,Business,Large,Enterprise,2,0,0.0,1,VPS,7193083.0,7,6.8,Monthly,67193083.0,2,1
C00092,10,320000,3200000,3.5,Business,Large,ISP Partner,3,1,1330814.0,1,Dedicated,8118345.0,9,11.5,Monthly,12649159.0,3,0
C00093,150,255000,38250000,1.9,Government,Large,Government,3,1,844517.0,1,Shared,16072083.0,11,9.1,Monthly,55166600.0,3,1
C00094,10,365000,3650000,2.5,Personal,Small,Normal,0,0,0.0,0,,0.0,2,5.2,Monthly,3650000.0,1,0
C00095,300,200000,60000000,6.3,Business,Large,ISP Partner,3,1,1385475.0,1,VPS,5453963.0,5,6.2,Annual,66839438.0,3,1
C00096,300,205000,61500000,1.5,Business,Medium,Small Business,1,1,438266.0,0,,0.0,7,8.3,Monthly,61938266.0,2,1
C00097,20,310000,6200000,3.1,Personal,Small,Normal,0,0,0.0,0,,0.0,0,2.0,Monthly,6200000.0,1,0
C00098,10,335000,3350000,6.3,Business,Large,Hospital,3,1,972656.0,1,Shared,15122774.0,8,8.6,Monthly,19445430.0,3,0
C00099,20,300000,6000000,8.6,Business,Large,ISP Partner,3,1,1484011.0,0,,0.0,7,7.9,Monthly,7484011.0,2,0
C00100,20,315000,6300000,6.4,Business,Small,Small Business,1,0,0.0,1,VPS,12410378.0,6,8.3,Monthly,18710378.0,2,0
C00101,50,295000,14750000,6.3,Business,Medium,Small Business,1,0,0.0,0,,0.0,0,3.6,Annual,14750000.0,1,0
C00102,20,340000,6800000,0.7,Personal,Small,Normal,0,0,0.0,0,,0.0,1,5.3,Monthly,6800000.0,1,0
C00103,10,320000,3200000,8.8,Personal,Small,Normal,0,0,0.0,0,,0.0,3,3.6,Annual,3200000.0,1,0
C00104,10,370000,3700000,7.4,Personal,Small,Normal,0,0,0.0,0,,0.0,1,7.9,Annual,3700000.0,1,0
C00105,20,335000,6700000,3.5,Personal,Small,Normal,0,0,0.0,0,,0.0,5,8.1,Monthly,6700000.0,1,0
C00106,300,230000,69000000,2.0,Business,Small,Small Business,1,1,1050302.0,0,,0.0,2,3.6,Monthly,70050302.0,2,1
C00107,100,295000,29500000,3.5,Business,Small,Small Business,1,0,0.0,0,,0.0,3,4.8,Monthly,29500000.0,1,0
C00108,300,240000,72000000,0.8,Government,Large,Government,3,0,0.0,1,VPS,10573498.0,6,9.9,Monthly,82573498.0,2,1
C00109,10,360000,3600000,5.2,Personal,Small,Normal,0,0,0.0,0,,0.0,3,9.1,Annual,3600000.0,1,0
C00110,50,315000,15750000,4.3,Business,Medium,Small Business,1,1,1686329.0,0,,0.0,5,5.2,Monthly,17436329.0,2,0
C00111,20,300000,6000000,8.2,Personal,Small,Normal,0,0,0.0,0,,0.0,5,8.7,Monthly,6000000.0,1,0
C00112,10,350000,3500000,0.2,Personal,Small,Normal,0,0,0.0,0,,0.0,2,3.2,Monthly,3500000.0,1,0
C00113,100,260000,26000000,7.1,Government,Large,Government,3,1,1131356.0,1,VPS,19328703.0,8,11.7,Monthly,46460059.0,3,1
C00114,300,200000,60000000,5.0,Government,Large,Government,3,1,1119462.0,1,Shared,17892137.0,9,12.0,Monthly,79011599.0,3,1
C00115,200,220000,44000000,7.3,Business,Medium,Small Business,1,0,0.0,0,,0.0,5,10.1,Monthly,44000000.0,1,1
C00116,100,255000,25500000,7.0,Business,Medium,Small Business,1,1,1237183.0,0,,0.0,5,6.1,Monthly,26737183.0,2,0
C00117,20,335000,6700000,7.3,Personal,Small,Normal,0,0,0.0,0,,0.0,0,0.0,Monthly,6700000.0,1,0
C00118,200,250000,50000000,6.4,Business,Large,ISP Partner,3,0,0.0,0,,0.0,4,8.4,Monthly,50000000.0,1,1
C00119,10,335000,3350000,4.8,Personal,Small,Normal,0,0,0.0,0,,0.0,0,4.1,Monthly,3350000.0,1,0
C00120,300,210000,63000000,6.8,Business,Medium,Small Business,1,0,0.0,0,,0.0,2,4.7,Annual,63000000.0,1,1
C00121,30,340000,10200000,1.6,Personal,Small,Normal,0,0,0.0,0,,0.0,1,2.8,Monthly,10200000.0,1,0
C00122,10,360000,3600000,9.6,Personal,Small,Normal,0,0,0.0,0,,0.0,0,5.8,Annual,3600000.0,1,0
C00123,50,270000,13500000,5.8,Personal,Small,Normal,0,0,0.0,0,,0.0,0,4.7,Annual,13500000.0,1,0
C00124,200,235000,47000000,4.7,Government,Large,Government,3,1,1374244.0,1,Shared,7652487.0,9,7.1,Monthly,56026731.0,3,1
C00125,10,335000,3350000,4.2,Personal,Small,Normal,0,0,0.0,0,,0.0,0,3.4,Monthly,3350000.0,1,0
C00126,20,300000,6000000,8.6,Personal,Small,Normal,0,0,0.0,0,,0.0,0,4.6,Monthly,6000000.0,1,0
C00127,30,310000,9300000,9.8,Personal,Small,Normal,0,0,0.0,0,,0.0,0,5.9,Annual,9300000.0,1,0
C00128,150,230000,34500000,7.7,Government,Large,Government,3,1,1946311.0,1,Shared,7975143.0,5,5.2,Annual,44421454.0,3,1
C00129,20,345000,6900000,4.8,Business,Small,Small Business,1,0,0.0,0,,0.0,3,2.4,Monthly,6900000.0,1,0
C00130,20,300000,6000000,8.8,Personal,Small,Normal,0,1,1569492.0,0,,0.0,2,8.4,Annual,7569492.0,2,0
C00131,100,250000,25000000,5.5,Business,Medium,Small Business,1,1,673275.0,0,,0.0,2,4.2,Annual,25673275.0,2,0
C00132,200,220000,44000000,4.7,Business,Medium,Small Business,1,0,0.0,0,,0.0,3,1.2,Monthly,44000000.0,1,1
C00133,10,340000,3400000,0.9,Personal,Small,Normal,0,0,0.0,0,,0.0,1,5.9,Monthly,3400000.0,1,0
C00134,100,260000,26000000,4.6,Business,Large,ISP Partner,3,1,1025260.0,1,VPS,14635827.0,9,9.2,Monthly,41661087.0,3,0
C00135,20,340000,6800000,8.3,Personal,Small,Normal,0,0,0.0,0,,0.0,0,4.6,Annual,6800000.0,1,0
C00136,10,355000,3550000,5.7,Business,Medium,Small Business,1,0,0.0,1,VPS,15652633.0,10,8.2,Annual,19202633.0,2,0
C00137,10,365000,3650000,4.8,Personal,Small,Normal,0,0,0.0,0,,0.0,1,0.0,Monthly,3650000.0,1,0
C00138,200,260000,52000000,2.2,Government,Large,Government,3,1,311116.0,0,,0.0,10,5.6,Monthly,52311116.0,2,1
C00139,20,350000,7000000,6.7,Business,Large,University,2,0,0.0,0,,0.0,2,5.3,Annual,7000000.0,1,0
C00140,200,235000,47000000,3.0,Government,Large,Government,3,1,844684.0,1,Shared,4860688.0,10,7.6,Monthly,52705372.0,3,1
C00141,50,300000,15000000,10.0,Personal,Small,Normal,0,0,0.0,0,,0.0,2,4.7,Monthly,15000000.0,1,0
C00142,30,310000,9300000,2.1,Business,Small,Small Business,1,0,0.0,0,,0.0,2,4.4,Monthly,9300000.0,1,0
C00143,300,200000,60000000,9.8,Business,Large,Enterprise,2,0,0.0,1,VPS,14268476.0,5,4.2,Monthly,74268476.0,2,1
C00144,100,250000,25000000,6.5,Government,Large,Government,3,0,0.0,1,Shared,13235114.0,8,6.1,Annual,38235114.0,2,0
C00145,20,340000,6800000,8.6,Personal,Small,Normal,0,0,0.0,0,,0.0,0,0.0,Annual,6800000.0,1,0
C00146,150,230000,34500000,5.0,Business,Medium,Small Business,1,0,0.0,0,,0.0,5,4.5,Monthly,34500000.0,1,0
C00147,200,220000,44000000,5.0,Business,Small,Small Business,1,1,602921.0,1,Dedicated,13988752.0,10,8.3,Monthly,58591673.0,3,1
C00148,150,230000,34500000,2.3,Business,Medium,Small Business,1,1,1696903.0,0,,0.0,4,4.8,Monthly,36196903.0,2,0
C00149,20,310000,6200000,5.2,Personal,Small,Normal,0,0,0.0,0,,0.0,1,4.1,Annual,6200000.0,1,0
C00150,100,250000,25000000,2.6,Government,Large,Government,3,1,793198.0,0,,0.0,3,5.1,Monthly,25793198.0,2,0
C00151,10,335000,3350000,4.4,Personal,Small,Normal,0,0,0.0,0,,0.0,0,7.0,Monthly,3350000.0,1,0
C00152,20,340000,6800000,3.6,Business,Large,Enterprise,2,0,0.0,0,,0.0,4,5.9,Monthly,6800000.0,1,0
C00153,100,250000,25000000,8.4,Business,Small,Small Business,1,1,472249.0,0,,0.0,7,5.4,Annual,25472249.0,2,0
C00154,100,305000,30500000,1.5,Business,Large,Enterprise,2,0,0.0,1,VPS,16227008.0,5,7.1,Monthly,46727008.0,2,1
C00155,10,320000,3200000,1.2,Personal,Small,Normal,0,0,0.0,0,,0.0,0,3.6,Monthly,3200000.0,1,0
C00156,50,270000,13500000,5.0,Business,Medium,Small Business,1,0,0.0,0,,0.0,3,6.7,Monthly,13500000.0,1,0
C00157,100,285000,28500000,3.2,Business,Medium,Small Business,1,0,0.0,0,,0.0,5,4.3,Monthly,28500000.0,1,0
C00158,10,340000,3400000,2.9,Personal,Small,Normal,0,0,0.0,0,,0.0,1,6.1,Monthly,3400000.0,1,0
C00159,150,265000,39750000,7.3,Business,Large,ISP Partner,3,1,1249984.0,1,VPS,2098464.0,8,8.1,Annual,43098448.0,3,0
C00160,30,290000,8700000,6.4,Personal,Small,Normal,0,0,0.0,0,,0.0,4,2.7,Annual,8700000.0,1,0
C00161,150,260000,39000000,8.5,Business,Large,ISP Partner,3,1,594299.0,1,Shared,10713501.0,8,5.9,Annual,50307800.0,3,1
C00162,100,305000,30500000,1.4,Government,Large,Government,3,1,1095742.0,1,Dedicated,6314476.0,6,4.2,Monthly,37910218.0,3,0
C00163,30,310000,9300000,5.1,Personal,Small,Normal,0,1,1448154.0,0,,0.0,3,6.5,Monthly,10748154.0,2,0
C00164,200,225000,45000000,5.9,Business,Large,University,2,0,0.0,0,,0.0,6,8.1,Annual,45000000.0,1,1
C00165,30,315000,9450000,4.3,Personal,Small,Normal,0,0,0.0,0,,0.0,2,6.3,Monthly,9450000.0,1,0
C00166,50,320000,16000000,4.3,Personal,Small,Normal,0,0,0.0,0,,0.0,0,2.2,Monthly,16000000.0,1,0
C00167,200,265000,53000000,0.7,Business,Large,Hospital,3,0,0.0,1,Shared,17304822.0,8,8.6,Monthly,70304822.0,2,1
C00168,10,370000,3700000,2.4,Personal,Small,Normal,0,0,0.0,0,,0.0,0,0.5,Monthly,3700000.0,1,0
C00169,300,200000,60000000,8.1,Business,Small,Small Business,1,0,0.0,0,,0.0,0,1.5,Annual,60000000.0,1,1
C00170,300,230000,69000000,6.4,Government,Large,Government,3,1,1173551.0,1,VPS,14799987.0,6,8.6,Annual,84973538.0,3,1
C00171,30,320000,9600000,9.1,Personal,Small,Normal,0,0,0.0,0,,0.0,0,0.0,Annual,9600000.0,1,0
C00172,10,365000,3650000,3.8,Personal,Small,Normal,0,0,0.0,0,,0.0,2,5.7,Monthly,3650000.0,1,0
C00173,10,320000,3200000,8.7,Personal,Small,Normal,0,0,0.0,0,,0.0,0,0.0,Monthly,3200000.0,1,0
C00174,30,315000,9450000,6.0,Personal,Small,Normal,0,0,0.0,0,,0.0,0,3.8,Monthly,9450000.0,1,0
C00175,20,310000,6200000,8.9,Personal,Small,Normal,0,0,0.0,0,,0.0,2,2.0,Monthly,6200000.0,1,0
C00176,150,230000,34500000,7.4,Business,Small,Small Business,1,0,0.0,0,,0.0,4,2.2,Monthly,34500000.0,1,0
C00177,300,225000,67500000,3.4,Business,Large,University,2,1,632515.0,0,,0.0,5,4.4,Monthly,68132515.0,2,1
C00178,20,335000,6700000,9.8,Personal,Small,Normal,0,0,0.0,0,,0.0,3,2.4,Monthly,6700000.0,1,0
C00179,150,245000,36750000,5.4,Business,Medium,Small Business,1,1,1296101.0,1,Shared,10493421.0,9,9.3,Annual,48539522.0,3,1
C00180,20,300000,6000000,5.0,Personal,Small,Normal,0,0,0.0,0,,0.0,0,0.0,Monthly,6000000.0,1,0
C00181,20,345000,6900000,3.1,Personal,Small,Normal,0,0,0.0,0,,0.0,0,4.2,Monthly,6900000.0,1,0
C00182,50,295000,14750000,2.9,Personal,Small,Normal,0,0,0.0,0,,0.0,0,3.1,Monthly,14750000.0,1,0
C00183,50,270000,13500000,5.9,Personal,Small,Normal,0,0,0.0,0,,0.0,0,1.5,Annual,13500000.0,1,0
C00184,10,345000,3450000,5.8,Personal,Small,Normal,0,0,0.0,0,,0.0,0,4.5,Monthly,3450000.0,1,0
C00185,300,235000,70500000,4.4,Business,Medium,Small Business,1,0,0.0,0,,0.0,0,3.4,Monthly,70500000.0,1,1
C00186,10,360000,3600000,7.2,Personal,Small,Normal,0,0,0.0,0,,0.0,2,2.8,Annual,3600000.0,1,0
C00187,30,310000,9300000,5.8,Personal,Small,Normal,0,0,0.0,0,,0.0,0,3.6,Annual,9300000.0,1,0
C00188,10,320000,3200000,5.4,Personal,Small,Normal,0,0,0.0,0,,0.0,4,6.6,Monthly,3200000.0,1,0
C00189,100,250000,25000000,8.7,Business,Medium,Small Business,1,0,0.0,0,,0.0,3,5.5,Monthly,25000000.0,1,0
C00190,10,320000,3200000,1.9,Personal,Small,Normal,0,0,0.0,0,,0.0,1,4.3,Monthly,3200000.0,1,0
C00191,30,325000,9750000,1.3,Personal,Small,Normal,0,0,0.0,0,,0.0,0,0.0,Monthly,9750000.0,1,0
C00192,10,345000,3450000,1.3,Personal,Small,Normal,0,0,0.0,0,,0.0,3,7.9,Monthly,3450000.0,1,0
C00193,20,300000,6000000,4.4,Personal,Small,Normal,0,0,0.0,0,,0.0,0,1.5,Monthly,6000000.0,1,0
C00194,150,255000,38250000,4.0,Business,Small,Small Business,1,0,0.0,1,Dedicated,11137389.0,8,7.8,Monthly,49387389.0,2,1
C00195,150,275000,41250000,1.3,Government,Large,Government,3,1,1014446.0,1,Shared,18054618.0,6,5.4,Monthly,60319064.0,3,1
C00196,10,345000,3450000,9.0,Personal,Small,Normal,0,0,0.0,0,,0.0,2,1.1,Monthly,3450000.0,1,0
C00197,30,310000,9300000,1.4,Personal,Small,Normal,0,0,0.0,0,,0.0,0,2.4,Monthly,9300000.0,1,0
C00198,30,345000,10350000,0.9,Personal,Small,Normal,0,1,1428433.0,0,,0.0,2,4.7,Monthly,11778433.0,2,0
C00199,100,275000,27500000,3.7,Business,Large,University,2,0,0.0,0,,0.0,1,2.2,Monthly,27500000.0,1,0
C00200,20,305000,6100000,2.9,Personal,Small,Normal,0,0,0.0,0,,0.0,0,4.4,Monthly,6100000.0,1,0
C00201,150,235000,35250000,5.7,Business,Large,Hospital,3,1,1513623.0,1,VPS,2459801.0,5,2.1,Monthly,39223424.0,3,0
C00202,100,250000,25000000,4.6,Business,Small,Small Business,1,1,1162332.0,1,Shared,12882860.0,7,5.7,Monthly,39045192.0,3,0
C00203,150,230000,34500000,2.9,Government,Large,Government,3,1,1925786.0,1,Dedicated,4039856.0,6,6.9,Monthly,40465642.0,3,0
C00204,10,335000,3350000,1.0,Personal,Small,Normal,0,0,0.0,0,,0.0,3,8.3,Monthly,3350000.0,1,0
C00205,10,320000,3200000,5.4,Personal,Small,Normal,0,0,0.0,0,,0.0,1,0.1,Annual,3200000.0,1,0
C00206,30,290000,8700000,8.7,Personal,Small,Normal,0,0,0.0,0,,0.0,3,7.6,Annual,8700000.0,1,0
C00207,300,205000,61500000,7.8,Business,Medium,Small Business,1,0,0.0,0,,0.0,2,1.7,Monthly,61500000.0,1,1
C00208,300,200000,60000000,7.2,Business,Medium,Small Business,1,1,1326128.0,0,,0.0,5,4.6,Monthly,61326128.0,2,1
C00209,20,325000,6500000,3.0,Business,Medium,Small Business,1,0,0.0,1,VPS,12927111.0,4,3.2,Monthly,19427111.0,2,0
C00210,300,245000,73500000,0.4,Business,Small,Small Business,1,0,0.0,0,,0.0,4,4.3,Monthly,73500000.0,1,1
C00211,50,275000,13750000,9.4,Personal,Small,Normal,0,0,0.0,0,,0.0,1,4.2,Annual,13750000.0,1,0
C00212,30,350000,10500000,1.7,Personal,Small,Normal,0,0,0.0,0,,0.0,1,4.6,Monthly,10500000.0,1,0
C00213,10,320000,3200000,8.9,Personal,Small,Normal,0,0,0.0,0,,0.0,0,2.5,Annual,3200000.0,1,0
C00214,50,280000,14000000,7.4,Personal,Small,Normal,0,0,0.0,0,,0.0,0,4.2,Annual,14000000.0,1,0
C00215,20,300000,6000000,5.5,Personal,Small,Normal,0,1,1930142.0,0,,0.0,2,3.7,Monthly,7930142.0,2,0
C00216,30,325000,9750000,8.6,Personal,Small,Normal,0,0,0.0,0,,0.0,3,4.8,Annual,9750000.0,1,0
C00217,20,310000,6200000,1.4,Personal,Small,Normal,0,0,0.0,0,,0.0,0,1.2,Monthly,6200000.0,1,0
C00218,10,350000,3500000,1.2,Personal,Small,Normal,0,0,0.0,0,,0.0,4,8.9,Monthly,3500000.0,1,0
C00219,150,230000,34500000,9.3,Business,Medium,Small Business,1,1,1441156.0,1,VPS,6814910.0,5,9.2,Monthly,42756066.0,3,0
C00220,300,210000,63000000,0.8,Government,Large,Government,3,1,443145.0,1,VPS,10906362.0,8,9.0,Monthly,74349507.0,3,1
C00221,30,315000,9450000,7.2,Business,Medium,Small Business,1,1,1164180.0,1,Dedicated,9967745.0,6,6.5,Annual,20581925.0,3,0
C00222,10,330000,3300000,2.2,Personal,Small,Normal,0,0,0.0,0,,0.0,0,2.1,Monthly,3300000.0,1,0
C00223,10,370000,3700000,5.0,Personal,Small,Normal,0,0,0.0,0,,0.0,0,2.4,Monthly,3700000.0,1,0
C00224,50,305000,15250000,8.6,Personal,Small,Normal,0,0,0.0,0,,0.0,0,1.7,Annual,15250000.0,1,0
C00225,50,320000,16000000,1.7,Personal,Small,Normal,0,0,0.0,0,,0.0,0,5.8,Monthly,16000000.0,1,0
C00226,20,325000,6500000,3.9,Business,Large,Hospital,3,1,1753089.0,1,Dedicated,3951040.0,8,11.5,Monthly,12204129.0,3,0
C00227,10,360000,3600000,6.6,Personal,Small,Normal,0,1,1495443.0,0,,0.0,3,4.2,Annual,5095443.0,2,0
C00228,50,270000,13500000,9.9,Business,Medium,Small Business,1,0,0.0,1,Dedicated,3660075.0,5,8.2,Annual,17160075.0,2,0
C00229,300,205000,61500000,6.8,Business,Large,Enterprise,2,0,0.0,1,Shared,5395359.0,3,2.3,Monthly,66895359.0,2,1
C00230,100,255000,25500000,2.9,Business,Large,ISP Partner,3,1,618053.0,1,VPS,8199321.0,5,6.6,Monthly,34317374.0,3,0
C00231,100,290000,29000000,3.2,Government,Large,Government,3,1,1883186.0,1,Dedicated,12679326.0,5,6.9,Monthly,43562512.0,3,0
C00232,10,320000,3200000,6.4,Personal,Small,Normal,0,0,0.0,0,,0.0,0,3.6,Monthly,3200000.0,1,0
C00233,20,335000,6700000,3.8,Personal,Small,Normal,0,0,0.0,0,,0.0,2,4.2,Monthly,6700000.0,1,0
C00234,20,350000,7000000,1.4,Personal,Small,Normal,0,0,0.0,0,,0.0,4,6.2,Monthly,7000000.0,1,0
C00235,10,320000,3200000,3.3,Personal,Small,Normal,0,0,0.0,0,,0.0,0,2.1,Monthly,3200000.0,1,0
C00236,10,370000,3700000,8.5,Personal,Small,Normal,0,0,0.0,0,,0.0,0,2.8,Annual,3700000.0,1,0
C00237,150,275000,41250000,0.7,Business,Large,ISP Partner,3,1,1013655.0,1,Shared,16198033.0,10,11.1,Monthly,58461688.0,3,1
C00238,150,255000,38250000,3.2,Business,Large,Enterprise,2,0,0.0,0,,0.0,5,4.0,Monthly,38250000.0,1,0
C00239,30,315000,9450000,0.5,Business,Large,Enterprise,2,1,770516.0,0,,0.0,5,8.0,Monthly,10220516.0,2,0
C00240,10,330000,3300000,4.4,Personal,Small,Normal,0,0,0.0,0,,0.0,2,6.2,Monthly,3300000.0,1,0
C00241,10,375000,3750000,3.9,Personal,Small,Normal,0,0,0.0,0,,0.0,1,2.8,Monthly,3750000.0,1,0
C00242,10,335000,3350000,6.4,Business,Large,Hospital,3,1,1442411.0,1,Dedicated,12041108.0,11,7.5,Annual,16833519.0,3,0
C00243,150,230000,34500000,3.0,Business,Large,Hospital,3,1,1517378.0,1,VPS,2701298.0,5,9.9,Monthly,38718676.0,3,0
C00244,100,280000,28000000,5.1,Government,Large,Government,3,1,684835.0,1,Shared,14800338.0,5,3.1,Monthly,43485173.0,3,0
C00245,100,300000,30000000,2.8,Business,Large,University,2,1,1671160.0,0,,0.0,8,6.3,Monthly,31671160.0,2,0
C00246,20,300000,6000000,2.1,Personal,Small,Normal,0,0,0.0,0,,0.0,1,5.0,Monthly,6000000.0,1,0
C00247,50,305000,15250000,1.6,Business,Small,Small Business,1,0,0.0,1,Shared,9677475.0,5,5.9,Monthly,24927475.0,2,0
C00248,100,290000,29000000,1.8,Business,Small,Small Business,1,1,542645.0,1,VPS,2705102.0,6,7.6,Monthly,32247747.0,3,0
C00249,20,345000,6900000,3.5,Personal,Small,Normal,0,0,0.0,0,,0.0,0,0.0,Monthly,6900000.0,1,0
C00250,100,295000,29500000,3.9,Business,Medium,Small Business,1,1,1705319.0,0,,0.0,7,7.5,Monthly,31205319.0,2,0
C00251,10,385000,3850000,2.8,Personal,Small,Normal,0,0,0.0,0,,0.0,2,4.6,Monthly,3850000.0,1,0
C00252,200,220000,44000000,3.4,Business,Medium,Small Business,1,1,1949401.0,0,,0.0,11,13.8,Monthly,45949401.0,2,1
C00253,100,265000,26500000,1.9,Business,Large,ISP Partner,3,1,1154836.0,1,Dedicated,8358401.0,6,5.2,Monthly,36013237.0,3,0
C00254,20,325000,6500000,6.1,Business,Medium,Small Business,1,0,0.0,0,,0.0,5,6.9,Monthly,6500000.0,1,0
C00255,50,270000,13500000,9.1,Personal,Small,Normal,0,0,0.0,0,,0.0,2,2.7,Monthly,13500000.0,1,0
C00256,20,300000,6000000,9.9,Personal,Small,Normal,0,0,0.0,0,,0.0,1,2.0,Annual,6000000.0,1,0
C00257,200,220000,44000000,5.5,Business,Large,Hospital,3,1,1950766.0,1,VPS,6746504.0,12,11.8,Annual,52697270.0,3,1
C00258,10,320000,3200000,10.0,Personal,Small,Normal,0,0,0.0,0,,0.0,1,2.9,Monthly,3200000.0,1,0
C00259,10,320000,3200000,1.9,Personal,Small,Normal,0,0,0.0,0,,0.0,1,4.9,Monthly,3200000.0,1,0
C00260,10,325000,3250000,1.6,Personal,Small,Normal,0,0,0.0,0,,0.0,1,4.4,Monthly,3250000.0,1,0
C00261,150,280000,42000000,1.1,Business,Large,ISP Partner,3,1,394268.0,1,VPS,16960424.0,6,6.1,Monthly,59354692.0,3,1
C00262,10,365000,3650000,7.4,Personal,Small,Normal,0,0,0.0,0,,0.0,4,7.3,Annual,3650000.0,1,0
C00263,30,305000,9150000,9.3,Business,Medium,Small Business,1,1,661101.0,0,,0.0,2,3.7,Annual,9811101.0,2,0
C00264,20,310000,6200000,3.5,Personal,Small,Normal,0,0,0.0,0,,0.0,0,0.6,Monthly,6200000.0,1,0
C00265,150,230000,34500000,5.3,Business,Medium,Small Business,1,1,548026.0,1,VPS,4132342.0,7,5.3,Annual,39180368.0,3,0
C00266,10,340000,3400000,9.9,Personal,Small,Normal,0,0,0.0,0,,0.0,0,6.5,Annual,3400000.0,1,0
C00267,10,320000,3200000,6.6,Personal,Small,Normal,0,0,0.0,0,,0.0,0,2.0,Annual,3200000.0,1,0
C00268,50,270000,13500000,0.2,Personal,Small,Normal,0,0,0.0,0,,0.0,0,1.4,Monthly,13500000.0,1,0
C00269,20,305000,6100000,6.4,Personal,Small,Normal,0,0,0.0,0,,0.0,0,2.0,Annual,6100000.0,1,0
C00270,300,205000,61500000,7.1,Business,Medium,Small Business,1,1,1801226.0,0,,0.0,5,4.9,Annual,63301226.0,2,1
C00271,100,295000,29500000,4.6,Government,Large,Government,3,1,327767.0,1,Shared,18487136.0,9,8.8,Monthly,48314903.0,3,1
C00272,30,310000,9300000,2.9,Personal,Small,Normal,0,0,0.0,0,,0.0,1,0.6,Monthly,9300000.0,1,0
C00273,10,345000,3450000,5.2,Personal,Small,Normal,0,0,0.0,0,,0.0,2,5.1,Annual,3450000.0,1,0
C00274,10,350000,3500000,1.9,Personal,Small,Normal,0,0,0.0,0,,0.0,1,4.2,Monthly,3500000.0,1,0
C00275,200,230000,46000000,5.4,Business,Small,Small Business,1,1,1574536.0,0,,0.0,5,5.4,Annual,47574536.0,2,1
C00276,20,310000,6200000,0.4,Personal,Small,Normal,0,0,0.0,0,,0.0,1,4.7,Monthly,6200000.0,1,0
C00277,20,340000,6800000,5.4,Personal,Small,Normal,0,0,0.0,0,,0.0,1,5.3,Annual,6800000.0,1,0
C00278,20,325000,6500000,6.6,Personal,Small,Normal,0,0,0.0,0,,0.0,1,1.0,Monthly,6500000.0,1,0
C00279,150,235000,35250000,4.5,Business,Medium,Small Business,1,0,0.0,0,,0.0,1,5.7,Monthly,35250000.0,1,0
C00280,10,380000,3800000,0.4,Personal,Small,Normal,0,0,0.0,0,,0.0,0,2.2,Monthly,3800000.0,1,0
C00281,200,255000,51000000,4.3,Business,Small,Small Business,1,0,0.0,0,,0.0,1,3.3,Monthly,51000000.0,1,1
C00282,10,375000,3750000,3.5,Personal,Small,Normal,0,0,0.0,0,,0.0,2,7.1,Monthly,3750000.0,1,0
C00283,10,320000,3200000,3.1,Personal,Small,Normal,0,0,0.0,0,,0.0,0,2.5,Monthly,3200000.0,1,0
C00284,100,250000,25000000,2.1,Business,Small,Small Business,1,1,1410906.0,0,,0.0,9,8.2,Monthly,26410906.0,2,0
C00285,50,270000,13500000,6.7,Personal,Small,Normal,0,0,0.0,0,,0.0,0,2.8,Annual,13500000.0,1,0
C00286,50,280000,14000000,1.2,Business,Small,Small Business,1,0,0.0,0,,0.0,0,0.5,Monthly,14000000.0,1,0
C00287,50,310000,15500000,3.7,Business,Small,Small Business,1,0,0.0,1,Dedicated,12570149.0,6,5.7,Monthly,28070149.0,2,0
C00288,10,325000,3250000,7.6,Personal,Small,Normal,0,0,0.0,0,,0.0,0,4.4,Annual,3250000.0,1,0
C00289,20,350000,7000000,6.7,Personal,Small,Normal,0,0,0.0,0,,0.0,0,6.7,Annual,7000000.0,1,0
C00290,150,230000,34500000,4.3,Business,Small,Small Business,1,0,0.0,0,,0.0,2,6.6,Monthly,34500000.0,1,0
C00291,100,250000,25000000,7.3,Business,Small,Small Business,1,0,0.0,0,,0.0,2,5.4,Annual,25000000.0,1,0
C00292,10,390000,3900000,1.4,Personal,Small,Normal,0,0,0.0,0,,0.0,3,2.6,Monthly,3900000.0,1,0
C00293,300,200000,60000000,3.3,Business,Large,ISP Partner,3,0,0.0,0,,0.0,3,2.5,Monthly,60000000.0,1,1
C00294,20,345000,6900000,0.5,Personal,Small,Normal,0,0,0.0,0,,0.0,0,2.9,Monthly,6900000.0,1,0
C00295,20,330000,6600000,9.4,Personal,Small,Normal,0,0,0.0,0,,0.0,0,0.0,Monthly,6600000.0,1,0
C00296,10,375000,3750000,6.5,Personal,Small,Normal,0,0,0.0,0,,0.0,2,4.1,Monthly,3750000.0,1,0
C00297,50,280000,14000000,9.1,Business,Medium,Small Business,1,0,0.0,0,,0.0,6,8.6,Annual,14000000.0,1,0
C00298,10,320000,3200000,4.5,Personal,Small,Normal,0,0,0.0,0,,0.0,3,6.1,Monthly,3200000.0,1,0
C00299,30,320000,9600000,5.6,Personal,Small,Normal,0,0,0.0,0,,0.0,0,2.4,Monthly,9600000.0,1,0
C00300,10,390000,3900000,1.7,Personal,Small,Normal,0,0,0.0,0,,0.0,0,1.0,Monthly,3900000.0,1,0
C00301,20,335000,6700000,8.8,Business,Medium,Small Business,1,1,987671.0,0,,0.0,3,5.5,Annual,7687671.0,2,0
C00302,150,260000,39000000,6.9,Business,Large,University,2,1,1364879.0,0,,0.0,5,4.2,Annual,40364879.0,2,0
C00303,20,340000,6800000,9.2,Business,Small,Small Business,1,0,0.0,0,,0.0,0,1.9,Monthly,6800000.0,1,0
C00304,200,250000,50000000,1.7,Government,Large,Government,3,1,433989.0,0,,0.0,4,4.4,Monthly,50433989.0,2,1
C00305,20,325000,6500000,1.4,Personal,Small,Normal,0,0,0.0,0,,0.0,0,3.6,Monthly,6500000.0,1,0
C00306,100,250000,25000000,2.7,Business,Small,Small Business,1,0,0.0,0,,0.0,1,4.4,Monthly,25000000.0,1,0
C00307,10,325000,3250000,1.7,Personal,Small,Normal,0,0,0.0,0,,0.0,0,0.8,Monthly,3250000.0,1,0
C00308,300,200000,60000000,9.9,Business,Large,University,2,1,482517.0,0,,0.0,7,3.9,Annual,60482517.0,2,1
C00309,50,270000,13500000,9.0,Personal,Small,Normal,0,0,0.0,0,,0.0,0,2.5,Annual,13500000.0,1,0
C00310,10,320000,3200000,8.3,Personal,Small,Normal,0,0,0.0,0,,0.0,0,4.2,Annual,3200000.0,1,0
C00311,10,340000,3400000,1.3,Personal,Small,Normal,0,0,0.0,0,,0.0,0,3.9,Monthly,3400000.0,1,0
C00312,20,300000,6000000,8.8,Personal,Small,Normal,0,0,0.0,0,,0.0,3,2.7,Monthly,6000000.0,1,0
C00313,20,300000,6000000,8.6,Personal,Small,Normal,0,0,0.0,0,,0.0,3,3.6,Annual,6000000.0,1,0
C00314,30,330000,9900000,1.3,Personal,Small,Normal,0,0,0.0,0,,0.0,0,5.0,Monthly,9900000.0,1,0
C00315,20,300000,6000000,7.9,Personal,Small,Normal,0,0,0.0,0,,0.0,0,2.1,Annual,6000000.0,1,0
C00316,10,340000,3400000,3.6,Personal,Small,Normal,0,0,0.0,0,,0.0,1,2.6,Monthly,3400000.0,1,0
C00317,10,380000,3800000,1.2,Personal,Small,Normal,0,1,1796293.0,0,,0.0,6,5.6,Monthly,5596293.0,2,0
C00318,20,350000,7000000,5.4,Business,Small,Small Business,1,0,0.0,0,,0.0,2,2.4,Annual,7000000.0,1,0
C00319,20,355000,7100000,2.3,Personal,Small,Normal,0,0,0.0,0,,0.0,1,2.8,Monthly,7100000.0,1,0
C00320,20,300000,6000000,7.0,Personal,Small,Normal,0,0,0.0,0,,0.0,0,6.8,Monthly,6000000.0,1,0
C00321,10,360000,3600000,2.2,Personal,Small,Normal,0,0,0.0,0,,0.0,0,2.8,Monthly,3600000.0,1,0
C00322,20,335000,6700000,3.7,Personal,Small,Normal,0,0,0.0,0,,0.0,0,4.7,Monthly,6700000.0,1,0
C00323,20,300000,6000000,4.7,Personal,Small,Normal,0,0,0.0,0,,0.0,1,6.6,Monthly,6000000.0,1,0
C00324,150,230000,68000270,8.9,Business,Large,ISP Partner,3,0,0.0,1,Dedicated,11532290.0,3,8.0,Annual,79532560.0,2,1
C00325,30,290000,8700000,9.4,Business,Medium,Small Business,1,0,0.0,0,,0.0,0,3.6,Annual,8700000.0,1,0
C00326,30,310000,9300000,1.0,Personal,Small,Normal,0,0,0.0,0,,0.0,0,2.1,Monthly,9300000.0,1,0
C00327,10,320000,3200000,4.8,Personal,Small,Normal,0,0,0.0,0,,0.0,0,1.9,Monthly,3200000.0,1,0
C00328,150,230000,34500000,9.9,Business,Small,Small Business,1,0,0.0,1,VPS,11532759.0,10,8.7,Annual,46032759.0,2,1
C00329,10,350000,3500000,8.7,Personal,Small,Normal,0,0,0.0,0,,0.0,2,3.4,Monthly,3500000.0,1,0
C00330,150,230000,34500000,1.1,Business,Medium,Small Business,1,0,0.0,0,,0.0,1,3.0,Monthly,34500000.0,1,0
C00331,10,320000,3200000,6.8,Personal,Small,Normal,0,0,0.0,0,,0.0,3,6.9,Annual,3200000.0,1,0
C00332,20,305000,6100000,4.8,Business,Large,University,2,0,0.0,0,,0.0,4,5.8,Monthly,6100000.0,1,0
C00333,10,385000,3850000,3.0,Personal,Small,Normal,0,0,0.0,0,,0.0,3,4.7,Monthly,3850000.0,1,0
C00334,30,290000,8700000,7.2,Business,Medium,Small Business,1,0,0.0,0,,0.0,0,2.9,Annual,8700000.0,1,0
C00335,30,315000,9450000,0.8,Personal,Small,Normal,0,0,0.0,0,,0.0,0,4.0,Monthly,9450000.0,1,0
C00336,10,335000,3350000,5.3,Personal,Small,Normal,0,0,0.0,0,,0.0,0,0.0,Monthly,3350000.0,1,0
C00337,10,395000,3950000,0.9,Personal,Small,Normal,0,1,415776.0,0,,0.0,4,9.2,Monthly,4365776.0,2,0
C00338,100,255000,25500000,7.5,Government,Large,Government,3,1,1129142.0,1,Dedicated,10944810.0,7,2.5,Annual,37573952.0,3,0
C00339,150,280000,42000000,4.6,Government,Large,Government,3,1,1910556.0,0,,0.0,3,7.9,Monthly,43910556.0,2,0
C00340,100,295000,29500000,0.3,Government,Large,Government,3,1,1203526.0,1,VPS,4619620.0,7,9.2,Monthly,35323146.0,3,0
C00341,10,320000,3200000,8.7,Personal,Small,Normal,0,1,1121919.0,0,,0.0,3,4.0,Annual,4321919.0,2,0
C00342,150,245000,36750000,6.3,Business,Small,Small Business,1,1,1453457.0,0,,0.0,3,5.3,Annual,38203457.0,2,0
C00343,150,265000,39750000,0.5,Business,Large,University,2,1,1471473.0,0,,0.0,7,11.4,Monthly,41221473.0,2,0
C00344,20,310000,6200000,8.7,Business,Small,Small Business,1,1,1920526.0,0,,0.0,6,8.2,Monthly,8120526.0,2,0
C00345,300,210000,63000000,3.0,Business,Large,Enterprise,2,0,0.0,1,Dedicated,4024103.0,9,9.5,Monthly,67024103.0,2,1
C00346,50,330000,16500000,1.2,Personal,Small,Normal,0,0,0.0,0,,0.0,0,4.1,Monthly,16500000.0,1,0
C00347,20,310000,6200000,2.7,Personal,Small,Normal,0,0,0.0,0,,0.0,0,0.0,Monthly,6200000.0,1,0
C00348,20,300000,6000000,3.6,Personal,Small,Normal,0,1,1177653.0,0,,0.0,3,4.5,Monthly,7177653.0,2,0
C00349,200,245000,49000000,6.8,Business,Large,Hospital,3,1,1505268.0,1,Shared,9947880.0,8,6.5,Annual,60453148.0,3,1
C00350,20,335000,6700000,3.6,Personal,Small,Normal,0,0,0.0,0,,0.0,1,1.9,Monthly,6700000.0,1,0
C00351,150,230000,34500000,0.7,Business,Large,Hospital,3,0,0.0,1,VPS,18427731.0,7,8.6,Monthly,52927731.0,2,1
C00352,10,320000,3200000,6.0,Personal,Small,Normal,0,0,0.0,0,,0.0,0,4.4,Annual,3200000.0,1,0
C00353,100,250000,25000000,1.7,Business,Large,Hospital,3,1,1907733.0,0,,0.0,3,5.3,Monthly,26907733.0,2,0
C00354,300,240000,72000000,3.6,Business,Medium,Small Business,1,1,1709085.0,0,,0.0,5,8.2,Monthly,73709085.0,2,1
C00355,10,320000,3200000,8.9,Personal,Small,Normal,0,0,0.0,0,,0.0,3,0.9,Annual,3200000.0,1,0
C00356,20,375000,7500000,1.1,Personal,Small,Normal,0,0,0.0,0,,0.0,0,2.6,Monthly,7500000.0,1,0
C00357,200,235000,47000000,5.1,Business,Medium,Small Business,1,1,1981942.0,1,Shared,6159699.0,7,11.0,Monthly,55141641.0,3,1
C00358,150,280000,42000000,3.0,Government,Large,Government,3,0,0.0,1,VPS,7202222.0,6,6.5,Monthly,49202222.0,2,1
C00359,20,320000,6400000,4.1,Personal,Small,Normal,0,0,0.0,0,,0.0,0,3.9,Monthly,6400000.0,1,0
C00360,150,235000,35250000,2.4,Business,Large,Hospital,3,1,341708.0,1,Dedicated,13176781.0,7,3.9,Monthly,48768489.0,3,1
C00361,50,270000,13500000,2.0,Business,Small,Small Business,1,1,1585000.0,0,,0.0,4,2.4,Monthly,15085000.0,2,0
C00362,50,270000,13500000,9.9,Business,Small,Small Business,1,1,1891600.0,0,,0.0,2,1.7,Annual,15391600.0,2,0
C00363,10,345000,3450000,6.7,Personal,Small,Normal,0,0,0.0,0,,0.0,2,2.8,Monthly,3450000.0,1,0
C00364,200,220000,44000000,9.0,Government,Large,Government,3,1,669064.0,0,,0.0,6,4.4,Annual,44669064.0,2,1
C00365,150,290000,43500000,0.3,Business,Medium,Small Business,1,1,1934113.0,0,,0.0,3,5.4,Monthly,45434113.0,2,1
C00366,20,310000,6200000,4.0,Business,Small,Small Business,1,1,1679183.0,0,,0.0,4,4.5,Monthly,7879183.0,2,0
C00367,100,250000,25000000,9.7,Government,Large,Government,3,1,1879034.0,1,VPS,13407452.0,9,6.9,Annual,40286486.0,3,0
C00368,20,330000,6600000,9.7,Personal,Small,Normal,0,0,0.0,0,,0.0,0,2.0,Annual,6600000.0,1,0
C00369,20,365000,7300000,3.1,Business,Small,Small Business,1,0,0.0,0,,0.0,3,7.3,Monthly,7300000.0,1,0
C00370,20,345000,6900000,8.5,Personal,Small,Normal,0,0,0.0,0,,0.0,0,1.8,Annual,6900000.0,1,0
C00371,30,320000,9600000,4.7,Personal,Small,Normal,0,0,0.0,0,,0.0,1,4.7,Monthly,9600000.0,1,0
C00372,10,350000,3500000,9.6,Personal,Small,Normal,0,0,0.0,0,,0.0,2,6.3,Annual,3500000.0,1,0
C00373,20,305000,6100000,6.9,Personal,Small,Normal,0,0,0.0,0,,0.0,0,2.4,Annual,6100000.0,1,0
C00374,20,365000,7300000,2.2,Personal,Small,Normal,0,0,0.0,0,,0.0,2,4.2,Monthly,7300000.0,1,0
C00375,200,225000,45000000,8.3,Government,Large,Government,3,0,0.0,1,VPS,8758126.0,8,4.7,Annual,53758126.0,2,1
C00376,30,325000,9750000,3.9,Personal,Small,Normal,0,0,0.0,0,,0.0,5,4.6,Monthly,9750000.0,1,0
C00377,100,275000,27500000,9.3,Business,Large,Hospital,3,1,1321280.0,0,,0.0,7,7.0,Annual,28821280.0,2,0
C00378,10,320000,3200000,7.0,Personal,Small,Normal,0,0,0.0,0,,0.0,3,5.5,Annual,3200000.0,1,0
C00379,20,310000,6200000,1.8,Personal,Small,Normal,0,0,0.0,0,,0.0,1,3.5,Monthly,6200000.0,1,0
C00380,20,300000,6000000,4.1,Personal,Small,Normal,0,0,0.0,0,,0.0,1,4.5,Monthly,6000000.0,1,0
C00381,150,260000,39000000,4.7,Business,Large,University,2,1,1069283.0,0,,0.0,4,0.9,Monthly,40069283.0,2,0
C00382,150,250000,37500000,1.3,Government,Large,Government,3,1,1096108.0,1,Shared,12154710.0,6,6.2,Monthly,50750818.0,3,1
C00383,200,250000,50000000,6.5,Business,Large,ISP Partner,3,1,1255780.0,1,Shared,17495518.0,10,6.2,Annual,68751298.0,3,1
C00384,50,275000,13750000,5.2,Business,Medium,Small Business,1,0,0.0,1,VPS,12930678.0,5,5.5,Monthly,26680678.0,2,0
C00385,100,250000,25000000,9.2,Business,Large,Enterprise,2,0,0.0,1,VPS,2539599.0,8,10.1,Annual,27539599.0,2,0
C00386,300,200000,60000000,9.5,Business,Large,University,2,0,0.0,0,,0.0,3,4.4,Annual,60000000.0,1,1
C00387,100,255000,25500000,5.8,Government,Large,Government,3,1,1771196.0,1,Dedicated,11104442.0,7,3.0,Annual,38375638.0,3,0
C00388,10,355000,3550000,5.5,Personal,Small,Normal,0,0,0.0,0,,0.0,0,0.8,Monthly,3550000.0,1,0
C00389,20,300000,6000000,7.9,Personal,Small,Normal,0,0,0.0,0,,0.0,0,8.6,Annual,6000000.0,1,0
C00390,10,355000,3550000,6.9,Personal,Small,Normal,0,0,0.0,0,,0.0,0,5.7,Monthly,3550000.0,1,0
C00391,200,250000,50000000,5.8,Business,Medium,Small Business,1,1,579858.0,1,VPS,9177785.0,9,10.2,Annual,59757643.0,3,1
C00392,30,290000,8700000,9.0,Personal,Small,Normal,0,1,1952194.0,0,,0.0,4,4.5,Monthly,10652194.0,2,0
C00393,10,340000,3400000,8.2,Personal,Small,Normal,0,0,0.0,0,,0.0,3,4.1,Annual,3400000.0,1,0
C00394,200,265000,53000000,1.4,Business,Large,Hospital,3,1,794255.0,1,Shared,6356483.0,10,9.4,Monthly,60150738.0,3,1
C00395,10,360000,3600000,7.9,Personal,Small,Normal,0,0,0.0,0,,0.0,1,1.7,Monthly,3600000.0,1,0
C00396,10,350000,3500000,3.3,Personal,Small,Normal,0,0,0.0,0,,0.0,0,4.5,Monthly,3500000.0,1,0
C00397,20,300000,6000000,7.7,Personal,Small,Normal,0,0,0.0,0,,0.0,7,6.0,Annual,6000000.0,1,0
C00398,300,200000,60000000,8.1,Business,Large,Enterprise,2,1,1932563.0,1,Dedicated,18841312.0,5,4.2,Monthly,80773875.0,3,1
C00399,10,320000,3200000,2.1,Personal,Small,Normal,0,0,0.0,0,,0.0,0,0.3,Monthly,3200000.0,1,0
C00400,10,325000,3250000,3.9,Business,Large,ISP Partner,3,1,724034.0,1,Shared,3913204.0,8,5.7,Monthly,7887238.0,3,0
C00401,100,250000,25000000,5.0,Business,Large,University,2,0,0.0,1,VPS,3076395.0,6,4.2,Monthly,28076395.0,2,0
C00402,10,360000,3600000,0.2,Personal,Small,Normal,0,0,0.0,0,,0.0,0,2.2,Monthly,3600000.0,1,0
C00403,200,220000,44000000,9.8,Business,Small,Small Business,1,0,0.0,0,,0.0,1,7.8,Annual,44000000.0,1,1
C00404,30,345000,10350000,0.9,Personal,Small,Normal,0,0,0.0,0,,0.0,1,4.9,Monthly,10350000.0,1,0
C00405,20,345000,6900000,7.7,Personal,Small,Normal,0,0,0.0,0,,0.0,1,5.7,Annual,6900000.0,1,0
C00406,10,335000,3350000,1.1,Personal,Small,Normal,0,0,0.0,0,,0.0,0,2.8,Monthly,3350000.0,1,0
C00407,200,220000,44000000,3.7,Business,Large,University,2,1,1488025.0,0,,0.0,4,10.6,Monthly,45488025.0,2,1
C00408,50,315000,15750000,4.3,Personal,Small,Normal,0,1,1115519.0,0,,0.0,5,4.8,Monthly,16865519.0,2,0
C00409,100,285000,28500000,2.1,Business,Small,Small Business,1,0,0.0,1,VPS,11791349.0,6,3.9,Monthly,40291349.0,2,0
C00410,20,300000,6000000,4.7,Personal,Small,Normal,0,0,0.0,0,,0.0,1,4.3,Monthly,6000000.0,1,0
C00411,10,335000,3350000,7.1,Business,Small,Small Business,1,0,0.0,0,,0.0,1,4.1,Annual,3350000.0,1,0
C00412,20,300000,6000000,6.8,Personal,Small,Normal,0,0,0.0,0,,0.0,0,1.9,Monthly,6000000.0,1,0
C00413,150,255000,38250000,2.0,Business,Small,Small Business,1,0,0.0,0,,0.0,4,5.2,Monthly,38250000.0,1,0
C00414,20,350000,7000000,7.6,Business,Small,Small Business,1,0,0.0,1,Dedicated,17261547.0,7,6.1,Monthly,24261547.0,2,0
C00415,10,320000,3200000,8.0,Personal,Small,Normal,0,0,0.0,0,,0.0,0,3.7,Annual,3200000.0,1,0
C00416,150,230000,34500000,1.5,Business,Medium,Small Business,1,0,0.0,0,,0.0,1,1.8,Monthly,34500000.0,1,0
C00417,20,325000,6500000,1.3,Personal,Small,Normal,0,0,0.0,0,,0.0,3,3.3,Monthly,6500000.0,1,0
C00418,100,285000,28500000,5.4,Business,Large,ISP Partner,3,1,334673.0,0,,0.0,3,5.1,Annual,28834673.0,2,0
C00419,300,245000,73500000,0.3,Business,Large,Enterprise,2,1,1332892.0,1,VPS,9474010.0,5,5.8,Monthly,84306902.0,3,1
C00420,20,330000,6600000,0.3,Personal,Small,Normal,0,0,0.0,0,,0.0,0,6.3,Monthly,6600000.0,1,0
C00421,100,275000,27500000,4.1,Business,Small,Small Business,1,0,0.0,0,,0.0,1,5.7,Monthly,27500000.0,1,0
C00422,100,290000,29000000,5.1,Business,Medium,Small Business,1,1,519204.0,0,,0.0,4,6.2,Annual,29519204.0,2,0
C00423,20,315000,6300000,2.5,Personal,Small,Normal,0,0,0.0,0,,0.0,2,3.7,Monthly,6300000.0,1,0
C00424,150,260000,39000000,7.9,Business,Small,Small Business,1,1,1775344.0,0,,0.0,4,10.1,Annual,40775344.0,2,0
C00425,100,250000,25000000,9.0,Business,Large,ISP Partner,3,1,1008633.0,1,Shared,13782921.0,9,5.4,Annual,39791554.0,3,0
C00426,10,355000,3550000,8.2,Business,Medium,Small Business,1,1,408882.0,0,,0.0,8,8.5,Annual,3958882.0,2,0
C00427,10,320000,3200000,6.4,Personal,Small,Normal,0,0,0.0,0,,0.0,2,2.9,Annual,3200000.0,1,0
C00428,20,305000,6100000,4.0,Personal,Small,Normal,0,0,0.0,0,,0.0,1,3.1,Monthly,6100000.0,1,0
C00429,20,340000,6800000,1.3,Personal,Small,Normal,0,0,0.0,0,,0.0,0,3.0,Monthly,6800000.0,1,0
C00430,200,225000,45000000,5.5,Business,Small,Small Business,1,0,0.0,1,VPS,8575302.0,4,3.8,Annual,53575302.0,2,1
C00431,200,220000,44000000,6.4,Business,Medium,Small Business,1,0,0.0,0,,0.0,4,5.5,Monthly,44000000.0,1,1
C00432,10,320000,3200000,9.1,Personal,Small,Normal,0,1,881559.0,0,,0.0,3,1.4,Monthly,4081559.0,2,0
C00433,20,300000,6000000,0.5,Personal,Small,Normal,0,0,0.0,0,,0.0,2,0.8,Monthly,6000000.0,1,0
C00434,10,365000,3650000,5.7,Personal,Small,Normal,0,0,0.0,0,,0.0,2,4.3,Annual,3650000.0,1,0
C00435,20,300000,6000000,7.6,Personal,Small,Normal,0,0,0.0,0,,0.0,1,4.7,Annual,6000000.0,1,0
C00436,30,290000,8700000,9.4,Personal,Small,Normal,0,0,0.0,0,,0.0,1,1.1,Annual,8700000.0,1,0
C00437,30,335000,10050000,3.1,Personal,Small,Normal,0,0,0.0,0,,0.0,0,0.0,Monthly,10050000.0,1,0
C00438,300,200000,60000000,9.3,Government,Large,Government,3,1,1603590.0,1,VPS,17337188.0,7,9.3,Monthly,78940778.0,3,1
C00439,20,335000,6700000,6.1,Personal,Small,Normal,0,0,0.0,0,,0.0,0,2.9,Monthly,6700000.0,1,0
C00440,10,375000,3750000,5.7,Personal,Small,Normal,0,0,0.0,0,,0.0,2,0.0,Monthly,3750000.0,1,0
C00441,10,380000,3800000,1.2,Personal,Small,Normal,0,0,0.0,0,,0.0,0,9.2,Monthly,3800000.0,1,0
C00442,100,290000,29000000,2.0,Government,Large,Government,3,1,1343252.0,1,Dedicated,10222941.0,5,6.4,Monthly,40566193.0,3,0
C00443,30,290000,8700000,7.4,Personal,Small,Normal,0,0,0.0,0,,0.0,1,4.8,Annual,8700000.0,1,0
C00444,150,285000,42750000,3.4,Business,Small,Small Business,1,0,0.0,0,,0.0,4,8.2,Monthly,42750000.0,1,0
C00445,50,330000,16500000,1.3,Business,Small,Small Business,1,1,1335598.0,0,,0.0,8,10.4,Monthly,17835598.0,2,0
C00446,30,350000,10500000,1.0,Personal,Small,Normal,0,0,0.0,0,,0.0,1,2.7,Monthly,10500000.0,1,0
C00447,100,250000,25000000,6.1,Business,Large,University,2,0,0.0,0,,0.0,7,4.5,Monthly,25000000.0,1,0
C00448,200,245000,49000000,1.0,Government,Large,Government,3,0,0.0,1,VPS,2483984.0,6,8.0,Monthly,51483984.0,2,1
C00449,10,340000,3400000,8.0,Personal,Small,Normal,0,0,0.0,0,,0.0,0,6.7,Annual,3400000.0,1,0
C00450,30,290000,8700000,1.2,Personal,Small,Normal,0,0,0.0,0,,0.0,2,7.6,Monthly,8700000.0,1,0
C00451,10,320000,3200000,6.0,Personal,Small,Normal,0,0,0.0,0,,0.0,1,4.4,Monthly,3200000.0,1,0
C00452,20,345000,6900000,6.2,Personal,Small,Normal,0,0,0.0,0,,0.0,0,6.0,Annual,6900000.0,1,0
C00453,10,320000,3200000,5.4,Business,Small,Small Business,1,0,0.0,0,,0.0,8,9.0,Monthly,3200000.0,1,0
C00454,20,320000,6400000,3.6,Personal,Small,Normal,0,0,0.0,0,,0.0,0,1.3,Monthly,6400000.0,1,0
C00455,30,290000,8700000,7.6,Personal,Small,Normal,0,0,0.0,0,,0.0,2,6.6,Monthly,8700000.0,1,0
C00456,10,320000,3200000,6.7,Personal,Small,Normal,0,0,0.0,0,,0.0,0,3.9,Annual,3200000.0,1,0
C00457,50,270000,13500000,9.6,Personal,Small,Normal,0,0,0.0,0,,0.0,2,4.5,Annual,13500000.0,1,0
C00458,30,290000,8700000,9.6,Personal,Small,Normal,0,0,0.0,0,,0.0,2,2.5,Annual,8700000.0,1,0
C00459,150,230000,34500000,8.9,Business,Small,Small Business,1,1,1925574.0,1,Shared,18260790.0,10,11.4,Monthly,54686364.0,3,1
C00460,150,245000,36750000,8.1,Business,Large,University,2,0,0.0,0,,0.0,2,5.1,Annual,36750000.0,1,0
C00461,50,270000,13500000,6.5,Personal,Small,Normal,0,0,0.0,0,,0.0,5,6.5,Annual,13500000.0,1,0
C00462,20,335000,6700000,3.5,Business,Medium,Small Business,1,0,0.0,0,,0.0,5,9.9,Monthly,6700000.0,1,0
C00463,100,285000,28500000,1.6,Business,Large,Enterprise,2,0,0.0,1,Shared,4645003.0,4,7.7,Monthly,33145003.0,2,0
C00464,30,325000,9750000,3.8,Personal,Small,Normal,0,0,0.0,0,,0.0,0,0.0,Monthly,9750000.0,1,0
C00465,10,360000,3600000,6.4,Business,Medium,Small Business,1,0,0.0,0,,0.0,3,9.6,Monthly,3600000.0,1,0
C00466,50,290000,14500000,6.4,Business,Small,Small Business,1,1,1590893.0,0,,0.0,3,3.1,Annual,16090893.0,2,0
C00467,20,340000,6800000,1.4,Personal,Small,Normal,0,0,0.0,0,,0.0,0,0.9,Monthly,6800000.0,1,0
C00468,300,235000,70500000,4.0,Business,Small,Small Business,1,0,0.0,0,,0.0,3,3.1,Monthly,70500000.0,1,1
C00469,20,300000,6000000,4.9,Personal,Small,Normal,0,0,0.0,0,,0.0,1,5.1,Monthly,6000000.0,1,0
C00470,200,235000,47000000,4.3,Business,Medium,Small Business,1,1,399113.0,1,Dedicated,8868676.0,7,11.0,Monthly,56267789.0,3,1
C00471,100,250000,25000000,5.1,Business,Large,Enterprise,2,1,734084.0,0,,0.0,9,10.0,Annual,25734084.0,2,0
C00472,20,310000,6200000,6.4,Personal,Small,Normal,0,0,0.0,0,,0.0,6,6.8,Annual,6200000.0,1,0
C00473,20,300000,6000000,9.5,Personal,Small,Normal,0,0,0.0,0,,0.0,0,3.0,Monthly,6000000.0,1,0
C00474,10,375000,3750000,5.3,Personal,Small,Normal,0,0,0.0,0,,0.0,2,7.4,Annual,3750000.0,1,0
C00475,10,345000,3450000,8.5,Personal,Small,Normal,0,0,0.0,0,,0.0,0,2.8,Monthly,3450000.0,1,0
C00476,150,250000,37500000,5.3,Business,Large,Hospital,3,1,1103582.0,1,VPS,18649729.0,9,6.3,Annual,57253311.0,3,1
C00477,20,320000,6400000,8.9,Personal,Small,Normal,0,0,0.0,0,,0.0,2,5.2,Annual,6400000.0,1,0
C00478,300,200000,60000000,8.6,Business,Large,Enterprise,2,1,358372.0,0,,0.0,3,5.1,Annual,60358372.0,2,1
C00479,10,320000,3200000,7.4,Personal,Small,Normal,0,0,0.0,0,,0.0,0,4.8,Monthly,3200000.0,1,0
C00480,10,360000,3600000,8.4,Personal,Small,Normal,0,0,0.0,0,,0.0,1,0.2,Monthly,3600000.0,1,0
C00481,10,325000,3250000,8.7,Personal,Small,Normal,0,0,0.0,0,,0.0,0,3.6,Monthly,3250000.0,1,0
C00482,10,320000,3200000,3.1,Business,Medium,Small Business,1,0,0.0,1,Shared,3622205.0,7,8.1,Monthly,6822205.0,2,0
C00483,30,290000,8700000,4.4,Personal,Small,Normal,0,0,0.0,0,,0.0,6,9.1,Monthly,8700000.0,1,0
C00484,50,305000,15250000,1.8,Business,Large,University,2,1,613754.0,0,,0.0,6,5.9,Monthly,15863754.0,2,0
C00485,200,250000,50000000,3.0,Government,Large,Government,3,1,795441.0,1,Dedicated,19222455.0,11,7.1,Monthly,70017896.0,3,1
C00486,200,220000,44000000,5.0,Business,Large,Enterprise,2,0,0.0,1,Dedicated,11574198.0,7,7.1,Monthly,55574198.0,2,1
C00487,10,320000,3200000,9.2,Personal,Small,Normal,0,0,0.0,0,,0.0,1,0.1,Annual,3200000.0,1,0
C00488,20,345000,6900000,2.5,Personal,Small,Normal,0,0,0.0,0,,0.0,0,2.0,Monthly,6900000.0,1,0
C00489,10,320000,3200000,6.6,Personal,Small,Normal,0,0,0.0,0,,0.0,0,4.4,Annual,3200000.0,1,0
C00490,20,315000,6300000,7.2,Business,Large,Hospital,3,1,1584412.0,1,Shared,3495259.0,8,8.9,Annual,11379671.0,3,0
C00491,10,320000,3200000,5.8,Personal,Small,Normal,0,0,0.0,0,,0.0,3,3.3,Annual,3200000.0,1,0
C00492,300,200000,60000000,7.2,Business,Small,Small Business,1,0,0.0,0,,0.0,4,4.6,Monthly,60000000.0,1,1
C00493,150,230000,34500000,8.5,Government,Large,Government,3,1,401075.0,1,VPS,19144689.0,7,7.4,Monthly,54045764.0,3,1
C00494,10,365000,3650000,7.1,Personal,Small,Normal,0,0,0.0,0,,0.0,0,2.2,Annual,3650000.0,1,0
C00495,30,340000,10200000,1.5,Personal,Small,Normal,0,0,0.0,0,,0.0,3,3.3,Monthly,10200000.0,1,0
C00496,10,385000,3850000,0.5,Personal,Small,Normal,0,0,0.0,0,,0.0,0,2.9,Monthly,3850000.0,1,0
C00497,10,360000,3600000,6.5,Personal,Small,Normal,0,0,0.0,0,,0.0,2,3.4,Annual,3600000.0,1,0
C00498,10,345000,3450000,9.3,Personal,Small,Normal,0,0,0.0,0,,0.0,2,4.2,Annual,3450000.0,1,0
C00499,100,250000,25000000,7.7,Business,Large,University,2,0,0.0,1,Dedicated,10022194.0,9,4.6,Annual,35022194.0,2,0
C00500,20,340000,6800000,3.8,Personal,Small,Normal,0,0,0.0,0,,0.0,0,0.0,Monthly,6800000.0,1,0
C00501,30,320000,9600000,2.2,Personal,Small,Normal,0,0,0.0,0,,0.0,0,0.5,Monthly,9600000.0,1,0
C00502,300,200000,60000000,2.2,Government,Large,Government,3,0,0.0,0,,0.0,6,8.9,Monthly,60000000.0,1,1
C00503,150,245000,36750000,1.9,Government,Large,Government,3,1,746309.0,1,Dedicated,17028958.0,6,6.7,Monthly,54525267.0,3,1
C00504,200,220000,44000000,8.7,Business,Large,Enterprise,2,0,0.0,0,,0.0,2,6.6,Annual,44000000.0,1,1
C00505,50,270000,13500000,8.4,Business,Medium,Small Business,1,1,865142.0,0,,0.0,6,5.5,Annual,14365142.0,2,0
C00506,100,250000,25000000,5.9,Business,Medium,Small Business,1,1,1416059.0,0,,0.0,2,3.6,Monthly,26416059.0,2,0
C00507,100,300000,30000000,4.9,Business,Large,Enterprise,2,1,1323677.0,0,,0.0,7,8.5,Monthly,31323677.0,2,0
C00508,10,320000,3200000,2.0,Personal,Small,Normal,0,0,0.0,0,,0.0,0,5.8,Monthly,3200000.0,1,0
C00509,50,280000,14000000,5.3,Personal,Small,Normal,0,0,0.0,0,,0.0,0,3.3,Annual,14000000.0,1,0
C00510,10,320000,3200000,3.0,Personal,Small,Normal,0,0,0.0,0,,0.0,0,2.4,Monthly,3200000.0,1,0
C00511,100,250000,25000000,5.9,Business,Medium,Small Business,1,0,0.0,0,,0.0,1,4.6,Annual,25000000.0,1,0
C00512,10,320000,3200000,2.9,Personal,Small,Normal,0,0,0.0,0,,0.0,0,3.5,Monthly,3200000.0,1,0
C00513,10,320000,3200000,5.4,Personal,Small,Normal,0,0,0.0,0,,0.0,0,5.3,Annual,3200000.0,1,0
C00514,150,280000,42000000,0.6,Business,Large,University,2,0,0.0,1,Dedicated,4840755.0,3,4.7,Monthly,46840755.0,2,1
C00515,200,220000,44000000,7.3,Government,Large,Government,3,0,0.0,1,Dedicated,18460272.0,5,3.6,Annual,62460272.0,2,1
C00516,30,290000,8700000,5.8,Personal,Small,Normal,0,0,0.0,0,,0.0,0,1.0,Annual,8700000.0,1,0
C00517,50,325000,16250000,2.3,Business,Small,Small Business,1,0,0.0,0,,0.0,2,4.8,Monthly,16250000.0,1,0
C00518,30,290000,8700000,7.7,Personal,Small,Normal,0,0,0.0,0,,0.0,0,3.4,Annual,8700000.0,1,0
C00519,10,350000,3500000,8.8,Personal,Small,Normal,0,0,0.0,0,,0.0,0,0.0,Annual,3500000.0,1,0
C00520,20,315000,6300000,2.2,Personal,Small,Normal,0,0,0.0,0,,0.0,2,6.5,Monthly,6300000.0,1,0
C00521,20,370000,7400000,0.7,Personal,Small,Normal,0,0,0.0,0,,0.0,1,8.4,Monthly,7400000.0,1,0
C00522,100,285000,28500000,4.3,Business,Medium,Small Business,1,1,482584.0,0,,0.0,4,8.5,Monthly,28982584.0,2,0
C00523,100,285000,28500000,5.2,Government,Large,Government,3,1,1636968.0,1,Dedicated,2162211.0,10,9.1,Annual,32299179.0,3,0
C00524,150,270000,40500000,2.4,Business,Medium,Small Business,1,0,0.0,0,,0.0,2,1.5,Monthly,40500000.0,1,0
C00525,20,320000,6400000,3.5,Personal,Small,Normal,0,0,0.0,0,,0.0,2,5.4,Monthly,6400000.0,1,0
C00526,150,250000,37500000,6.8,Business,Large,ISP Partner,3,1,1866436.0,1,Dedicated,8350436.0,11,10.2,Annual,47716872.0,3,1
C00527,10,330000,3300000,4.1,Personal,Small,Normal,0,0,0.0,0,,0.0,0,6.7,Monthly,3300000.0,1,0
C00528,150,265000,39750000,4.1,Business,Small,Small Business,1,0,0.0,0,,0.0,2,4.3,Monthly,39750000.0,1,0
C00529,30,325000,9750000,6.9,Personal,Small,Normal,0,0,0.0,0,,0.0,2,1.6,Annual,9750000.0,1,0
C00530,20,360000,7200000,2.0,Personal,Small,Normal,0,0,0.0,0,,0.0,3,7.0,Monthly,7200000.0,1,0
C00531,10,375000,3750000,3.5,Personal,Small,Normal,0,0,0.0,0,,0.0,3,3.3,Monthly,3750000.0,1,0
C00532,200,220000,44000000,7.8,Business,Small,Small Business,1,0,0.0,0,,0.0,5,7.1,Annual,44000000.0,1,1
C00533,30,290000,8700000,8.5,Personal,Small,Normal,0,0,0.0,0,,0.0,1,4.0,Annual,8700000.0,1,0
C00534,100,275000,27500000,4.6,Business,Large,Enterprise,2,0,0.0,0,,0.0,3,9.2,Monthly,27500000.0,1,0
C00535,20,325000,6500000,6.8,Personal,Small,Normal,0,0,0.0,0,,0.0,0,1.7,Annual,6500000.0,1,0
C00536,50,270000,13500000,4.6,Personal,Small,Normal,0,0,0.0,0,,0.0,2,5.6,Monthly,13500000.0,1,0
C00537,30,300000,9000000,6.1,Personal,Small,Normal,0,0,0.0,0,,0.0,0,4.7,Annual,9000000.0,1,0
C00538,30,330000,9900000,7.1,Personal,Small,Normal,0,0,0.0,0,,0.0,0,4.7,Annual,9900000.0,1,0
C00539,20,300000,6000000,5.4,Personal,Small,Normal,0,0,0.0,0,,0.0,4,6.8,Annual,6000000.0,1,0
C00540,10,335000,3350000,6.9,Personal,Small,Normal,0,0,0.0,0,,0.0,0,3.0,Annual,3350000.0,1,0
C00541,150,230000,95441968,6.6,Business,Large,ISP Partner,3,1,1913770.0,1,Dedicated,15645701.0,7,7.5,Monthly,113001439.0,3,1
C00542,50,290000,14500000,9.4,Personal,Small,Normal,0,0,0.0,0,,0.0,2,1.6,Annual,14500000.0,1,0
C00543,50,270000,13500000,2.0,Personal,Small,Normal,0,0,0.0,0,,0.0,0,3.4,Monthly,13500000.0,1,0
C00544,200,220000,44000000,9.2,Business,Medium,Small Business,1,1,1003245.0,0,,0.0,8,7.2,Annual,45003245.0,2,1
C00545,30,290000,8700000,9.9,Personal,Small,Normal,0,0,0.0,0,,0.0,0,4.0,Annual,8700000.0,1,0
C00546,10,325000,3250000,2.7,Personal,Small,Normal,0,0,0.0,0,,0.0,0,0.0,Monthly,3250000.0,1,0
C00547,20,330000,6600000,4.8,Personal,Small,Normal,0,1,593329.0,0,,0.0,4,5.8,Monthly,7193329.0,2,0
C00548,20,300000,6000000,6.0,Personal,Small,Normal,0,0,0.0,0,,0.0,2,1.6,Annual,6000000.0,1,0
C00549,20,330000,6600000,2.2,Personal,Small,Normal,0,0,0.0,0,,0.0,2,7.9,Monthly,6600000.0,1,0
C00550,10,325000,3250000,1.1,Personal,Small,Normal,0,0,0.0,0,,0.0,0,1.0,Monthly,3250000.0,1,0
C00551,20,345000,6900000,4.2,Personal,Small,Normal,0,0,0.0,0,,0.0,2,2.6,Monthly,6900000.0,1,0
C00552,150,250000,37500000,1.8,Business,Small,Small Business,1,0,0.0,0,,0.0,0,4.6,Monthly,37500000.0,1,0
C00553,20,315000,6300000,6.7,Personal,Small,Normal,0,0,0.0,0,,0.0,4,8.1,Monthly,6300000.0,1,0
C00554,300,200000,60000000,2.7,Business,Large,ISP Partner,3,1,1975646.0,1,Shared,6941109.0,10,10.5,Monthly,68916755.0,3,1
C00555,200,230000,46000000,9.3,Business,Small,Small Business,1,0,0.0,0,,0.0,0,0.3,Annual,46000000.0,1,1
C00556,300,210000,63000000,7.2,Government,Large,Government,3,1,1147382.0,1,Dedicated,13874978.0,10,6.9,Annual,78022360.0,3,1
C00557,100,265000,26500000,9.9,Business,Small,Small Business,1,0,0.0,0,,0.0,0,6.9,Monthly,26500000.0,1,0
C00558,10,320000,3200000,5.8,Personal,Small,Normal,0,0,0.0,0,,0.0,2,5.8,Monthly,3200000.0,1,0
C00559,100,250000,25000000,6.7,Business,Medium,Small Business,1,0,0.0,1,Shared,2932097.0,5,6.7,Annual,27932097.0,2,0
C00560,30,295000,8850000,6.4,Personal,Small,Normal,0,1,1818378.0,0,,0.0,6,8.8,Annual,10668378.0,2,0
C00561,200,235000,47000000,3.6,Business,Medium,Small Business,1,0,0.0,0,,0.0,3,4.5,Monthly,47000000.0,1,1
C00562,150,260000,39000000,3.5,Business,Small,Small Business,1,1,850667.0,0,,0.0,4,2.6,Monthly,39850667.0,2,0
C00563,200,220000,44000000,7.7,Business,Small,Small Business,1,0,0.0,0,,0.0,3,1.0,Annual,44000000.0,1,1
C00564,200,240000,48000000,0.3,Business,Large,University,2,1,363445.0,0,,0.0,4,8.5,Monthly,48363445.0,2,1
C00565,100,260000,26000000,5.5,Business,Small,Small Business,1,0,0.0,1,VPS,6529992.0,5,4.0,Annual,32529992.0,2,0
C00566,100,265000,26500000,2.5,Business,Medium,Small Business,1,0,0.0,0,,0.0,1,5.8,Monthly,26500000.0,1,0
C00567,30,325000,9750000,0.8,Personal,Small,Normal,0,0,0.0,0,,0.0,0,1.7,Monthly,9750000.0,1,0
C00568,50,270000,13500000,6.8,Personal,Small,Normal,0,0,0.0,0,,0.0,0,2.1,Annual,13500000.0,1,0
C00569,150,265000,39750000,1.0,Business,Medium,Small Business,1,1,1345377.0,0,,0.0,6,5.8,Monthly,41095377.0,2,0
C00570,200,230000,46000000,2.7,Business,Medium,Small Business,1,0,0.0,0,,0.0,1,1.6,Monthly,46000000.0,1,1
C00571,20,305000,6100000,8.1,Personal,Small,Normal,0,0,0.0,0,,0.0,1,5.7,Annual,6100000.0,1,0
C00572,10,335000,3350000,4.9,Personal,Small,Normal,0,1,433713.0,0,,0.0,3,6.2,Monthly,3783713.0,2,0
C00573,30,305000,9150000,9.7,Personal,Small,Normal,0,0,0.0,0,,0.0,3,6.8,Monthly,9150000.0,1,0
C00574,100,250000,25000000,9.9,Government,Large,Government,3,1,1903585.0,1,Dedicated,15309692.0,10,1.8,Annual,42213277.0,3,0
C00575,50,285000,14250000,4.5,Personal,Small,Normal,0,1,1863608.0,0,,0.0,2,3.6,Monthly,16113608.0,2,0
C00576,150,230000,34500000,5.4,Business,Small,Small Business,1,1,1937260.0,0,,0.0,7,10.4,Annual,36437260.0,2,0
C00577,100,285000,28500000,8.6,Business,Small,Small Business,1,0,0.0,0,,0.0,0,4.3,Monthly,28500000.0,1,0
C00578,20,300000,6000000,7.4,Personal,Small,Normal,0,0,0.0,0,,0.0,0,3.0,Monthly,6000000.0,1,0
C00579,20,340000,6800000,1.1,Personal,Small,Normal,0,0,0.0,0,,0.0,0,5.7,Monthly,6800000.0,1,0
C00580,100,250000,25000000,2.1,Business,Medium,Small Business,1,1,829917.0,0,,0.0,6,6.1,Monthly,25829917.0,2,0
C00581,20,300000,6000000,1.5,Personal,Small,Normal,0,0,0.0,0,,0.0,2,6.7,Monthly,6000000.0,1,0
C00582,10,360000,3600000,1.2,Business,Small,Small Business,1,1,1550267.0,1,Dedicated,19011574.0,7,10.2,Monthly,24161841.0,3,0
C00583,300,205000,61500000,8.1,Business,Medium,Small Business,1,0,0.0,0,,0.0,3,2.2,Annual,61500000.0,1,1
C00584,150,230000,34500000,2.8,Business,Small,Small Business,1,1,1301598.0,1,Shared,11214499.0,7,6.6,Monthly,47016097.0,3,1
C00585,200,245000,49000000,0.8,Business,Large,Hospital,3,1,1977351.0,1,Dedicated,6963887.0,6,7.0,Monthly,57941238.0,3,1
C00586,10,360000,3600000,9.3,Personal,Small,Normal,0,0,0.0,0,,0.0,0,3.2,Annual,3600000.0,1,0
C00587,200,220000,44000000,9.2,Business,Large,Enterprise,2,1,1491752.0,0,,0.0,2,3.8,Annual,45491752.0,2,1
C00588,20,355000,7100000,5.0,Personal,Small,Normal,0,1,1468881.0,1,VPS,6645723.0,9,5.5,Monthly,15214604.0,3,0
C00589,150,250000,37500000,9.6,Government,Large,Government,3,0,0.0,1,Dedicated,13091391.0,8,8.2,Monthly,50591391.0,2,1
C00590,150,230000,34500000,3.4,Business,Large,ISP Partner,3,1,920630.0,1,Shared,18378400.0,5,6.0,Monthly,53799030.0,3,1
C00591,10,370000,3700000,6.8,Personal,Small,Normal,0,0,0.0,0,,0.0,0,4.6,Annual,3700000.0,1,0
C00592,30,330000,9900000,1.2,Personal,Small,Normal,0,0,0.0,0,,0.0,0,0.0,Monthly,9900000.0,1,0
C00593,20,300000,6000000,5.4,Personal,Small,Normal,0,0,0.0,0,,0.0,5,1.9,Annual,6000000.0,1,0
C00594,20,340000,6800000,7.1,Business,Small,Small Business,1,0,0.0,0,,0.0,4,5.3,Annual,6800000.0,1,0
C00595,50,290000,14500000,9.5,Personal,Small,Normal,0,0,0.0,0,,0.0,5,0.0,Monthly,14500000.0,1,0
C00596,10,380000,3800000,2.9,Personal,Small,Normal,0,0,0.0,0,,0.0,0,0.4,Monthly,3800000.0,1,0
C00597,50,305000,15250000,6.0,Personal,Small,Normal,0,1,1592393.0,0,,0.0,3,6.6,Annual,16842393.0,2,0
C00598,200,220000,44000000,4.3,Business,Medium,Small Business,1,0,0.0,0,,0.0,3,7.7,Monthly,44000000.0,1,1
C00599,100,280000,28000000,6.6,Business,Small,Small Business,1,1,436405.0,0,,0.0,6,5.6,Annual,28436405.0,2,0
C00600,30,330000,9900000,6.8,Personal,Small,Normal,0,0,0.0,0,,0.0,0,4.0,Monthly,9900000.0,1,0
C00601,150,265000,39750000,8.0,Business,Large,ISP Partner,3,1,1379808.0,1,Shared,2221599.0,8,7.1,Monthly,43351407.0,3,0
C00602,50,335000,16750000,0.7,Business,Medium,Small Business,1,1,1348896.0,0,,0.0,6,3.9,Monthly,18098896.0,2,0
C00603,10,320000,3200000,3.2,Personal,Small,Normal,0,0,0.0,0,,0.0,0,3.1,Monthly,3200000.0,1,0
C00604,50,330000,16500000,2.4,Business,Small,Small Business,1,0,0.0,0,,0.0,3,7.9,Monthly,16500000.0,1,0
C00605,50,315000,15750000,0.9,Business,Medium,Small Business,1,1,434145.0,1,VPS,2743514.0,6,8.5,Monthly,18927659.0,3,0
C00606,100,285000,28500000,2.7,Business,Medium,Small Business,1,0,0.0,1,Shared,3760137.0,7,5.5,Monthly,32260137.0,2,0
C00607,50,330000,16500000,0.3,Personal,Small,Normal,0,0,0.0,0,,0.0,1,8.6,Monthly,16500000.0,1,0
C00608,20,300000,6000000,7.9,Personal,Small,Normal,0,0,0.0,0,,0.0,0,5.6,Annual,6000000.0,1,0
C00609,20,305000,6100000,2.6,Personal,Small,Normal,0,0,0.0,0,,0.0,3,0.0,Monthly,6100000.0,1,0
C00610,300,220000,66000000,7.1,Business,Small,Small Business,1,1,1363733.0,1,Shared,19894178.0,7,7.9,Annual,87257911.0,3,1
C00611,150,240000,36000000,2.0,Business,Small,Small Business,1,0,0.0,0,,0.0,3,0.2,Monthly,36000000.0,1,0
C00612,150,250000,37500000,0.4,Business,Small,Small Business,1,0,0.0,0,,0.0,2,4.2,Monthly,37500000.0,1,0
C00613,10,360000,3600000,7.2,Personal,Small,Normal,0,0,0.0,0,,0.0,0,1.4,Annual,3600000.0,1,0
C00614,50,270000,13500000,6.9,Business,Large,University,2,0,0.0,1,Shared,15516601.0,7,8.3,Annual,29016601.0,2,0
C00615,20,325000,6500000,6.9,Personal,Small,Normal,0,0,0.0,0,,0.0,0,2.2,Annual,6500000.0,1,0
C00616,150,265000,39750000,6.5,Business,Medium,Small Business,1,0,0.0,0,,0.0,4,2.4,Monthly,39750000.0,1,0
C00617,200,245000,49000000,6.6,Business,Small,Small Business,1,1,1200658.0,0,,0.0,4,5.4,Annual,50200658.0,2,1
C00618,50,270000,13500000,7.9,Personal,Small,Normal,0,0,0.0,0,,0.0,4,6.3,Annual,13500000.0,1,0
C00619,50,320000,16000000,1.2,Business,Small,Small Business,1,1,1617440.0,0,,0.0,2,5.7,Monthly,17617440.0,2,0
C00620,300,210000,63000000,6.3,Business,Small,Small Business,1,0,0.0,0,,0.0,5,7.5,Annual,63000000.0,1,1
C00621,20,330000,6600000,8.8,Personal,Small,Normal,0,0,0.0,0,,0.0,2,1.6,Annual,6600000.0,1,0
C00622,20,305000,6100000,3.1,Personal,Small,Normal,0,0,0.0,0,,0.0,1,6.5,Monthly,6100000.0,1,0
C00623,10,330000,3300000,2.4,Personal,Small,Normal,0,0,0.0,0,,0.0,0,2.9,Monthly,3300000.0,1,0
C00624,20,340000,6800000,4.7,Personal,Small,Normal,0,0,0.0,0,,0.0,1,5.3,Monthly,6800000.0,1,0
C00625,50,270000,13500000,3.5,Personal,Small,Normal,0,0,0.0,0,,0.0,1,4.2,Monthly,13500000.0,1,0
C00626,30,330000,9900000,6.6,Personal,Small,Normal,0,0,0.0,0,,0.0,0,5.1,Annual,9900000.0,1,0
C00627,20,355000,7100000,0.4,Personal,Small,Normal,0,0,0.0,0,,0.0,2,6.6,Monthly,7100000.0,1,0
C00628,20,355000,7100000,5.1,Personal,Small,Normal,0,1,799439.0,0,,0.0,2,7.7,Monthly,7899439.0,2,0
C00629,30,350000,10500000,2.4,Personal,Small,Normal,0,0,0.0,0,,0.0,0,1.5,Monthly,10500000.0,1,0
C00630,20,340000,6800000,4.6,Personal,Small,Normal,0,1,1908949.0,0,,0.0,2,5.9,Monthly,8708949.0,2,0
C00631,30,300000,9000000,1.2,Personal,Small,Normal,0,0,0.0,0,,0.0,0,5.6,Monthly,9000000.0,1,0
C00632,10,360000,3600000,3.1,Personal,Small,Normal,0,0,0.0,0,,0.0,3,3.5,Monthly,3600000.0,1,0
C00633,100,260000,26000000,8.1,Business,Large,Hospital,3,1,1531192.0,0,,0.0,7,2.0,Annual,27531192.0,2,0
C00634,150,245000,36750000,8.4,Government,Large,Government,3,1,655891.0,1,VPS,2433093.0,10,10.0,Monthly,39838984.0,3,0
C00635,30,325000,9750000,9.4,Personal,Small,Normal,0,0,0.0,0,,0.0,0,3.7,Annual,9750000.0,1,0
C00636,10,320000,3200000,6.2,Personal,Small,Normal,0,0,0.0,0,,0.0,2,4.3,Monthly,3200000.0,1,0
C00637,20,345000,6900000,7.2,Business,Medium,Small Business,1,1,1674663.0,0,,0.0,5,4.1,Annual,8574663.0,2,0
C00638,50,270000,13500000,9.7,Business,Large,ISP Partner,3,1,326566.0,1,Dedicated,3348658.0,7,5.8,Annual,17175224.0,3,0
C00639,10,330000,3300000,0.3,Personal,Small,Normal,0,0,0.0,0,,0.0,0,0.9,Monthly,3300000.0,1,0
C00640,50,295000,14750000,4.4,Business,Large,University,2,0,0.0,0,,0.0,3,1.9,Monthly,14750000.0,1,0
C00641,30,310000,9300000,6.8,Personal,Small,Normal,0,0,0.0,0,,0.0,0,3.6,Annual,9300000.0,1,0
C00642,20,320000,6400000,1.0,Business,Small,Small Business,1,0,0.0,0,,0.0,4,4.1,Monthly,6400000.0,1,0
C00643,200,255000,51000000,3.7,Business,Large,University,2,1,343554.0,0,,0.0,5,6.2,Monthly,51343554.0,2,1
C00644,10,320000,3200000,9.1,Business,Medium,Small Business,1,0,0.0,1,Dedicated,15746221.0,6,5.9,Annual,18946221.0,2,0
C00645,20,340000,6800000,4.0,Personal,Small,Normal,0,0,0.0,0,,0.0,1,5.4,Monthly,6800000.0,1,0
C00646,300,200000,60000000,5.6,Business,Small,Small Business,1,0,0.0,0,,0.0,0,2.3,Annual,60000000.0,1,1
C00647,30,290000,8700000,8.5,Business,Medium,Small Business,1,1,783446.0,0,,0.0,5,6.0,Annual,9483446.0,2,0
C00648,20,365000,7300000,3.4,Personal,Small,Normal,0,0,0.0,0,,0.0,0,1.6,Monthly,7300000.0,1,0
C00649,300,215000,64500000,0.5,Government,Large,Government,3,1,1919246.0,1,VPS,18284977.0,7,8.9,Monthly,84704223.0,3,1
C00650,20,350000,7000000,1.1,Personal,Small,Normal,0,0,0.0,0,,0.0,2,5.7,Monthly,7000000.0,1,0
C00651,10,365000,3650000,5.1,Business,Small,Small Business,1,0,0.0,0,,0.0,6,6.9,Annual,3650000.0,1,0
C00652,100,295000,29500000,2.5,Business,Medium,Small Business,1,0,0.0,0,,0.0,4,6.7,Monthly,29500000.0,1,0
C00653,10,360000,3600000,6.6,Personal,Small,Normal,0,0,0.0,0,,0.0,0,3.1,Monthly,3600000.0,1,0
C00654,150,235000,35250000,1.7,Government,Large,Government,3,1,920422.0,0,,0.0,2,4.2,Monthly,36170422.0,2,0
C00655,300,215000,64500000,0.2,Government,Large,Government,3,1,508681.0,1,Shared,12122210.0,9,8.0,Monthly,77130891.0,3,1
C00656,20,300000,6000000,8.6,Personal,Small,Normal,0,0,0.0,0,,0.0,1,3.5,Annual,6000000.0,1,0
C00657,20,300000,6000000,6.9,Personal,Small,Normal,0,0,0.0,0,,0.0,1,1.9,Annual,6000000.0,1,0
C00658,100,280000,28000000,8.1,Business,Large,Hospital,3,1,912827.0,0,,0.0,3,5.3,Annual,28912827.0,2,0
C00659,100,260000,26000000,8.7,Business,Small,Small Business,1,0,0.0,1,Dedicated,4699766.0,6,3.6,Annual,30699766.0,2,0
C00660,20,305000,6100000,6.9,Personal,Small,Normal,0,0,0.0,0,,0.0,0,5.3,Monthly,6100000.0,1,0
C00661,300,240000,72000000,2.2,Business,Large,University,2,1,1757880.0,1,VPS,11899661.0,10,7.9,Monthly,85657541.0,3,1
C00662,20,335000,6700000,6.7,Personal,Small,Normal,0,0,0.0,0,,0.0,2,4.9,Annual,6700000.0,1,0
C00663,10,325000,3250000,4.4,Personal,Small,Normal,0,0,0.0,0,,0.0,3,7.1,Monthly,3250000.0,1,0
C00664,10,325000,3250000,5.2,Personal,Small,Normal,0,0,0.0,1,Shared,15011142.0,4,4.5,Monthly,18261142.0,2,0
C00665,100,295000,29500000,2.7,Business,Medium,Small Business,1,0,0.0,0,,0.0,0,2.4,Monthly,29500000.0,1,0
C00666,300,225000,67500000,0.6,Business,Medium,Small Business,1,1,1024615.0,1,VPS,13963476.0,8,10.2,Monthly,82488091.0,3,1
C00667,30,290000,8700000,6.2,Business,Small,Small Business,1,0,0.0,0,,0.0,1,0.0,Monthly,8700000.0,1,0
C00668,20,305000,6100000,0.8,Personal,Small,Normal,0,1,1015798.0,0,,0.0,2,3.7,Monthly,7115798.0,2,0
C00669,50,280000,14000000,5.9,Business,Large,Enterprise,2,0,0.0,0,,0.0,3,3.6,Annual,14000000.0,1,0
C00670,20,300000,6000000,7.4,Personal,Small,Normal,0,0,0.0,0,,0.0,0,0.4,Monthly,6000000.0,1,0
C00671,100,250000,25000000,6.2,Business,Small,Small Business,1,1,805504.0,0,,0.0,7,7.4,Monthly,25805504.0,2,0
C00672,30,290000,8700000,6.5,Personal,Small,Normal,0,0,0.0,0,,0.0,0,5.5,Monthly,8700000.0,1,0
C00673,150,270000,40500000,3.7,Business,Medium,Small Business,1,1,1056972.0,0,,0.0,5,4.7,Monthly,41556972.0,2,0
C00674,10,325000,3250000,8.2,Personal,Small,Normal,0,0,0.0,0,,0.0,0,1.2,Monthly,3250000.0,1,0
C00675,100,260000,26000000,8.7,Business,Large,ISP Partner,3,1,921314.0,1,Dedicated,11445909.0,5,7.7,Annual,38367223.0,3,0
C00676,150,260000,39000000,3.9,Business,Small,Small Business,1,1,851059.0,0,,0.0,6,9.2,Monthly,39851059.0,2,0
C00677,150,245000,36750000,5.5,Business,Large,Enterprise,2,0,0.0,0,,0.0,2,5.8,Annual,36750000.0,1,0
C00678,300,200000,60000000,5.3,Government,Large,Government,3,1,1624198.0,1,VPS,12029278.0,7,4.9,Monthly,73653476.0,3,1
C00679,300,225000,67500000,4.2,Business,Medium,Small Business,1,0,0.0,0,,0.0,3,3.6,Monthly,67500000.0,1,1
C00680,10,335000,3350000,4.3,Personal,Small,Normal,0,0,0.0,0,,0.0,0,0.0,Monthly,3350000.0,1,0
C00681,20,345000,6900000,8.8,Personal,Small,Normal,0,0,0.0,0,,0.0,0,3.4,Annual,6900000.0,1,0
C00682,150,255000,38250000,2.5,Government,Large,Government,3,1,1962550.0,1,Dedicated,17927390.0,5,3.4,Monthly,58139940.0,3,1
C00683,200,245000,49000000,0.6,Government,Large,Government,3,1,862920.0,1,Dedicated,11980002.0,6,5.6,Monthly,61842922.0,3,1
C00684,100,250000,25000000,8.1,Business,Large,Enterprise,2,1,1871550.0,0,,0.0,5,3.7,Annual,26871550.0,2,0
C00685,50,270000,13500000,7.9,Business,Small,Small Business,1,0,0.0,1,VPS,14825156.0,6,6.7,Annual,28325156.0,2,0
C00686,150,255000,38250000,5.1,Business,Small,Small Business,1,1,1279161.0,1,VPS,15574868.0,7,4.8,Annual,55104029.0,3,1
C00687,20,300000,6000000,5.6,Personal,Small,Normal,0,0,0.0,0,,0.0,0,6.2,Annual,6000000.0,1,0
C00688,20,345000,6900000,0.6,Personal,Small,Normal,0,0,0.0,0,,0.0,0,3.8,Monthly,6900000.0,1,0
C00689,100,300000,30000000,4.6,Business,Medium,Small Business,1,0,0.0,0,,0.0,2,1.6,Monthly,30000000.0,1,0
C00690,300,200000,60000000,9.4,Business,Medium,Small Business,1,0,0.0,0,,0.0,6,2.4,Annual,60000000.0,1,1
C00691,30,290000,8700000,9.6,Personal,Small,Normal,0,1,1852111.0,0,,0.0,2,3.5,Annual,10552111.0,2,0
C00692,150,230000,34500000,7.8,Business,Medium,Small Business,1,1,1264811.0,0,,0.0,5,8.2,Annual,35764811.0,2,0
C00693,10,320000,3200000,5.4,Personal,Small,Normal,0,0,0.0,0,,0.0,0,4.2,Annual,3200000.0,1,0
C00694,20,300000,6000000,3.9,Personal,Small,Normal,0,0,0.0,0,,0.0,2,3.8,Monthly,6000000.0,1,0
C00695,10,360000,3600000,8.8,Personal,Small,Normal,0,0,0.0,0,,0.0,3,6.9,Annual,3600000.0,1,0
C00696,20,320000,6400000,6.3,Personal,Small,Normal,0,0,0.0,0,,0.0,0,3.0,Annual,6400000.0,1,0
C00697,10,350000,3500000,7.4,Personal,Small,Normal,0,0,0.0,0,,0.0,2,0.0,Annual,3500000.0,1,0
C00698,10,350000,3500000,2.1,Personal,Small,Normal,0,0,0.0,0,,0.0,0,2.6,Monthly,3500000.0,1,0
C00699,300,205000,61500000,7.4,Business,Small,Small Business,1,0,0.0,0,,0.0,6,4.5,Annual,61500000.0,1,1
C00700,10,330000,3300000,1.2,Personal,Small,Normal,0,0,0.0,0,,0.0,0,5.7,Monthly,3300000.0,1,0
C00701,50,300000,15000000,9.9,Personal,Small,Normal,0,1,1847676.0,0,,0.0,3,7.4,Monthly,16847676.0,2,0
C00702,20,345000,6900000,7.4,Business,Medium,Small Business,1,0,0.0,0,,0.0,1,6.4,Annual,6900000.0,1,0
C00703,30,290000,8700000,4.6,Personal,Small,Normal,0,1,332847.0,0,,0.0,7,4.8,Monthly,9032847.0,2,0
C00704,150,265000,39750000,5.2,Business,Large,ISP Partner,3,1,1995575.0,1,VPS,17476964.0,10,5.7,Annual,59222539.0,3,1
C00705,100,255000,25500000,3.0,Business,Small,Small Business,1,0,0.0,0,,0.0,1,4.6,Monthly,25500000.0,1,0
C00706,20,300000,6000000,7.7,Personal,Small,Normal,0,0,0.0,0,,0.0,0,3.7,Annual,6000000.0,1,0
C00707,150,230000,34500000,8.5,Government,Large,Government,3,1,584357.0,0,,0.0,2,5.2,Monthly,35084357.0,2,0
C00708,30,305000,9150000,4.4,Personal,Small,Normal,0,0,0.0,0,,0.0,0,4.7,Monthly,9150000.0,1,0
C00709,30,290000,8700000,9.5,Personal,Small,Normal,0,0,0.0,0,,0.0,1,0.0,Annual,8700000.0,1,0
C00710,20,340000,6800000,3.9,Personal,Small,Normal,0,0,0.0,0,,0.0,0,2.2,Monthly,6800000.0,1,0
C00711,10,320000,3200000,0.3,Personal,Small,Normal,0,0,0.0,0,,0.0,1,4.5,Monthly,3200000.0,1,0
C00712,10,355000,3550000,8.8,Personal,Small,Normal,0,0,0.0,0,,0.0,0,0.0,Annual,3550000.0,1,0
C00713,10,345000,3450000,0.6,Personal,Small,Normal,0,0,0.0,0,,0.0,2,5.6,Monthly,3450000.0,1,0
C00714,10,320000,3200000,3.7,Personal,Small,Normal,0,0,0.0,0,,0.0,0,1.7,Monthly,3200000.0,1,0
C00715,300,225000,67500000,8.5,Government,Large,Government,3,1,1693603.0,0,,0.0,9,11.0,Monthly,69193603.0,2,1
C00716,30,315000,9450000,6.7,Business,Large,ISP Partner,3,1,1763188.0,1,VPS,10866274.0,11,6.5,Annual,22079462.0,3,0
C00717,20,300000,6000000,8.3,Personal,Small,Normal,0,0,0.0,0,,0.0,0,6.7,Annual,6000000.0,1,0
C00718,200,220000,44000000,2.3,Business,Large,ISP Partner,3,1,412708.0,0,,0.0,4,7.6,Monthly,44412708.0,2,1
C00719,10,345000,3450000,1.2,Personal,Small,Normal,0,0,0.0,0,,0.0,0,4.1,Monthly,3450000.0,1,0
C00720,100,250000,25000000,1.8,Business,Small,Small Business,1,1,1552184.0,0,,0.0,2,3.2,Monthly,26552184.0,2,0
C00721,200,225000,45000000,8.1,Government,Large,Government,3,1,339670.0,1,VPS,19394591.0,7,7.4,Annual,64734261.0,3,1
C00722,150,230000,34500000,5.9,Government,Large,Government,3,1,1982017.0,1,VPS,13633238.0,5,5.4,Monthly,50115255.0,3,1
C00723,100,250000,25000000,5.2,Business,Small,Small Business,1,1,470524.0,1,Shared,11403988.0,6,6.2,Annual,36874512.0,3,0
C00724,10,375000,3750000,0.5,Personal,Small,Normal,0,0,0.0,0,,0.0,3,2.9,Monthly,3750000.0,1,0
C00725,20,300000,6000000,8.1,Personal,Small,Normal,0,0,0.0,0,,0.0,0,2.8,Annual,6000000.0,1,0
C00726,50,290000,14500000,8.9,Business,Large,Enterprise,2,1,1728286.0,0,,0.0,5,10.6,Annual,16228286.0,2,0
C00727,200,220000,44000000,9.5,Government,Large,Government,3,1,1170423.0,1,Dedicated,4514850.0,7,12.7,Annual,49685273.0,3,1
C00728,150,230000,34500000,9.5,Business,Medium,Small Business,1,1,470786.0,0,,0.0,3,6.2,Annual,34970786.0,2,0
C00729,100,260000,26000000,0.3,Business,Large,University,2,0,0.0,0,,0.0,4,3.3,Monthly,26000000.0,1,0
C00730,10,320000,3200000,4.0,Personal,Small,Normal,0,0,0.0,0,,0.0,2,4.3,Monthly,3200000.0,1,0
C00731,50,285000,14250000,2.2,Personal,Small,Normal,0,0,0.0,0,,0.0,1,3.4,Monthly,14250000.0,1,0
C00732,100,250000,25000000,8.3,Business,Small,Small Business,1,1,929613.0,0,,0.0,5,6.2,Annual,25929613.0,2,0
C00733,10,320000,3200000,7.4,Personal,Small,Normal,0,0,0.0,0,,0.0,2,4.4,Monthly,3200000.0,1,0
C00734,100,250000,25000000,8.0,Business,Medium,Small Business,1,1,606956.0,1,VPS,2973877.0,8,9.2,Annual,28580833.0,3,0
C00735,150,260000,39000000,8.3,Business,Medium,Small Business,1,1,1598827.0,1,VPS,18402295.0,8,9.5,Annual,59001122.0,3,1
C00736,50,305000,15250000,7.7,Personal,Small,Normal,0,0,0.0,0,,0.0,2,4.5,Monthly,15250000.0,1,0
C00737,10,320000,3200000,10.0,Personal,Small,Normal,0,0,0.0,0,,0.0,0,1.0,Annual,3200000.0,1,0
C00738,150,245000,36750000,1.2,Business,Medium,Small Business,1,0,0.0,0,,0.0,2,0.0,Monthly,36750000.0,1,0
C00739,30,330000,9900000,1.1,Personal,Small,Normal,0,0,0.0,0,,0.0,1,3.4,Monthly,9900000.0,1,0
C00740,10,355000,3550000,5.6,Personal,Small,Normal,0,0,0.0,0,,0.0,0,0.5,Annual,3550000.0,1,0
C00741,300,230000,69000000,3.5,Government,Large,Government,3,0,0.0,1,VPS,6675441.0,6,5.2,Monthly,75675441.0,2,1
C00742,100,250000,25000000,3.0,Government,Large,Government,3,1,771654.0,0,,0.0,3,8.0,Monthly,25771654.0,2,0
C00743,200,220000,44000000,5.1,Business,Large,Enterprise,2,1,1602854.0,0,,0.0,6,3.9,Annual,45602854.0,2,1
C00744,30,350000,10500000,0.4,Personal,Small,Normal,0,0,0.0,0,,0.0,0,3.7,Monthly,10500000.0,1,0
C00745,10,360000,3600000,7.5,Business,Small,Small Business,1,0,0.0,0,,0.0,1,5.3,Monthly,3600000.0,1,0
C00746,20,345000,6900000,1.2,Business,Small,Small Business,1,1,1233544.0,0,,0.0,2,2.0,Monthly,8133544.0,2,0
C00747,20,355000,7100000,3.8,Personal,Small,Normal,0,0,0.0,0,,0.0,0,2.7,Monthly,7100000.0,1,0
C00748,300,240000,72000000,3.8,Business,Medium,Small Business,1,0,0.0,0,,0.0,3,6.6,Monthly,72000000.0,1,1
C00749,10,385000,3850000,1.1,Personal,Small,Normal,0,0,0.0,0,,0.0,0,3.7,Monthly,3850000.0,1,0
C00750,10,350000,3500000,1.4,Personal,Small,Normal,0,0,0.0,0,,0.0,1,4.7,Monthly,3500000.0,1,0
C00751,20,305000,6100000,6.3,Personal,Small,Normal,0,0,0.0,0,,0.0,0,1.6,Monthly,6100000.0,1,0
C00752,20,330000,6600000,4.4,Business,Medium,Small Business,1,0,0.0,0,,0.0,2,2.9,Monthly,6600000.0,1,0
C00753,30,345000,10350000,0.7,Business,Small,Small Business,1,0,0.0,1,Dedicated,7761991.0,7,8.3,Monthly,18111991.0,2,0
C00754,10,320000,3200000,9.4,Personal,Small,Normal,0,0,0.0,0,,0.0,1,5.2,Annual,3200000.0,1,0
C00755,300,220000,131261751,0.8,Government,Large,Government,3,1,1620122.0,0,,0.0,5,7.5,Monthly,132881873.0,2,1
C00756,10,375000,3750000,4.4,Personal,Small,Normal,0,0,0.0,0,,0.0,0,3.6,Monthly,3750000.0,1,0
C00757,20,300000,6000000,3.6,Personal,Small,Normal,0,0,0.0,0,,0.0,0,3.2,Monthly,6000000.0,1,0
C00758,20,300000,6000000,9.3,Personal,Small,Normal,0,0,0.0,0,,0.0,2,2.7,Monthly,6000000.0,1,0
C00759,150,235000,35250000,4.1,Government,Large,Government,3,1,1685534.0,1,Shared,13133622.0,6,6.2,Monthly,50069156.0,3,1
C00760,10,355000,3550000,0.8,Personal,Small,Normal,0,0,0.0,0,,0.0,0,1.8,Monthly,3550000.0,1,0
C00761,150,240000,36000000,2.8,Government,Large,Government,3,0,0.0,1,VPS,15484821.0,6,5.7,Monthly,51484821.0,2,1
C00762,20,300000,6000000,6.2,Personal,Small,Normal,0,0,0.0,0,,0.0,2,4.5,Annual,6000000.0,1,0
C00763,10,320000,3200000,5.6,Personal,Small,Normal,0,0,0.0,0,,0.0,0,1.2,Monthly,3200000.0,1,0
C00764,100,250000,25000000,8.1,Business,Small,Small Business,1,0,0.0,0,,0.0,3,6.9,Monthly,25000000.0,1,0
C00765,10,380000,3800000,4.3,Personal,Small,Normal,0,0,0.0,0,,0.0,0,3.2,Monthly,3800000.0,1,0
C00766,20,340000,6800000,3.5,Personal,Small,Normal,0,0,0.0,0,,0.0,3,7.4,Monthly,6800000.0,1,0
C00767,150,285000,42750000,5.1,Business,Large,Hospital,3,1,865005.0,1,Dedicated,19192413.0,7,6.7,Monthly,62807418.0,3,1
C00768,20,300000,6000000,8.9,Personal,Small,Normal,0,0,0.0,0,,0.0,0,3.4,Annual,6000000.0,1,0
C00769,30,340000,10200000,3.9,Personal,Small,Normal,0,0,0.0,0,,0.0,0,2.8,Monthly,10200000.0,1,0
C00770,50,295000,14750000,2.7,Business,Medium,Small Business,1,0,0.0,1,Dedicated,19182344.0,7,6.4,Monthly,33932344.0,2,0
C00771,10,320000,3200000,9.6,Personal,Small,Normal,0,0,0.0,0,,0.0,0,6.0,Annual,3200000.0,1,0
C00772,300,220000,66000000,8.6,Business,Medium,Small Business,1,0,0.0,0,,0.0,8,8.6,Annual,66000000.0,1,1
C00773,50,275000,13750000,3.9,Business,Medium,Small Business,1,1,1821838.0,1,VPS,5726591.0,5,6.5,Monthly,21298429.0,3,0
C00774,30,335000,10050000,5.7,Business,Small,Small Business,1,0,0.0,0,,0.0,4,5.5,Annual,10050000.0,1,0
C00775,100,270000,27000000,7.2,Business,Medium,Small Business,1,1,1406865.0,0,,0.0,3,4.2,Annual,28406865.0,2,0
C00776,20,345000,6900000,0.9,Personal,Small,Normal,0,0,0.0,0,,0.0,1,4.5,Monthly,6900000.0,1,0
C00777,10,325000,3250000,2.2,Personal,Small,Normal,0,0,0.0,0,,0.0,0,0.2,Monthly,3250000.0,1,0
C00778,300,200000,60000000,7.3,Business,Large,Hospital,3,1,1566800.0,1,Shared,8280881.0,9,7.9,Annual,69847681.0,3,1
C00779,150,275000,41250000,1.3,Government,Large,Government,3,1,502709.0,0,,0.0,4,7.0,Monthly,41752709.0,2,0
C00780,100,250000,25000000,4.7,Business,Large,ISP Partner,3,1,1822537.0,1,VPS,7902797.0,8,5.7,Monthly,34725334.0,3,0
C00781,300,210000,63000000,8.2,Government,Large,Government,3,1,315505.0,1,VPS,14916495.0,8,9.3,Monthly,78232000.0,3,1
C00782,20,300000,6000000,2.5,Personal,Small,Normal,0,0,0.0,0,,0.0,1,3.2,Monthly,6000000.0,1,0
C00783,20,300000,6000000,7.9,Personal,Small,Normal,0,0,0.0,0,,0.0,0,4.7,Annual,6000000.0,1,0
C00784,10,360000,3600000,6.4,Business,Medium,Small Business,1,1,1872284.0,0,,0.0,6,5.8,Annual,5472284.0,2,0
C00785,200,220000,44000000,7.6,Business,Large,Enterprise,2,0,0.0,0,,0.0,5,3.4,Annual,44000000.0,1,1
C00786,30,320000,9600000,6.9,Personal,Small,Normal,0,0,0.0,0,,0.0,0,4.3,Annual,9600000.0,1,0
C00787,10,360000,3600000,6.4,Personal,Small,Normal,0,0,0.0,0,,0.0,2,2.6,Annual,3600000.0,1,0
C00788,20,300000,6000000,3.6,Business,Small,Small Business,1,0,0.0,1,Dedicated,17496389.0,5,9.1,Monthly,23496389.0,2,0
C00789,20,365000,7300000,2.7,Personal,Small,Normal,0,0,0.0,0,,0.0,0,3.5,Monthly,7300000.0,1,0
C00790,10,320000,3200000,5.9,Personal,Small,Normal,0,0,0.0,0,,0.0,0,3.9,Annual,3200000.0,1,0
C00791,20,355000,7100000,2.1,Personal,Small,Normal,0,1,1674975.0,0,,0.0,2,3.9,Monthly,8774975.0,2,0
C00792,10,345000,3450000,2.8,Personal,Small,Normal,0,0,0.0,0,,0.0,0,4.7,Monthly,3450000.0,1,0
C00793,10,320000,3200000,0.4,Personal,Small,Normal,0,0,0.0,0,,0.0,0,6.5,Monthly,3200000.0,1,0
C00794,150,275000,41250000,0.8,Business,Small,Small Business,1,1,1542395.0,0,,0.0,5,7.3,Monthly,42792395.0,2,0
C00795,300,225000,67500000,0.6,Government,Large,Government,3,1,305952.0,1,VPS,15212240.0,6,9.0,Monthly,83018192.0,3,1
C00796,30,315000,9450000,4.9,Personal,Small,Normal,0,0,0.0,0,,0.0,1,5.8,Monthly,9450000.0,1,0
C00797,20,305000,6100000,7.2,Business,Large,University,2,1,789601.0,1,VPS,15707937.0,7,5.6,Annual,22597538.0,3,0
C00798,10,360000,3600000,6.8,Personal,Small,Normal,0,0,0.0,0,,0.0,0,7.5,Monthly,3600000.0,1,0
C00799,50,270000,13500000,8.5,Personal,Small,Normal,0,0,0.0,0,,0.0,0,3.1,Annual,13500000.0,1,0
C00800,100,250000,25000000,3.3,Business,Small,Small Business,1,0,0.0,1,Dedicated,14682614.0,7,8.8,Monthly,39682614.0,2,0
C00801,10,320000,3200000,8.6,Personal,Small,Normal,0,0,0.0,0,,0.0,0,3.9,Annual,3200000.0,1,0
C00802,100,295000,29500000,2.1,Business,Medium,Small Business,1,1,1822680.0,0,,0.0,7,12.1,Monthly,31322680.0,2,0
C00803,30,290000,8700000,0.2,Personal,Small,Normal,0,0,0.0,0,,0.0,1,1.2,Monthly,8700000.0,1,0
C00804,50,315000,15750000,0.2,Personal,Small,Normal,0,0,0.0,0,,0.0,0,2.6,Monthly,15750000.0,1,0
C00805,30,355000,10650000,0.5,Personal,Small,Normal,0,0,0.0,0,,0.0,0,2.9,Monthly,10650000.0,1,0
C00806,30,320000,9600000,1.1,Personal,Small,Normal,0,0,0.0,0,,0.0,5,4.7,Monthly,9600000.0,1,0
C00807,300,220000,66000000,5.3,Government,Large,Government,3,1,364382.0,1,Shared,5740261.0,8,5.8,Annual,72104643.0,3,1
C00808,150,270000,40500000,5.0,Business,Large,University,2,1,1545042.0,1,Dedicated,14574260.0,5,3.0,Monthly,56619302.0,3,1
C00809,100,295000,29500000,5.4,Business,Large,Hospital,3,0,0.0,1,VPS,17545285.0,8,5.1,Annual,47045285.0,2,1
C00810,150,235000,35250000,2.9,Government,Large,Government,3,1,998873.0,1,Dedicated,9917080.0,11,11.7,Monthly,46165953.0,3,1
C00811,50,270000,13500000,9.0,Business,Medium,Small Business,1,0,0.0,0,,0.0,5,6.0,Annual,13500000.0,1,0
C00812,150,260000,39000000,5.5,Business,Small,Small Business,1,1,616702.0,1,VPS,19308460.0,7,8.6,Annual,58925162.0,3,1
C00813,200,220000,44000000,1.8,Business,Medium,Small Business,1,1,756687.0,1,Dedicated,11393048.0,6,7.8,Monthly,56149735.0,3,1
C00814,30,290000,8700000,8.0,Personal,Small,Normal,0,0,0.0,0,,0.0,0,6.3,Annual,8700000.0,1,0
C00815,300,235000,70500000,0.5,Government,Large,Government,3,1,972575.0,1,VPS,3810618.0,9,10.5,Monthly,75283193.0,3,1
C00816,10,320000,3200000,6.8,Personal,Small,Normal,0,0,0.0,0,,0.0,2,0.0,Monthly,3200000.0,1,0
C00817,20,370000,7400000,2.4,Personal,Small,Normal,0,0,0.0,0,,0.0,5,7.1,Monthly,7400000.0,1,0
C00818,20,345000,6900000,1.8,Personal,Small,Normal,0,0,0.0,0,,0.0,1,0.1,Monthly,6900000.0,1,0
C00819,20,340000,6800000,1.2,Personal,Small,Normal,0,0,0.0,0,,0.0,0,3.0,Monthly,6800000.0,1,0
C00820,30,335000,10050000,2.6,Business,Small,Small Business,1,1,1320622.0,0,,0.0,2,4.1,Monthly,11370622.0,2,0
C00821,20,325000,6500000,9.7,Personal,Small,Normal,0,0,0.0,0,,0.0,2,3.5,Monthly,6500000.0,1,0
C00822,50,275000,13750000,1.1,Business,Medium,Small Business,1,1,716383.0,0,,0.0,5,3.8,Monthly,14466383.0,2,0
C00823,10,320000,3200000,4.8,Business,Small,Small Business,1,0,0.0,1,VPS,12453518.0,6,6.5,Monthly,15653518.0,2,0
C00824,300,220000,66000000,7.5,Business,Large,University,2,0,0.0,1,Shared,9576399.0,4,6.4,Annual,75576399.0,2,1
C00825,20,320000,6400000,0.5,Business,Small,Small Business,1,0,0.0,1,Shared,8095520.0,6,3.8,Monthly,14495520.0,2,0
C00826,30,350000,10500000,1.0,Personal,Small,Normal,0,0,0.0,0,,0.0,0,4.6,Monthly,10500000.0,1,0
C00827,50,270000,13500000,8.9,Business,Medium,Small Business,1,1,647131.0,0,,0.0,5,4.9,Annual,14147131.0,2,0
C00828,200,220000,44000000,6.6,Business,Small,Small Business,1,0,0.0,0,,0.0,2,2.5,Annual,44000000.0,1,1
C00829,200,225000,45000000,0.2,Business,Small,Small Business,1,0,0.0,0,,0.0,0,4.9,Monthly,45000000.0,1,1
C00830,100,255000,25500000,1.5,Business,Small,Small Business,1,0,0.0,0,,0.0,1,0.1,Monthly,25500000.0,1,0
C00831,100,285000,28500000,0.4,Business,Medium,Small Business,1,1,372955.0,0,,0.0,3,3.0,Monthly,28872955.0,2,0
C00832,200,230000,46000000,7.5,Government,Large,Government,3,1,667468.0,0,,0.0,4,2.0,Annual,46667468.0,2,1
C00833,150,230000,34500000,4.9,Business,Large,University,2,1,907481.0,0,,0.0,2,1.8,Monthly,35407481.0,2,0
C00834,10,325000,3250000,6.1,Personal,Small,Normal,0,0,0.0,0,,0.0,1,4.8,Annual,3250000.0,1,0
C00835,150,235000,35250000,7.8,Government,Large,Government,3,0,0.0,1,VPS,19395953.0,5,3.9,Annual,54645953.0,2,1
C00836,10,325000,3250000,0.9,Personal,Small,Normal,0,0,0.0,0,,0.0,1,4.8,Monthly,3250000.0,1,0
C00837,200,220000,44000000,5.2,Business,Medium,Small Business,1,0,0.0,0,,0.0,2,3.6,Annual,44000000.0,1,1
C00838,20,330000,6600000,6.3,Personal,Small,Normal,0,0,0.0,0,,0.0,0,0.7,Monthly,6600000.0,1,0
C00839,30,340000,10200000,1.9,Personal,Small,Normal,0,0,0.0,0,,0.0,0,4.2,Monthly,10200000.0,1,0
C00840,100,250000,25000000,8.0,Business,Large,Enterprise,2,1,815201.0,0,,0.0,4,6.2,Annual,25815201.0,2,0
C00841,50,270000,13500000,5.4,Personal,Small,Normal,0,0,0.0,0,,0.0,1,4.7,Annual,13500000.0,1,0
C00842,50,270000,13500000,8.9,Business,Medium,Small Business,1,0,0.0,0,,0.0,4,5.7,Annual,13500000.0,1,0
C00843,20,300000,6000000,9.2,Personal,Small,Normal,0,0,0.0,0,,0.0,0,0.7,Annual,6000000.0,1,0
C00844,200,255000,51000000,1.5,Government,Large,Government,3,1,1548629.0,1,Dedicated,15371185.0,7,9.1,Monthly,67919814.0,3,1
C00845,300,205000,61500000,9.9,Business,Large,Enterprise,2,1,666498.0,0,,0.0,3,4.8,Annual,62166498.0,2,1
C00846,50,285000,14250000,9.8,Business,Small,Small Business,1,0,0.0,0,,0.0,4,3.8,Annual,14250000.0,1,0
C00847,10,330000,3300000,7.0,Personal,Small,Normal,0,0,0.0,0,,0.0,0,2.1,Annual,3300000.0,1,0
C00848,10,340000,3400000,9.6,Personal,Small,Normal,0,0,0.0,0,,0.0,0,1.0,Annual,3400000.0,1,0
C00849,10,350000,3500000,6.8,Personal,Small,Normal,0,0,0.0,0,,0.0,0,4.9,Annual,3500000.0,1,0
C00850,20,300000,6000000,7.5,Business,Medium,Small Business,1,1,1996266.0,0,,0.0,7,5.6,Monthly,7996266.0,2,0
C00851,20,325000,6500000,7.6,Personal,Small,Normal,0,0,0.0,0,,0.0,0,3.3,Monthly,6500000.0,1,0
C00852,30,300000,9000000,7.3,Business,Small,Small Business,1,1,1314166.0,0,,0.0,6,5.6,Annual,10314166.0,2,0
C00853,10,320000,3200000,1.8,Personal,Small,Normal,0,0,0.0,0,,0.0,0,3.2,Monthly,3200000.0,1,0
C00854,20,335000,6700000,7.6,Personal,Small,Normal,0,0,0.0,0,,0.0,3,7.9,Annual,6700000.0,1,0
C00855,200,245000,49000000,1.2,Business,Small,Small Business,1,1,942808.0,0,,0.0,2,2.3,Monthly,49942808.0,2,1
C00856,50,270000,13500000,2.5,Personal,Small,Normal,0,0,0.0,0,,0.0,4,6.2,Monthly,13500000.0,1,0
C00857,10,325000,3250000,9.7,Personal,Small,Normal,0,0,0.0,0,,0.0,2,4.6,Annual,3250000.0,1,0
C00858,50,285000,14250000,8.1,Business,Medium,Small Business,1,0,0.0,0,,0.0,3,3.4,Annual,14250000.0,1,0
C00859,200,245000,49000000,7.5,Business,Small,Small Business,1,1,1479757.0,0,,0.0,2,5.5,Monthly,50479757.0,2,1
C00860,100,255000,25500000,6.2,Business,Large,ISP Partner,3,1,693278.0,1,Shared,7739462.0,7,11.1,Annual,33932740.0,3,0
C00861,50,310000,15500000,2.3,Business,Small,Small Business,1,1,510691.0,0,,0.0,2,3.6,Monthly,16010691.0,2,0
C00862,300,200000,60000000,2.7,Government,Large,Government,3,1,1604374.0,1,VPS,14982031.0,9,7.9,Monthly,76586405.0,3,1
C00863,10,325000,3250000,2.1,Business,Small,Small Business,1,1,1696872.0,0,,0.0,5,6.5,Monthly,4946872.0,2,0
C00864,100,250000,25000000,4.2,Business,Small,Small Business,1,0,0.0,1,VPS,14067977.0,4,5.8,Monthly,39067977.0,2,0
C00865,10,325000,3250000,3.8,Personal,Small,Normal,0,0,0.0,0,,0.0,0,1.6,Monthly,3250000.0,1,0
C00866,200,265000,53000000,1.6,Business,Medium,Small Business,1,1,1344059.0,0,,0.0,5,5.5,Monthly,54344059.0,2,1
C00867,150,245000,36750000,7.2,Business,Small,Small Business,1,0,0.0,0,,0.0,2,7.4,Monthly,36750000.0,1,0
C00868,100,280000,28000000,2.7,Business,Small,Small Business,1,0,0.0,0,,0.0,3,4.1,Monthly,28000000.0,1,0
C00869,200,230000,46000000,7.6,Business,Large,Enterprise,2,1,1447106.0,0,,0.0,4,4.8,Annual,47447106.0,2,1
C00870,10,340000,3400000,8.5,Personal,Small,Normal,0,0,0.0,0,,0.0,7,10.1,Monthly,3400000.0,1,0
C00871,20,350000,7000000,0.9,Personal,Small,Normal,0,0,0.0,0,,0.0,1,3.7,Monthly,7000000.0,1,0
C00872,100,250000,25000000,8.5,Business,Large,Hospital,3,1,1160329.0,1,Shared,8250511.0,6,6.0,Annual,34410840.0,3,0
C00873,200,220000,44000000,5.6,Business,Large,University,2,0,0.0,1,Dedicated,10268628.0,4,4.0,Annual,54268628.0,2,1
C00874,150,230000,34500000,0.7,Business,Small,Small Business,1,0,0.0,0,,0.0,5,5.3,Monthly,34500000.0,1,0
C00875,200,220000,44000000,9.7,Business,Medium,Small Business,1,1,515436.0,1,VPS,5451912.0,8,9.6,Annual,49967348.0,3,1
C00876,150,230000,34500000,6.5,Business,Large,ISP Partner,3,1,466482.0,1,VPS,18711585.0,5,1.2,Annual,53678067.0,3,1
C00877,200,220000,44000000,9.0,Business,Medium,Small Business,1,1,1834591.0,0,,0.0,7,5.5,Annual,45834591.0,2,1
C00878,200,225000,45000000,0.6,Government,Large,Government,3,0,0.0,0,,0.0,3,7.2,Monthly,45000000.0,1,1
C00879,100,250000,25000000,4.8,Business,Small,Small Business,1,0,0.0,0,,0.0,3,0.0,Monthly,25000000.0,1,0
C00880,30,320000,9600000,6.8,Personal,Small,Normal,0,0,0.0,0,,0.0,0,2.6,Annual,9600000.0,1,0
C00881,10,350000,3500000,9.5,Personal,Small,Normal,0,0,0.0,0,,0.0,2,5.6,Annual,3500000.0,1,0
C00882,100,250000,25000000,8.7,Business,Small,Small Business,1,1,1598246.0,0,,0.0,6,7.3,Annual,26598246.0,2,0
C00883,50,270000,13500000,2.9,Business,Small,Small Business,1,0,0.0,0,,0.0,2,7.5,Monthly,13500000.0,1,0
C00884,20,305000,6100000,1.2,Personal,Small,Normal,0,0,0.0,0,,0.0,0,4.8,Monthly,6100000.0,1,0
C00885,150,245000,36750000,4.5,Business,Small,Small Business,1,0,0.0,0,,0.0,3,6.1,Monthly,36750000.0,1,0
C00886,10,365000,3650000,5.6,Personal,Small,Normal,0,0,0.0,0,,0.0,4,3.7,Monthly,3650000.0,1,0
C00887,100,285000,28500000,0.3,Business,Large,ISP Partner,3,1,579369.0,1,VPS,17811637.0,7,6.7,Monthly,46891006.0,3,1
C00888,10,375000,3750000,5.0,Business,Large,ISP Partner,3,1,387052.0,1,VPS,12401306.0,7,5.2,Monthly,16538358.0,3,0
C00889,10,345000,3450000,1.1,Personal,Small,Normal,0,0,0.0,0,,0.0,2,4.4,Monthly,3450000.0,1,0
C00890,200,240000,48000000,2.2,Business,Large,Enterprise,2,0,0.0,0,,0.0,6,9.4,Monthly,48000000.0,1,1
C00891,20,305000,6100000,7.2,Personal,Small,Normal,0,0,0.0,0,,0.0,0,3.6,Annual,6100000.0,1,0
C00892,300,200000,60000000,7.8,Government,Large,Government,3,1,1911039.0,1,Shared,13271909.0,9,7.9,Annual,75182948.0,3,1
C00893,20,325000,6500000,1.9,Personal,Small,Normal,0,0,0.0,0,,0.0,1,4.9,Monthly,6500000.0,1,0
C00894,20,300000,6000000,10.0,Business,Medium,Small Business,1,0,0.0,1,Dedicated,17687643.0,5,6.0,Annual,23687643.0,2,0
C00895,10,330000,3300000,2.8,Personal,Small,Normal,0,0,0.0,0,,0.0,1,2.9,Monthly,3300000.0,1,0
C00896,300,200000,60000000,6.1,Business,Large,Enterprise,2,0,0.0,0,,0.0,2,2.7,Monthly,60000000.0,1,1
C00897,30,300000,9000000,2.3,Personal,Small,Normal,0,0,0.0,0,,0.0,4,3.9,Monthly,9000000.0,1,0
C00898,150,240000,36000000,8.1,Government,Large,Government,3,0,0.0,1,Shared,5636527.0,5,5.9,Annual,41636527.0,2,0
C00899,30,290000,8700000,10.0,Personal,Small,Normal,0,1,522409.0,0,,0.0,4,6.6,Annual,9222409.0,2,0
C00900,20,300000,6000000,0.9,Business,Small,Small Business,1,1,314625.0,0,,0.0,4,4.1,Monthly,6314625.0,2,0
C00901,150,265000,39750000,0.5,Business,Small,Small Business,1,0,0.0,0,,0.0,0,3.3,Monthly,39750000.0,1,0
C00902,30,325000,9750000,8.3,Personal,Small,Normal,0,0,0.0,0,,0.0,0,4.8,Annual,9750000.0,1,0
C00903,100,250000,25000000,3.6,Government,Large,Government,3,1,1702876.0,0,,0.0,7,4.5,Monthly,26702876.0,2,0
C00904,10,355000,3550000,2.2,Business,Medium,Small Business,1,0,0.0,0,,0.0,3,2.2,Monthly,3550000.0,1,0
C00905,50,275000,13750000,3.9,Business,Large,Hospital,3,1,1500087.0,1,VPS,3678016.0,9,7.7,Monthly,18928103.0,3,0
C00906,200,255000,51000000,6.0,Business,Large,Enterprise,2,0,0.0,0,,0.0,4,7.1,Monthly,51000000.0,1,1
C00907,50,280000,14000000,3.1,Business,Small,Small Business,1,1,792101.0,0,,0.0,3,4.5,Monthly,14792101.0,2,0
C00908,20,335000,6700000,2.1,Personal,Small,Normal,0,0,0.0,0,,0.0,0,4.5,Monthly,6700000.0,1,0
C00909,10,360000,3600000,5.8,Personal,Small,Normal,0,0,0.0,0,,0.0,3,3.2,Annual,3600000.0,1,0
C00910,30,290000,8700000,8.0,Business,Large,Enterprise,2,1,935989.0,0,,0.0,3,3.6,Annual,9635989.0,2,0
C00911,20,315000,6300000,6.8,Personal,Small,Normal,0,1,1607909.0,0,,0.0,2,1.3,Annual,7907909.0,2,0
C00912,50,320000,16000000,2.2,Personal,Small,Normal,0,0,0.0,0,,0.0,0,2.0,Monthly,16000000.0,1,0
C00913,30,310000,9300000,8.0,Personal,Small,Normal,0,0,0.0,0,,0.0,0,5.6,Annual,9300000.0,1,0
C00914,20,325000,6500000,9.4,Personal,Small,Normal,0,0,0.0,0,,0.0,0,4.3,Annual,6500000.0,1,0
C00915,300,200000,60000000,7.3,Business,Medium,Small Business,1,1,626420.0,1,Shared,13907276.0,5,2.7,Annual,74533696.0,3,1
C00916,20,330000,6600000,7.8,Personal,Small,Normal,0,0,0.0,0,,0.0,0,2.8,Monthly,6600000.0,1,0
C00917,10,320000,3200000,2.0,Personal,Small,Normal,0,0,0.0,0,,0.0,0,0.0,Monthly,3200000.0,1,0
C00918,10,370000,3700000,2.2,Personal,Small,Normal,0,0,0.0,0,,0.0,3,1.0,Monthly,3700000.0,1,0
C00919,200,225000,45000000,6.6,Business,Small,Small Business,1,1,1608561.0,1,VPS,11795355.0,9,8.6,Annual,58403916.0,3,1
C00920,20,340000,6800000,8.4,Personal,Small,Normal,0,0,0.0,0,,0.0,0,3.3,Annual,6800000.0,1,0
C00921,100,250000,25000000,5.7,Business,Medium,Small Business,1,0,0.0,0,,0.0,0,5.8,Annual,25000000.0,1,0
C00922,100,260000,26000000,2.4,Business,Large,ISP Partner,3,0,0.0,1,Dedicated,13489078.0,7,10.2,Monthly,39489078.0,2,0
C00923,10,345000,3450000,5.5,Personal,Small,Normal,0,1,1048348.0,0,,0.0,4,5.8,Annual,4498348.0,2,0
C00924,100,290000,29000000,2.3,Business,Large,Enterprise,2,1,1577460.0,0,,0.0,2,4.5,Monthly,30577460.0,2,0
C00925,300,245000,73500000,2.6,Business,Medium,Small Business,1,0,0.0,0,,0.0,1,3.5,Monthly,73500000.0,1,1
C00926,20,300000,6000000,9.0,Personal,Small,Normal,0,0,0.0,0,,0.0,0,0.9,Annual,6000000.0,1,0
C00927,20,360000,7200000,1.4,Personal,Small,Normal,0,0,0.0,1,VPS,19513231.0,5,7.3,Monthly,26713231.0,2,0
C00928,300,200000,60000000,9.5,Government,Large,Government,3,1,1321279.0,0,,0.0,3,3.8,Annual,61321279.0,2,1
C00929,20,350000,7000000,6.0,Personal,Small,Normal,0,0,0.0,0,,0.0,0,3.7,Annual,7000000.0,1,0
C00930,100,250000,25000000,7.5,Business,Small,Small Business,1,1,461131.0,0,,0.0,2,4.8,Annual,25461131.0,2,0
C00931,20,300000,6000000,8.0,Personal,Small,Normal,0,0,0.0,0,,0.0,0,5.9,Monthly,6000000.0,1,0
C00932,30,290000,8700000,9.1,Personal,Small,Normal,0,0,0.0,0,,0.0,1,1.8,Annual,8700000.0,1,0
C00933,100,250000,25000000,4.8,Business,Large,Hospital,3,1,1734343.0,1,VPS,2219880.0,7,8.7,Monthly,28954223.0,3,0
C00934,30,290000,8700000,7.8,Personal,Small,Normal,0,0,0.0,0,,0.0,0,3.7,Annual,8700000.0,1,0
C00935,10,350000,3500000,3.6,Personal,Small,Normal,0,0,0.0,0,,0.0,0,1.7,Monthly,3500000.0,1,0
C00936,10,340000,3400000,8.8,Personal,Small,Normal,0,0,0.0,0,,0.0,3,4.6,Monthly,3400000.0,1,0
C00937,30,310000,9300000,5.6,Personal,Small,Normal,0,0,0.0,0,,0.0,0,2.8,Annual,9300000.0,1,0
C00938,10,360000,3600000,6.8,Personal,Small,Normal,0,0,0.0,0,,0.0,2,4.4,Annual,3600000.0,1,0
C00939,30,290000,8700000,3.6,Personal,Small,Normal,0,0,0.0,0,,0.0,2,3.3,Monthly,8700000.0,1,0
C00940,20,305000,6100000,2.3,Business,Small,Small Business,1,0,0.0,1,VPS,6893311.0,4,5.1,Monthly,12993311.0,2,0
C00941,50,305000,15250000,6.5,Business,Large,Hospital,3,1,864607.0,0,,0.0,4,1.0,Annual,16114607.0,2,0
C00942,300,200000,60000000,6.0,Government,Large,Government,3,1,1357304.0,0,,0.0,2,7.1,Monthly,61357304.0,2,1
C00943,300,215000,64500000,5.0,Government,Large,Government,3,1,360899.0,1,VPS,11852653.0,9,8.0,Monthly,76713552.0,3,1
C00944,150,285000,42750000,0.2,Government,Large,Government,3,1,914425.0,1,Shared,19404395.0,9,7.5,Monthly,63068820.0,3,1
C00945,10,320000,3200000,4.0,Personal,Small,Normal,0,0,0.0,0,,0.0,0,2.5,Monthly,3200000.0,1,0
C00946,10,360000,3600000,5.5,Personal,Small,Normal,0,0,0.0,0,,0.0,1,1.8,Monthly,3600000.0,1,0
C00947,20,315000,6300000,1.9,Personal,Small,Normal,0,0,0.0,0,,0.0,1,1.3,Monthly,6300000.0,1,0
C00948,200,230000,46000000,7.1,Business,Small,Small Business,1,0,0.0,0,,0.0,6,5.2,Annual,46000000.0,1,1
C00949,30,330000,9900000,1.1,Personal,Small,Normal,0,0,0.0,0,,0.0,0,2.7,Monthly,9900000.0,1,0
C00950,10,365000,3650000,0.9,Personal,Small,Normal,0,0,0.0,0,,0.0,0,6.0,Monthly,3650000.0,1,0
C00951,50,275000,13750000,2.1,Personal,Small,Normal,0,0,0.0,0,,0.0,0,4.9,Monthly,13750000.0,1,0
C00952,150,245000,36750000,9.4,Business,Small,Small Business,1,0,0.0,0,,0.0,2,4.6,Annual,36750000.0,1,0
C00953,10,335000,3350000,9.3,Personal,Small,Normal,0,0,0.0,0,,0.0,2,1.9,Monthly,3350000.0,1,0
C00954,30,290000,8700000,7.1,Personal,Small,Normal,0,0,0.0,0,,0.0,1,6.3,Monthly,8700000.0,1,0
C00955,20,365000,7300000,3.3,Personal,Small,Normal,0,0,0.0,0,,0.0,0,3.0,Monthly,7300000.0,1,0
C00956,10,340000,3400000,6.0,Personal,Small,Normal,0,0,0.0,0,,0.0,1,2.1,Annual,3400000.0,1,0
C00957,10,325000,3250000,1.7,Personal,Small,Normal,0,1,1935578.0,0,,0.0,2,3.6,Monthly,5185578.0,2,0
C00958,100,250000,25000000,8.8,Government,Large,Government,3,1,1921546.0,1,Dedicated,10824021.0,5,10.0,Annual,37745567.0,3,0
C00959,10,320000,3200000,5.2,Personal,Small,Normal,0,0,0.0,0,,0.0,0,1.4,Annual,3200000.0,1,0
C00960,100,290000,29000000,2.2,Business,Medium,Small Business,1,1,781936.0,0,,0.0,6,6.4,Monthly,29781936.0,2,0
C00961,10,345000,3450000,3.9,Personal,Small,Normal,0,0,0.0,0,,0.0,0,2.4,Monthly,3450000.0,1,0
C00962,300,200000,60000000,7.6,Government,Large,Government,3,0,0.0,1,Shared,11089019.0,7,4.5,Annual,71089019.0,2,1
C00963,10,320000,3200000,8.4,Personal,Small,Normal,0,0,0.0,0,,0.0,4,4.2,Annual,3200000.0,1,0
C00964,20,310000,6200000,1.6,Personal,Small,Normal,0,0,0.0,0,,0.0,1,3.4,Monthly,6200000.0,1,0
C00965,300,205000,61500000,7.9,Government,Large,Government,3,0,0.0,1,VPS,15119004.0,3,3.5,Annual,76619004.0,2,1
C00966,20,320000,6400000,9.8,Personal,Small,Normal,0,1,1589556.0,0,,0.0,4,5.6,Annual,7989556.0,2,0
C00967,10,320000,3200000,7.1,Personal,Small,Normal,0,0,0.0,0,,0.0,3,6.6,Annual,3200000.0,1,0
C00968,30,330000,9900000,6.1,Personal,Small,Normal,0,0,0.0,0,,0.0,0,0.0,Monthly,9900000.0,1,0
C00969,10,385000,3850000,3.3,Personal,Small,Normal,0,0,0.0,0,,0.0,0,5.0,Monthly,3850000.0,1,0
C00970,10,350000,3500000,5.3,Personal,Small,Normal,0,0,0.0,0,,0.0,0,1.8,Annual,3500000.0,1,0
C00971,100,250000,25000000,2.3,Business,Large,ISP Partner,3,1,1962996.0,0,,0.0,2,3.2,Monthly,26962996.0,2,0
C00972,10,375000,3750000,4.0,Personal,Small,Normal,0,0,0.0,0,,0.0,5,4.7,Monthly,3750000.0,1,0
C00973,20,310000,6200000,1.9,Personal,Small,Normal,0,0,0.0,0,,0.0,0,4.0,Monthly,6200000.0,1,0
C00974,20,315000,6300000,3.5,Personal,Small,Normal,0,0,0.0,0,,0.0,0,5.2,Monthly,6300000.0,1,0
C00975,30,330000,9900000,1.4,Personal,Small,Normal,0,0,0.0,0,,0.0,0,2.3,Monthly,9900000.0,1,0
C00976,200,240000,48000000,5.0,Government,Large,Government,3,0,0.0,1,Dedicated,15365412.0,6,7.7,Monthly,63365412.0,2,1
C00977,300,235000,70500000,5.0,Business,Large,ISP Partner,3,1,1040794.0,1,VPS,13136093.0,7,10.0,Monthly,84676887.0,3,1
C00978,100,250000,25000000,9.6,Business,Small,Small Business,1,0,0.0,1,VPS,5829385.0,4,4.9,Monthly,30829385.0,2,0
C00979,150,230000,34500000,1.9,Business,Large,Enterprise,2,1,985541.0,0,,0.0,2,2.3,Monthly,35485541.0,2,0
C00980,10,320000,3200000,5.1,Personal,Small,Normal,0,0,0.0,0,,0.0,0,2.4,Annual,3200000.0,1,0
C00981,30,310000,9300000,7.5,Personal,Small,Normal,0,0,0.0,0,,0.0,2,2.4,Monthly,9300000.0,1,0
C00982,50,290000,14500000,6.5,Business,Medium,Small Business,1,0,0.0,0,,0.0,5,6.1,Annual,14500000.0,1,0
C00983,150,250000,37500000,8.0,Business,Medium,Small Business,1,0,0.0,0,,0.0,4,6.4,Annual,37500000.0,1,0
C00984,200,250000,50000000,4.2,Business,Large,Enterprise,2,0,0.0,0,,0.0,2,3.4,Monthly,50000000.0,1,1
C00985,100,290000,29000000,2.8,Business,Small,Small Business,1,0,0.0,0,,0.0,3,5.0,Monthly,29000000.0,1,0
C00986,10,325000,3250000,7.0,Personal,Small,Normal,0,1,1294541.0,0,,0.0,4,4.4,Annual,4544541.0,2,0
C00987,30,335000,10050000,0.3,Business,Small,Small Business,1,1,1268428.0,0,,0.0,5,7.5,Monthly,11318428.0,2,0
C00988,30,305000,9150000,6.3,Personal,Small,Normal,0,0,0.0,0,,0.0,0,3.1,Monthly,9150000.0,1,0
C00989,300,200000,60000000,5.6,Business,Small,Small Business,1,0,0.0,0,,0.0,4,6.0,Monthly,60000000.0,1,1
C00990,10,345000,3450000,1.4,Personal,Small,Normal,0,0,0.0,0,,0.0,0,6.0,Monthly,3450000.0,1,0
C00991,20,320000,6400000,6.7,Personal,Small,Normal,0,0,0.0,0,,0.0,1,1.1,Annual,6400000.0,1,0
C00992,50,270000,13500000,9.1,Personal,Small,Normal,0,0,0.0,0,,0.0,3,4.5,Monthly,13500000.0,1,0
C00993,10,340000,3400000,1.5,Personal,Small,Normal,0,0,0.0,0,,0.0,1,2.0,Monthly,3400000.0,1,0
C00994,10,320000,3200000,5.5,Personal,Small,Normal,0,0,0.0,0,,0.0,3,5.5,Annual,3200000.0,1,0
C00995,50,290000,14500000,5.7,Personal,Small,Normal,0,0,0.0,0,,0.0,4,4.7,Annual,14500000.0,1,0
C00996,30,290000,8700000,5.0,Personal,Small,Normal,0,0,0.0,0,,0.0,0,0.0,Monthly,8700000.0,1,0
C00997,20,305000,6100000,9.7,Personal,Small,Normal,0,0,0.0,0,,0.0,1,5.3,Annual,6100000.0,1,0
C00998,20,360000,7200000,2.6,Personal,Small,Normal,0,0,0.0,0,,0.0,0,5.2,Monthly,7200000.0,1,0
C00999,100,250000,25000000,5.4,Business,Large,Enterprise,2,0,0.0,0,,0.0,6,4.7,Annual,25000000.0,1,0
C01000,200,225000,45000000,3.4,Business,Medium,Small Business,1,0,0.0,0,,0.0,2,4.0,Monthly,45000000.0,1,1
C01001,100,260000,26000000,2.7,Business,Medium,Small Business,1,0,0.0,0,,0.0,2,3.5,Monthly,26000000.0,1,0
C01002,20,305000,6100000,2.9,Personal,Small,Normal,0,0,0.0,0,,0.0,0,4.0,Monthly,6100000.0,1,0
C01003,50,270000,13500000,7.9,Personal,Small,Normal,0,0,0.0,0,,0.0,0,3.7,Annual,13500000.0,1,0
C01004,20,340000,6800000,8.5,Business,Small,Small Business,1,1,1853857.0,0,,0.0,7,7.5,Monthly,8653857.0,2,0
C01005,100,250000,25000000,9.6,Business,Small,Small Business,1,0,0.0,0,,0.0,4,4.1,Annual,25000000.0,1,0
C01006,300,240000,72000000,2.2,Business,Small,Small Business,1,1,655791.0,0,,0.0,5,1.8,Monthly,72655791.0,2,1
C01007,20,340000,6800000,4.7,Personal,Small,Normal,0,0,0.0,0,,0.0,2,8.7,Monthly,6800000.0,1,0
C01008,10,320000,3200000,7.6,Personal,Small,Normal,0,0,0.0,0,,0.0,0,3.6,Annual,3200000.0,1,0
C01009,10,330000,3300000,8.7,Personal,Small,Normal,0,0,0.0,0,,0.0,0,3.2,Annual,3300000.0,1,0
C01010,30,290000,8700000,6.0,Personal,Small,Normal,0,0,0.0,0,,0.0,3,4.7,Annual,8700000.0,1,0
C01011,30,335000,10050000,2.6,Personal,Small,Normal,0,0,0.0,0,,0.0,0,1.7,Monthly,10050000.0,1,0
C01012,30,325000,9750000,3.8,Business,Large,ISP Partner,3,0,0.0,1,Dedicated,17465073.0,3,7.4,Monthly,27215073.0,2,0
C01013,50,275000,13750000,7.0,Business,Medium,Small Business,1,1,1343347.0,1,VPS,11571276.0,8,7.1,Annual,26664623.0,3,0
C01014,150,245000,36750000,8.2,Business,Small,Small Business,1,0,0.0,1,VPS,2055044.0,3,4.4,Annual,38805044.0,2,0
C01015,200,240000,48000000,2.2,Business,Small,Small Business,1,0,0.0,1,VPS,8073474.0,4,7.8,Monthly,56073474.0,2,1
C01016,20,300000,6000000,7.6,Personal,Small,Normal,0,0,0.0,0,,0.0,0,1.6,Monthly,6000000.0,1,0
C01017,10,320000,3200000,9.7,Personal,Small,Normal,0,0,0.0,0,,0.0,1,3.5,Annual,3200000.0,1,0
C01018,50,275000,13750000,4.1,Personal,Small,Normal,0,0,0.0,0,,0.0,0,4.7,Monthly,13750000.0,1,0
C01019,100,265000,26500000,2.0,Business,Large,Hospital,3,1,1829488.0,0,,0.0,5,4.6,Monthly,28329488.0,2,0
C01020,10,325000,3250000,1.3,Personal,Small,Normal,0,0,0.0,0,,0.0,3,1.2,Monthly,3250000.0,1,0
C01021,30,295000,8850000,4.2,Personal,Small,Normal,0,0,0.0,0,,0.0,0,2.7,Monthly,8850000.0,1,0
C01022,300,200000,60000000,4.4,Business,Large,University,2,0,0.0,0,,0.0,3,4.2,Monthly,60000000.0,1,1
C01023,20,300000,6000000,8.8,Personal,Small,Normal,0,0,0.0,0,,0.0,0,3.7,Annual,6000000.0,1,0
C01024,10,340000,3400000,3.9,Personal,Small,Normal,0,1,681628.0,0,,0.0,5,6.5,Monthly,4081628.0,2,0
C01025,20,325000,6500000,6.3,Personal,Small,Normal,0,0,0.0,0,,0.0,0,3.1,Annual,6500000.0,1,0
C01026,10,350000,3500000,0.6,Personal,Small,Normal,0,0,0.0,0,,0.0,2,1.4,Monthly,3500000.0,1,0
C01027,50,270000,13500000,0.8,Personal,Small,Normal,0,0,0.0,0,,0.0,0,2.8,Monthly,13500000.0,1,0
C01028,300,235000,70500000,2.3,Business,Large,University,2,1,1754817.0,0,,0.0,2,5.4,Monthly,72254817.0,2,1
C01029,200,260000,52000000,2.2,Business,Large,University,2,1,1435391.0,1,Dedicated,2126451.0,10,5.2,Monthly,55561842.0,3,1
C01030,150,285000,42750000,1.2,Business,Large,Hospital,3,1,868078.0,1,Shared,3940301.0,5,4.2,Monthly,47558379.0,3,1
C01031,20,300000,6000000,6.9,Personal,Small,Normal,0,0,0.0,0,,0.0,0,1.3,Annual,6000000.0,1,0
C01032,10,360000,3600000,5.7,Personal,Small,Normal,0,0,0.0,0,,0.0,1,3.3,Annual,3600000.0,1,0
C01033,30,295000,8850000,4.2,Personal,Small,Normal,0,0,0.0,0,,0.0,0,4.9,Monthly,8850000.0,1,0
C01034,10,320000,8505377,4.8,Personal,Small,Normal,0,0,0.0,0,,0.0,2,6.2,Monthly,8505377.0,1,0
C01035,100,250000,25000000,2.8,Business,Large,ISP Partner,3,1,1599373.0,1,VPS,9205444.0,7,8.4,Monthly,35804817.0,3,0
C01036,100,265000,26500000,5.2,Business,Medium,Small Business,1,1,461493.0,0,,0.0,5,8.0,Annual,26961493.0,2,0
C01037,10,355000,3550000,8.5,Personal,Small,Normal,0,0,0.0,0,,0.0,1,5.3,Annual,3550000.0,1,0
C01038,30,305000,9150000,8.9,Personal,Small,Normal,0,0,0.0,0,,0.0,0,6.1,Annual,9150000.0,1,0
C01039,200,220000,44000000,7.7,Business,Large,Hospital,3,1,1917321.0,1,Dedicated,14763442.0,7,8.5,Annual,60680763.0,3,1
C01040,30,300000,9000000,2.4,Business,Small,Small Business,1,0,0.0,0,,0.0,1,0.7,Monthly,9000000.0,1,0
C01041,50,275000,13750000,5.7,Personal,Small,Normal,0,0,0.0,0,,0.0,0,0.0,Annual,13750000.0,1,0
C01042,10,320000,3200000,3.7,Personal,Small,Normal,0,0,0.0,0,,0.0,2,1.3,Monthly,3200000.0,1,0
C01043,30,335000,10050000,6.7,Personal,Small,Normal,0,0,0.0,0,,0.0,0,4.3,Monthly,10050000.0,1,0
C01044,30,335000,10050000,0.8,Personal,Small,Normal,0,0,0.0,0,,0.0,1,2.8,Monthly,10050000.0,1,0
C01045,50,315000,15750000,1.2,Personal,Small,Normal,0,0,0.0,0,,0.0,0,2.8,Monthly,15750000.0,1,0
C01046,10,340000,3400000,6.9,Personal,Small,Normal,0,0,0.0,0,,0.0,0,2.0,Annual,3400000.0,1,0
C01047,50,300000,15000000,7.0,Business,Large,University,2,1,1100694.0,0,,0.0,2,6.4,Annual,16100694.0,2,0
C01048,20,315000,6300000,6.0,Personal,Small,Normal,0,0,0.0,0,,0.0,2,5.1,Annual,6300000.0,1,0
C01049,10,350000,3500000,5.3,Personal,Small,Normal,0,0,0.0,0,,0.0,1,3.9,Annual,3500000.0,1,0
C01050,150,265000,39750000,1.6,Business,Medium,Small Business,1,1,1747921.0,0,,0.0,4,5.2,Monthly,41497921.0,2,0
C01051,30,290000,8700000,8.7,Business,Large,Enterprise,2,1,1262059.0,0,,0.0,7,5.1,Annual,9962059.0,2,0
C01052,100,265000,26500000,7.3,Business,Large,ISP Partner,3,1,1015552.0,1,VPS,11818610.0,6,7.3,Annual,39334162.0,3,0
C01053,30,290000,8700000,5.1,Personal,Small,Normal,0,0,0.0,0,,0.0,1,2.2,Annual,8700000.0,1,0
C01054,10,320000,3200000,9.5,Personal,Small,Normal,0,0,0.0,0,,0.0,1,3.5,Annual,3200000.0,1,0
C01055,20,305000,6100000,7.7,Personal,Small,Normal,0,0,0.0,0,,0.0,0,6.6,Annual,6100000.0,1,0
C01056,10,320000,3200000,4.9,Personal,Small,Normal,0,0,0.0,0,,0.0,0,0.4,Monthly,3200000.0,1,0
C01057,30,310000,9300000,2.3,Personal,Small,Normal,0,0,0.0,0,,0.0,1,4.8,Monthly,9300000.0,1,0
C01058,20,330000,6600000,8.5,Personal,Small,Normal,0,0,0.0,0,,0.0,0,5.3,Annual,6600000.0,1,0
C01059,150,235000,35250000,6.8,Government,Large,Government,3,1,618038.0,1,Dedicated,15989525.0,5,6.0,Annual,51857563.0,3,1
C01060,10,385000,3850000,0.3,Personal,Small,Normal,0,0,0.0,0,,0.0,0,6.4,Monthly,3850000.0,1,0
C01061,100,255000,25500000,6.6,Business,Medium,Small Business,1,1,1801965.0,0,,0.0,5,4.4,Annual,27301965.0,2,0
C01062,20,300000,6000000,7.0,Personal,Small,Normal,0,0,0.0,0,,0.0,0,4.1,Monthly,6000000.0,1,0
C01063,10,320000,3200000,2.4,Personal,Small,Normal,0,1,590281.0,0,,0.0,2,7.2,Monthly,3790281.0,2,0
C01064,10,320000,3200000,1.4,Business,Large,Enterprise,2,0,0.0,0,,0.0,1,6.3,Monthly,3200000.0,1,0
C01065,10,320000,3200000,10.0,Personal,Small,Normal,0,0,0.0,0,,0.0,1,1.3,Annual,3200000.0,1,0
C01066,100,260000,26000000,6.3,Business,Medium,Small Business,1,0,0.0,1,VPS,12906889.0,6,3.6,Annual,38906889.0,2,0
C01067,100,280000,28000000,5.5,Business,Medium,Small Business,1,0,0.0,1,Shared,17475398.0,7,7.6,Annual,45475398.0,2,1
C01068,150,230000,34500000,9.3,Business,Medium,Small Business,1,1,338412.0,0,,0.0,7,2.0,Annual,34838412.0,2,0
C01069,10,385000,3850000,1.5,Personal,Small,Normal,0,0,0.0,0,,0.0,0,4.8,Monthly,3850000.0,1,0
C01070,300,200000,60000000,8.8,Government,Large,Government,3,1,1463357.0,0,,0.0,3,3.7,Monthly,61463357.0,2,1
C01071,300,220000,66000000,7.0,Business,Small,Small Business,1,0,0.0,0,,0.0,0,1.4,Annual,66000000.0,1,1
C01072,300,200000,60000000,1.8,Business,Small,Small Business,1,0,0.0,0,,0.0,5,6.8,Monthly,60000000.0,1,1
C01073,10,320000,3200000,8.2,Personal,Small,Normal,0,0,0.0,0,,0.0,1,4.1,Annual,3200000.0,1,0
C01074,200,245000,49000000,7.0,Business,Large,Enterprise,2,1,1564405.0,0,,0.0,5,6.8,Annual,50564405.0,2,1
C01075,10,390000,3900000,0.7,Personal,Small,Normal,0,0,0.0,0,,0.0,0,0.0,Monthly,3900000.0,1,0
C01076,30,290000,8700000,4.8,Personal,Small,Normal,0,0,0.0,0,,0.0,0,2.1,Monthly,8700000.0,1,0
C01077,10,320000,3200000,7.6,Business,Large,Hospital,3,1,414703.0,1,Shared,10749566.0,8,5.3,Annual,14364269.0,3,0
C01078,10,350000,3500000,9.3,Personal,Small,Normal,0,0,0.0,0,,0.0,1,5.1,Monthly,3500000.0,1,0
C01079,100,270000,27000000,9.7,Government,Large,Government,3,1,1769005.0,1,VPS,18105199.0,8,10.5,Annual,46874204.0,3,1
C01080,300,210000,63000000,5.7,Government,Large,Government,3,1,1445933.0,1,VPS,13921852.0,8,8.4,Annual,78367785.0,3,1
C01081,200,225000,45000000,6.2,Business,Medium,Small Business,1,1,1475585.0,0,,0.0,5,7.5,Annual,46475585.0,2,1
C01082,300,215000,64500000,8.7,Government,Large,Government,3,1,1959070.0,1,Dedicated,8400357.0,7,6.3,Annual,74859427.0,3,1
C01083,300,200000,60000000,3.0,Business,Large,University,2,1,1877142.0,1,VPS,5635831.0,9,8.3,Monthly,67512973.0,3,1
C01084,20,340000,6800000,0.5,Personal,Small,Normal,0,0,0.0,0,,0.0,0,6.1,Monthly,6800000.0,1,0
C01085,150,235000,79895626,9.9,Government,Large,Government,3,1,1490213.0,1,VPS,11456731.0,5,7.9,Annual,92842570.0,3,1
C01086,150,265000,39750000,7.1,Business,Large,Hospital,3,1,1782116.0,1,Dedicated,17618584.0,6,6.1,Annual,59150700.0,3,1
C01087,20,340000,6800000,5.3,Personal,Small,Normal,0,0,0.0,0,,0.0,3,4.9,Annual,6800000.0,1,0
C01088,20,345000,6900000,2.4,Personal,Small,Normal,0,0,0.0,0,,0.0,0,1.0,Monthly,6900000.0,1,0
C01089,30,295000,8850000,7.0,Business,Small,Small Business,1,0,0.0,1,VPS,8015583.0,7,8.3,Annual,16865583.0,2,0
C01090,150,275000,41250000,5.9,Business,Small,Small Business,1,1,1869001.0,0,,0.0,2,2.3,Annual,43119001.0,2,0
C01091,10,390000,3900000,1.0,Personal,Small,Normal,0,1,1666243.0,0,,0.0,2,2.0,Monthly,5566243.0,2,0
C01092,100,250000,25000000,7.2,Business,Large,Enterprise,2,0,0.0,0,,0.0,5,4.2,Monthly,25000000.0,1,0
C01093,20,300000,6000000,2.7,Personal,Small,Normal,0,0,0.0,0,,0.0,0,3.7,Monthly,6000000.0,1,0
C01094,100,250000,25000000,8.8,Business,Large,University,2,0,0.0,0,,0.0,4,4.5,Annual,25000000.0,1,0
C01095,100,250000,25000000,7.6,Business,Large,ISP Partner,3,1,1092403.0,1,Shared,16022434.0,8,4.7,Monthly,42114837.0,3,0
C01096,30,310000,9300000,3.4,Personal,Small,Normal,0,0,0.0,0,,0.0,2,4.6,Monthly,9300000.0,1,0
C01097,10,370000,3700000,7.3,Personal,Small,Normal,0,0,0.0,0,,0.0,3,2.8,Annual,3700000.0,1,0
C01098,50,295000,14750000,8.1,Business,Medium,Small Business,1,1,1057036.0,1,Dedicated,13198076.0,8,9.5,Annual,29005112.0,3,0
C01099,100,250000,25000000,6.6,Business,Large,University,2,0,0.0,1,Shared,15811088.0,4,4.1,Annual,40811088.0,2,0
C01100,300,255000,76500000,1.1,Business,Small,Small Business,1,1,962361.0,0,,0.0,2,5.6,Monthly,77462361.0,2,1
C01101,20,320000,6400000,0.4,Personal,Small,Normal,0,0,0.0,0,,0.0,0,4.6,Monthly,6400000.0,1,0
C01102,10,335000,3350000,7.2,Personal,Small,Normal,0,0,0.0,0,,0.0,0,0.0,Annual,3350000.0,1,0
C01103,10,320000,3200000,9.9,Personal,Small,Normal,0,0,0.0,0,,0.0,0,1.5,Annual,3200000.0,1,0
C01104,100,265000,26500000,5.8,Government,Large,Government,3,1,655639.0,1,VPS,12060570.0,8,6.6,Annual,39216209.0,3,0
C01105,50,270000,13500000,7.5,Business,Large,Enterprise,2,1,368514.0,0,,0.0,4,3.9,Annual,13868514.0,2,0
C01106,20,355000,7100000,5.2,Personal,Small,Normal,0,0,0.0,0,,0.0,0,2.7,Annual,7100000.0,1,0
C01107,10,365000,3650000,4.8,Personal,Small,Normal,0,0,0.0,0,,0.0,3,6.1,Monthly,3650000.0,1,0
C01108,20,335000,6700000,3.1,Personal,Small,Normal,0,0,0.0,0,,0.0,4,4.6,Monthly,6700000.0,1,0
C01109,30,290000,8700000,5.6,Business,Large,Enterprise,2,0,0.0,0,,0.0,2,3.6,Monthly,8700000.0,1,0
C01110,50,270000,13500000,9.2,Personal,Small,Normal,0,0,0.0,0,,0.0,0,0.0,Monthly,13500000.0,1,0
C01111,200,220000,44000000,6.2,Business,Large,Enterprise,2,1,1694327.0,1,Shared,16091985.0,7,10.1,Annual,61786312.0,3,1
C01112,30,330000,9900000,4.4,Personal,Small,Normal,0,0,0.0,0,,0.0,4,6.5,Monthly,9900000.0,1,0
C01113,50,300000,15000000,7.1,Personal,Small,Normal,0,0,0.0,0,,0.0,0,0.0,Annual,15000000.0,1,0
C01114,10,340000,3400000,2.9,Personal,Small,Normal,0,0,0.0,0,,0.0,1,6.0,Monthly,3400000.0,1,0
C01115,10,360000,3600000,0.8,Personal,Small,Normal,0,0,0.0,0,,0.0,0,5.7,Monthly,3600000.0,1,0
C01116,30,330000,9900000,3.7,Personal,Small,Normal,0,0,0.0,0,,0.0,0,1.2,Monthly,9900000.0,1,0
C01117,150,275000,41250000,2.1,Business,Medium,Small Business,1,1,828284.0,0,,0.0,5,3.3,Monthly,42078284.0,2,0
C01118,50,295000,14750000,6.6,Personal,Small,Normal,0,0,0.0,0,,0.0,0,0.6,Monthly,14750000.0,1,0
C01119,10,335000,3350000,4.2,Personal,Small,Normal,0,0,0.0,0,,0.0,2,0.1,Monthly,3350000.0,1,0
C01120,50,300000,15000000,0.4,Personal,Small,Normal,0,0,0.0,0,,0.0,1,5.4,Monthly,15000000.0,1,0
C01121,10,320000,3200000,9.2,Personal,Small,Normal,0,1,1131790.0,0,,0.0,2,3.9,Monthly,4331790.0,2,0
C01122,150,235000,35250000,2.1,Business,Large,Enterprise,2,1,971029.0,0,,0.0,5,5.9,Monthly,36221029.0,2,0
C01123,10,330000,3300000,10.0,Personal,Small,Normal,0,0,0.0,0,,0.0,0,4.7,Annual,3300000.0,1,0
C01124,50,285000,14250000,1.0,Personal,Small,Normal,0,0,0.0,0,,0.0,5,6.5,Monthly,14250000.0,1,0
C01125,10,350000,3500000,6.3,Personal,Small,Normal,0,0,0.0,0,,0.0,3,7.0,Annual,3500000.0,1,0
C01126,30,310000,9300000,3.4,Personal,Small,Normal,0,0,0.0,0,,0.0,4,5.5,Monthly,9300000.0,1,0
C01127,50,270000,13500000,0.3,Personal,Small,Normal,0,0,0.0,0,,0.0,3,4.3,Monthly,13500000.0,1,0
C01128,20,330000,6600000,2.2,Personal,Small,Normal,0,0,0.0,0,,0.0,2,8.2,Monthly,6600000.0,1,0
C01129,100,250000,25000000,8.8,Business,Small,Small Business,1,0,0.0,0,,0.0,2,5.6,Annual,25000000.0,1,0
C01130,150,265000,39750000,6.5,Business,Large,University,2,0,0.0,1,Shared,10054194.0,6,7.5,Annual,49804194.0,2,1
C01131,100,265000,26500000,9.3,Business,Medium,Small Business,1,1,760729.0,0,,0.0,5,5.1,Annual,27260729.0,2,0
C01132,50,270000,13500000,7.3,Personal,Small,Normal,0,0,0.0,0,,0.0,2,4.0,Monthly,13500000.0,1,0
C01133,20,305000,6100000,5.0,Business,Small,Small Business,1,1,1645910.0,0,,0.0,9,9.6,Monthly,7745910.0,2,0
C01134,100,280000,28000000,9.1,Business,Medium,Small Business,1,0,0.0,0,,0.0,3,3.6,Annual,28000000.0,1,0
C01135,10,320000,3200000,2.6,Personal,Small,Normal,0,0,0.0,0,,0.0,7,7.7,Monthly,3200000.0,1,0
C01136,20,360000,7200000,1.5,Personal,Small,Normal,0,0,0.0,0,,0.0,0,3.7,Monthly,7200000.0,1,0
C01137,100,270000,27000000,7.9,Business,Small,Small Business,1,0,0.0,0,,0.0,2,9.2,Annual,27000000.0,1,0
C01138,10,320000,3200000,4.0,Personal,Small,Normal,0,0,0.0,0,,0.0,2,5.3,Monthly,3200000.0,1,0
C01139,30,290000,8700000,9.3,Business,Small,Small Business,1,1,1504590.0,0,,0.0,7,7.8,Annual,10204590.0,2,0
C01140,200,225000,45000000,3.9,Business,Large,Hospital,3,0,0.0,1,Shared,3788999.0,5,5.3,Monthly,48788999.0,2,1
C01141,150,250000,37500000,5.8,Business,Small,Small Business,1,0,0.0,0,,0.0,3,4.3,Annual,37500000.0,1,0
C01142,100,255000,25500000,7.5,Business,Medium,Small Business,1,1,1018195.0,0,,0.0,3,1.5,Annual,26518195.0,2,0
C01143,10,340000,3400000,5.2,Personal,Small,Normal,0,0,0.0,0,,0.0,0,4.6,Annual,3400000.0,1,0
C01144,10,330000,3300000,5.1,Personal,Small,Normal,0,0,0.0,0,,0.0,0,4.3,Annual,3300000.0,1,0
C01145,20,315000,6300000,0.7,Personal,Small,Normal,0,0,0.0,0,,0.0,0,5.4,Monthly,6300000.0,1,0
C01146,20,345000,6900000,0.3,Personal,Small,Normal,0,0,0.0,0,,0.0,0,4.3,Monthly,6900000.0,1,0
C01147,10,385000,3850000,2.4,Personal,Small,Normal,0,0,0.0,0,,0.0,0,0.0,Monthly,3850000.0,1,0
C01148,300,205000,61500000,0.7,Business,Small,Small Business,1,0,0.0,0,,0.0,5,5.5,Monthly,61500000.0,1,1
C01149,20,340000,6800000,7.0,Personal,Small,Normal,0,0,0.0,0,,0.0,1,2.8,Annual,6800000.0,1,0
C01150,10,355000,3550000,9.9,Business,Small,Small Business,1,1,922867.0,1,Dedicated,12676004.0,10,7.5,Annual,17148871.0,3,0
C01151,100,250000,25000000,7.4,Business,Medium,Small Business,1,1,1691216.0,0,,0.0,3,3.4,Monthly,26691216.0,2,0
C01152,30,290000,8700000,8.5,Personal,Small,Normal,0,0,0.0,0,,0.0,1,4.2,Annual,8700000.0,1,0
C01153,20,340000,6800000,8.3,Personal,Small,Normal,0,0,0.0,0,,0.0,1,2.1,Annual,6800000.0,1,0
C01154,20,300000,6000000,1.0,Personal,Small,Normal,0,0,0.0,0,,0.0,2,2.1,Monthly,6000000.0,1,0
C01155,200,235000,47000000,0.4,Business,Small,Small Business,1,1,1762602.0,1,Shared,11108908.0,6,5.9,Monthly,59871510.0,3,1
C01156,30,305000,9150000,7.0,Personal,Small,Normal,0,0,0.0,0,,0.0,1,3.3,Annual,9150000.0,1,0
C01157,20,360000,7200000,0.3,Personal,Small,Normal,0,0,0.0,0,,0.0,3,4.0,Monthly,7200000.0,1,0
C01158,50,305000,15250000,4.5,Personal,Small,Normal,0,0,0.0,0,,0.0,0,4.4,Monthly,15250000.0,1,0
C01159,10,340000,3400000,9.0,Personal,Small,Normal,0,0,0.0,0,,0.0,2,3.0,Annual,3400000.0,1,0
C01160,20,310000,6200000,1.3,Personal,Small,Normal,0,0,0.0,0,,0.0,0,1.2,Monthly,6200000.0,1,0
C01161,300,225000,67500000,0.4,Government,Large,Government,3,0,0.0,1,Dedicated,14627510.0,3,7.3,Monthly,82127510.0,2,1
C01162,100,250000,25000000,3.6,Business,Large,ISP Partner,3,1,1154306.0,1,Dedicated,17779644.0,12,12.7,Monthly,43933950.0,3,0
C01163,20,355000,7100000,2.8,Personal,Small,Normal,0,0,0.0,0,,0.0,0,3.8,Monthly,7100000.0,1,0
C01164,10,335000,3350000,7.0,Personal,Small,Normal,0,0,0.0,0,,0.0,0,7.4,Monthly,3350000.0,1,0
C01165,150,245000,36750000,4.9,Business,Medium,Small Business,1,0,0.0,1,Shared,16022262.0,9,6.9,Monthly,52772262.0,2,1
C01166,150,230000,34500000,6.8,Government,Large,Government,3,1,902805.0,1,Dedicated,9462444.0,9,9.7,Annual,44865249.0,3,1
C01167,30,290000,8700000,7.0,Business,Medium,Small Business,1,1,511552.0,1,VPS,19227582.0,6,8.6,Annual,28439134.0,3,0
C01168,100,250000,25000000,6.0,Business,Small,Small Business,1,1,968235.0,0,,0.0,9,9.5,Annual,25968235.0,2,0
C01169,300,220000,66000000,4.8,Business,Large,University,2,1,1390280.0,0,,0.0,3,6.5,Monthly,67390280.0,2,1
C01170,100,250000,25000000,5.3,Business,Large,Enterprise,2,1,699411.0,0,,0.0,3,3.5,Annual,25699411.0,2,0
C01171,30,290000,8700000,5.8,Business,Medium,Small Business,1,0,0.0,1,Shared,14356127.0,6,6.8,Monthly,23056127.0,2,0
C01172,100,250000,25000000,8.6,Business,Small,Small Business,1,0,0.0,0,,0.0,3,4.4,Annual,25000000.0,1,0
C01173,30,295000,8850000,3.3,Business,Medium,Small Business,1,1,1311072.0,1,Shared,6442078.0,10,6.9,Monthly,16603150.0,3,0
C01174,300,225000,67500000,9.0,Business,Large,Hospital,3,1,1369278.0,1,Dedicated,9241051.0,8,6.3,Annual,78110329.0,3,1
C01175,50,270000,13500000,1.8,Business,Small,Small Business,1,1,985418.0,0,,0.0,4,4.5,Monthly,14485418.0,2,0
C01176,30,290000,8700000,8.1,Personal,Small,Normal,0,0,0.0,0,,0.0,0,4.9,Annual,8700000.0,1,0
C01177,50,285000,14250000,4.9,Personal,Small,Normal,0,0,0.0,0,,0.0,1,9.4,Monthly,14250000.0,1,0
C01178,20,300000,6000000,8.3,Personal,Small,Normal,0,0,0.0,0,,0.0,0,4.8,Annual,6000000.0,1,0
C01179,20,320000,6400000,8.4,Personal,Small,Normal,0,0,0.0,0,,0.0,0,1.4,Annual,6400000.0,1,0
C01180,150,290000,43500000,1.0,Business,Medium,Small Business,1,1,1730353.0,0,,0.0,5,6.3,Monthly,45230353.0,2,1
C01181,100,260000,26000000,3.2,Business,Large,Enterprise,2,1,1521887.0,0,,0.0,6,8.8,Monthly,27521887.0,2,0
C01182,20,340000,6800000,3.4,Personal,Small,Normal,0,0,0.0,0,,0.0,1,4.7,Monthly,6800000.0,1,0
C01183,50,305000,15250000,1.8,Personal,Small,Normal,0,0,0.0,0,,0.0,1,1.6,Monthly,15250000.0,1,0
C01184,100,290000,29000000,6.9,Business,Small,Small Business,1,1,566067.0,1,VPS,12319721.0,9,8.6,Monthly,41885788.0,3,0
C01185,150,255000,38250000,5.9,Business,Large,Hospital,3,0,0.0,1,VPS,9128005.0,8,3.0,Monthly,47378005.0,2,1
C01186,20,305000,6100000,9.2,Personal,Small,Normal,0,0,0.0,0,,0.0,0,0.5,Annual,6100000.0,1,0
C01187,10,345000,3450000,3.4,Personal,Small,Normal,0,0,0.0,0,,0.0,0,3.1,Monthly,3450000.0,1,0
C01188,20,310000,6200000,9.7,Personal,Small,Normal,0,0,0.0,0,,0.0,0,0.6,Annual,6200000.0,1,0
C01189,10,385000,3850000,0.6,Personal,Small,Normal,0,1,1705920.0,0,,0.0,2,1.1,Monthly,5555920.0,2,0
C01190,300,200000,60000000,3.2,Government,Large,Government,3,0,0.0,1,VPS,7080323.0,3,4.7,Monthly,67080323.0,2,1
C01191,100,250000,25000000,1.5,Government,Large,Government,3,1,858267.0,0,,0.0,9,6.6,Monthly,25858267.0,2,0
C01192,50,305000,15250000,6.9,Personal,Small,Normal,0,0,0.0,0,,0.0,3,4.6,Annual,15250000.0,1,0
C01193,300,215000,64500000,3.9,Government,Large,Government,3,1,1757646.0,1,VPS,9444523.0,10,6.1,Monthly,75702169.0,3,1
C01194,50,310000,15500000,3.8,Personal,Small,Normal,0,0,0.0,0,,0.0,0,1.7,Monthly,15500000.0,1,0
C01195,150,270000,40500000,2.8,Business,Medium,Small Business,1,0,0.0,0,,0.0,6,4.8,Monthly,40500000.0,1,0
C01196,50,310000,15500000,5.8,Personal,Small,Normal,0,0,0.0,0,,0.0,3,4.1,Annual,15500000.0,1,0
C01197,10,365000,3650000,0.9,Personal,Small,Normal,0,0,0.0,0,,0.0,1,3.2,Monthly,3650000.0,1,0
C01198,200,220000,44000000,6.0,Business,Small,Small Business,1,0,0.0,0,,0.0,5,4.1,Annual,44000000.0,1,1
C01199,200,255000,51000000,1.7,Business,Medium,Small Business,1,1,1151461.0,0,,0.0,2,7.0,Monthly,52151461.0,2,1
C01200,20,300000,6000000,5.8,Personal,Small,Normal,0,0,0.0,0,,0.0,3,4.0,Annual,6000000.0,1,0
C01201,10,320000,3200000,1.0,Personal,Small,Normal,0,0,0.0,0,,0.0,0,7.3,Monthly,3200000.0,1,0
C01202,100,300000,30000000,3.3,Business,Small,Small Business,1,1,1665258.0,0,,0.0,4,6.1,Monthly,31665258.0,2,0
C01203,30,290000,8700000,4.7,Business,Medium,Small Business,1,1,1643829.0,0,,0.0,4,4.1,Monthly,10343829.0,2,0
C01204,150,250000,37500000,6.8,Business,Medium,Small Business,1,0,0.0,0,,0.0,2,4.4,Annual,37500000.0,1,0
C01205,50,295000,14750000,6.8,Personal,Small,Normal,0,1,677088.0,0,,0.0,4,2.9,Annual,15427088.0,2,0
C01206,150,250000,37500000,3.2,Business,Small,Small Business,1,0,0.0,0,,0.0,3,8.0,Monthly,37500000.0,1,0
C01207,30,295000,8850000,4.0,Personal,Small,Normal,0,0,0.0,0,,0.0,2,4.7,Monthly,8850000.0,1,0
C01208,10,330000,3300000,5.1,Personal,Small,Normal,0,0,0.0,0,,0.0,1,0.9,Monthly,3300000.0,1,0
C01209,30,290000,8700000,6.4,Personal,Small,Normal,0,0,0.0,0,,0.0,2,1.5,Monthly,8700000.0,1,0
C01210,100,255000,25500000,6.6,Government,Large,Government,3,1,1719371.0,1,Shared,17190897.0,6,9.8,Annual,44410268.0,3,1
C01211,150,275000,41250000,5.7,Business,Large,Hospital,3,1,1207613.0,1,VPS,16400568.0,10,5.8,Monthly,58858181.0,3,1
C01212,10,320000,3200000,9.4,Personal,Small,Normal,0,0,0.0,0,,0.0,0,5.4,Annual,3200000.0,1,0
C01213,20,305000,6100000,8.1,Personal,Small,Normal,0,0,0.0,0,,0.0,0,0.0,Annual,6100000.0,1,0
C01214,30,295000,8850000,7.7,Personal,Small,Normal,0,0,0.0,0,,0.0,0,0.4,Monthly,8850000.0,1,0
C01215,20,350000,7000000,2.7,Business,Large,University,2,1,1102425.0,0,,0.0,10,8.0,Monthly,8102425.0,2,0
C01216,50,280000,14000000,8.3,Personal,Small,Normal,0,0,0.0,0,,0.0,2,4.1,Annual,14000000.0,1,0
C01217,150,230000,34500000,5.0,Business,Medium,Small Business,1,1,1904870.0,0,,0.0,5,3.2,Monthly,36404870.0,2,0
C01218,30,300000,9000000,9.5,Personal,Small,Normal,0,0,0.0,0,,0.0,0,0.1,Monthly,9000000.0,1,0
C01219,30,310000,9300000,2.3,Personal,Small,Normal,0,0,0.0,0,,0.0,3,1.7,Monthly,9300000.0,1,0
C01220,10,320000,3200000,6.7,Personal,Small,Normal,0,0,0.0,0,,0.0,1,4.8,Monthly,3200000.0,1,0
C01221,30,290000,8700000,8.6,Business,Large,ISP Partner,3,1,966467.0,1,VPS,5373168.0,11,10.3,Annual,15039635.0,3,0
C01222,20,350000,7000000,5.1,Personal,Small,Normal,0,0,0.0,0,,0.0,2,3.5,Monthly,7000000.0,1,0
C01223,30,325000,9750000,9.3,Personal,Small,Normal,0,0,0.0,0,,0.0,3,3.6,Monthly,9750000.0,1,0
C01224,200,220000,44000000,5.8,Government,Large,Government,3,1,527111.0,1,Dedicated,9989942.0,9,10.3,Monthly,54517053.0,3,1
C01225,20,300000,6000000,5.4,Personal,Small,Normal,0,0,0.0,0,,0.0,2,6.4,Annual,6000000.0,1,0
C01226,20,305000,6100000,6.9,Personal,Small,Normal,0,0,0.0,0,,0.0,3,5.7,Annual,6100000.0,1,0
C01227,20,300000,6000000,8.7,Personal,Small,Normal,0,0,0.0,0,,0.0,2,8.0,Annual,6000000.0,1,0
C01228,20,310000,6200000,1.3,Personal,Small,Normal,0,0,0.0,0,,0.0,0,1.6,Monthly,6200000.0,1,0
C01229,300,205000,61500000,4.7,Business,Small,Small Business,1,1,659919.0,0,,0.0,7,6.8,Monthly,62159919.0,2,1
C01230,50,315000,15750000,3.2,Personal,Small,Normal,0,0,0.0,0,,0.0,3,3.3,Monthly,15750000.0,1,0
C01231,100,275000,27500000,8.9,Business,Medium,Small Business,1,0,0.0,1,VPS,4318034.0,5,6.6,Annual,31818034.0,2,0
C01232,20,325000,6500000,3.2,Personal,Small,Normal,0,0,0.0,0,,0.0,2,4.9,Monthly,6500000.0,1,0
C01233,300,200000,60000000,6.8,Business,Large,University,2,1,1979382.0,0,,0.0,6,6.0,Annual,61979382.0,2,1
C01234,30,290000,8700000,3.1,Business,Large,Hospital,3,1,1444445.0,0,,0.0,2,6.0,Monthly,10144445.0,2,0
C01235,300,200000,60000000,4.0,Business,Medium,Small Business,1,0,0.0,1,Shared,2731645.0,6,4.6,Monthly,62731645.0,2,1
C01236,100,265000,26500000,7.7,Business,Medium,Small Business,1,0,0.0,1,VPS,14649247.0,8,8.1,Annual,41149247.0,2,0
C01237,30,300000,9000000,9.5,Personal,Small,Normal,0,0,0.0,0,,0.0,0,2.3,Annual,9000000.0,1,0
C01238,10,345000,3450000,3.8,Personal,Small,Normal,0,0,0.0,0,,0.0,0,1.8,Monthly,3450000.0,1,0
C01239,30,345000,10350000,1.6,Business,Medium,Small Business,1,1,685461.0,0,,0.0,6,8.8,Monthly,11035461.0,2,0
C01240,50,315000,15750000,4.9,Personal,Small,Normal,0,0,0.0,0,,0.0,0,2.2,Monthly,15750000.0,1,0
C01241,100,265000,26500000,5.5,Business,Medium,Small Business,1,0,0.0,0,,0.0,1,5.7,Annual,26500000.0,1,0
C01242,10,320000,3200000,6.1,Personal,Small,Normal,0,0,0.0,0,,0.0,3,1.3,Annual,3200000.0,1,0
C01243,150,275000,41250000,2.3,Government,Large,Government,3,1,621496.0,1,Shared,8727071.0,5,6.1,Monthly,50598567.0,3,1
C01244,30,320000,9600000,6.6,Personal,Small,Normal,0,0,0.0,0,,0.0,0,1.7,Annual,9600000.0,1,0
C01245,10,380000,3800000,0.7,Personal,Small,Normal,0,0,0.0,0,,0.0,3,3.4,Monthly,3800000.0,1,0
C01246,50,270000,13500000,7.2,Business,Small,Small Business,1,1,1313873.0,1,VPS,15988656.0,11,7.3,Annual,30802529.0,3,0
C01247,20,320000,6400000,7.4,Personal,Small,Normal,0,0,0.0,0,,0.0,0,0.0,Annual,6400000.0,1,0
C01248,100,280000,28000000,2.1,Business,Medium,Small Business,1,1,1099574.0,1,VPS,6749641.0,7,8.2,Monthly,35849215.0,3,0
C01249,100,260000,26000000,8.5,Business,Small,Small Business,1,1,304167.0,0,,0.0,5,4.5,Monthly,26304167.0,2,0
C01250,20,305000,6100000,1.8,Personal,Small,Normal,0,0,0.0,0,,0.0,0,2.5,Monthly,6100000.0,1,0
C01251,50,300000,15000000,9.8,Business,Large,Hospital,3,1,696491.0,1,Shared,11138670.0,7,10.2,Annual,26835161.0,3,0
C01252,20,305000,6100000,0.7,Personal,Small,Normal,0,0,0.0,0,,0.0,1,6.6,Monthly,6100000.0,1,0
C01253,150,265000,39750000,3.1,Business,Large,ISP Partner,3,0,0.0,1,Shared,6264959.0,7,5.1,Monthly,46014959.0,2,1
C01254,20,325000,6500000,8.1,Business,Medium,Small Business,1,0,0.0,0,,0.0,1,3.0,Monthly,6500000.0,1,0
C01255,50,275000,13750000,7.2,Business,Large,Hospital,3,1,1552361.0,1,VPS,12884048.0,8,11.6,Annual,28186409.0,3,0
C01256,20,315000,6300000,1.7,Business,Small,Small Business,1,0,0.0,1,Shared,6963331.0,7,6.1,Monthly,13263331.0,2,0
C01257,20,310000,6200000,9.6,Personal,Small,Normal,0,0,0.0,0,,0.0,0,3.9,Annual,6200000.0,1,0
C01258,100,250000,25000000,7.6,Business,Small,Small Business,1,1,969410.0,0,,0.0,3,2.6,Annual,25969410.0,2,0
C01259,150,270000,40500000,1.8,Business,Large,ISP Partner,3,1,428928.0,1,Dedicated,19919539.0,6,4.2,Monthly,60848467.0,3,1
C01260,10,385000,3850000,2.1,Personal,Small,Normal,0,0,0.0,0,,0.0,0,4.3,Monthly,3850000.0,1,0
C01261,20,320000,6400000,3.5,Personal,Small,Normal,0,0,0.0,0,,0.0,2,4.3,Monthly,6400000.0,1,0
C01262,20,300000,6000000,7.8,Personal,Small,Normal,0,0,0.0,0,,0.0,0,2.8,Annual,6000000.0,1,0
C01263,20,320000,6400000,5.2,Personal,Small,Normal,0,0,0.0,0,,0.0,2,5.2,Annual,6400000.0,1,0
C01264,150,270000,40500000,2.3,Business,Medium,Small Business,1,1,1519369.0,0,,0.0,7,8.9,Monthly,42019369.0,2,0
C01265,10,320000,3200000,4.7,Personal,Small,Normal,0,0,0.0,0,,0.0,0,4.4,Monthly,3200000.0,1,0
C01266,20,355000,7100000,2.8,Business,Medium,Small Business,1,0,0.0,0,,0.0,1,0.8,Monthly,7100000.0,1,0
C01267,30,345000,10350000,0.3,Personal,Small,Normal,0,0,0.0,0,,0.0,1,2.9,Monthly,10350000.0,1,0
C01268,100,300000,30000000,2.6,Business,Small,Small Business,1,1,1776744.0,0,,0.0,5,3.7,Monthly,31776744.0,2,0
C01269,20,350000,7000000,6.4,Personal,Small,Normal,0,0,0.0,0,,0.0,2,5.4,Annual,7000000.0,1,0
C01270,50,270000,35423897,3.4,Personal,Small,Normal,0,0,0.0,0,,0.0,0,0.6,Monthly,35423897.0,1,0
C01271,300,240000,72000000,3.7,Business,Small,Small Business,1,1,1035982.0,0,,0.0,3,2.7,Monthly,73035982.0,2,1
C01272,300,200000,60000000,5.0,Business,Small,Small Business,1,0,0.0,1,VPS,15373163.0,7,8.1,Monthly,75373163.0,2,1
C01273,10,320000,3200000,9.0,Personal,Small,Normal,0,0,0.0,0,,0.0,1,4.1,Monthly,3200000.0,1,0
C01274,300,225000,67500000,7.3,Business,Medium,Small Business,1,1,1884358.0,1,Shared,7003615.0,7,3.0,Annual,76387973.0,3,1
C01275,100,265000,26500000,4.1,Business,Large,Hospital,3,1,1032776.0,1,Shared,6470656.0,7,9.6,Monthly,34003432.0,3,0
C01276,200,220000,44000000,7.8,Business,Large,Enterprise,2,0,0.0,0,,0.0,2,6.1,Annual,44000000.0,1,1
C01277,50,280000,14000000,2.2,Personal,Small,Normal,0,0,0.0,0,,0.0,0,1.8,Monthly,14000000.0,1,0
C01278,10,320000,3200000,9.6,Business,Small,Small Business,1,1,1485800.0,1,Dedicated,17751779.0,9,8.2,Annual,22437579.0,3,0
C01279,10,360000,3600000,8.7,Personal,Small,Normal,0,1,339622.0,0,,0.0,2,6.3,Annual,3939622.0,2,0
C01280,10,320000,3200000,9.2,Personal,Small,Normal,0,0,0.0,0,,0.0,1,1.8,Annual,3200000.0,1,0
C01281,10,360000,3600000,7.3,Personal,Small,Normal,0,0,0.0,0,,0.0,0,4.1,Annual,3600000.0,1,0
C01282,200,275000,55000000,0.2,Business,Small,Small Business,1,1,1723533.0,0,,0.0,2,6.7,Monthly,56723533.0,2,1
C01283,10,320000,3200000,7.5,Personal,Small,Normal,0,0,0.0,0,,0.0,4,5.6,Monthly,3200000.0,1,0
C01284,150,235000,35250000,1.3,Business,Large,University,2,0,0.0,0,,0.0,0,2.4,Monthly,35250000.0,1,0
C01285,10,350000,3500000,5.1,Personal,Small,Normal,0,0,0.0,0,,0.0,0,0.1,Annual,3500000.0,1,0
C01286,200,220000,44000000,6.6,Business,Medium,Small Business,1,1,1773913.0,0,,0.0,2,4.3,Annual,45773913.0,2,1
C01287,10,320000,3200000,9.4,Personal,Small,Normal,0,0,0.0,0,,0.0,0,1.7,Annual,3200000.0,1,0
C01288,200,255000,51000000,4.2,Business,Large,ISP Partner,3,1,540775.0,1,Shared,12123534.0,6,7.5,Monthly,63664309.0,3,1
C01289,10,345000,3450000,0.9,Personal,Small,Normal,0,0,0.0,0,,0.0,4,9.6,Monthly,3450000.0,1,0
C01290,200,220000,44000000,8.1,Business,Large,University,2,0,0.0,1,VPS,8754515.0,8,9.8,Monthly,52754515.0,2,1
C01291,100,280000,28000000,10.0,Business,Large,Hospital,3,1,1909067.0,0,,0.0,4,6.0,Annual,29909067.0,2,0
C01292,10,385000,3850000,0.7,Personal,Small,Normal,0,0,0.0,0,,0.0,0,2.3,Monthly,3850000.0,1,0
C01293,150,240000,36000000,4.0,Business,Large,Hospital,3,0,0.0,1,VPS,19024996.0,5,5.0,Monthly,55024996.0,2,1
C01294,150,230000,34500000,7.1,Business,Large,Enterprise,2,0,0.0,0,,0.0,0,3.2,Annual,34500000.0,1,0
C01295,300,240000,72000000,3.5,Business,Large,ISP Partner,3,1,1345867.0,1,Dedicated,16260524.0,7,7.4,Monthly,89606391.0,3,1
C01296,20,325000,6500000,1.3,Business,Large,Enterprise,2,0,0.0,1,VPS,5244611.0,7,10.6,Monthly,11744611.0,2,0
C01297,30,305000,9150000,0.8,Personal,Small,Normal,0,0,0.0,0,,0.0,1,6.0,Monthly,9150000.0,1,0
C01298,100,300000,30000000,4.6,Business,Large,University,2,0,0.0,0,,0.0,1,4.3,Monthly,30000000.0,1,0
C01299,50,290000,14500000,1.9,Personal,Small,Normal,0,0,0.0,0,,0.0,0,4.3,Monthly,14500000.0,1,0
C01300,100,280000,28000000,6.8,Business,Medium,Small Business,1,0,0.0,0,,0.0,1,0.0,Annual,28000000.0,1,0
C01301,150,270000,40500000,0.5,Business,Medium,Small Business,1,1,1079395.0,0,,0.0,2,3.6,Monthly,41579395.0,2,0
C01302,10,340000,3400000,5.4,Personal,Small,Normal,0,0,0.0,0,,0.0,3,3.2,Annual,3400000.0,1,0
C01303,10,335000,6867405,8.6,Personal,Small,Normal,0,0,0.0,0,,0.0,2,3.2,Annual,6867405.0,1,0
C01304,100,250000,25000000,5.9,Business,Medium,Small Business,1,0,0.0,0,,0.0,0,0.0,Annual,25000000.0,1,0
C01305,10,370000,3700000,1.3,Personal,Small,Normal,0,0,0.0,0,,0.0,0,7.0,Monthly,3700000.0,1,0
C01306,10,375000,3750000,1.5,Personal,Small,Normal,0,0,0.0,0,,0.0,4,3.6,Monthly,3750000.0,1,0
C01307,300,205000,61500000,4.8,Business,Medium,Small Business,1,0,0.0,1,Shared,5278772.0,5,7.2,Monthly,66778772.0,2,1
C01308,300,220000,66000000,5.1,Business,Medium,Small Business,1,1,1651993.0,0,,0.0,5,6.4,Monthly,67651993.0,2,1
C01309,30,290000,8700000,6.6,Personal,Small,Normal,0,1,1147124.0,0,,0.0,2,4.4,Annual,9847124.0,2,0
C01310,50,295000,14750000,7.3,Personal,Small,Normal,0,1,1923040.0,0,,0.0,2,7.3,Annual,16673040.0,2,0
C01311,200,250000,50000000,5.5,Government,Large,Government,3,1,1435122.0,1,Dedicated,17361385.0,9,9.3,Annual,68796507.0,3,1
C01312,100,275000,27500000,2.8,Business,Large,Hospital,3,1,1057092.0,0,,0.0,3,5.3,Monthly,28557092.0,2,0
C01313,30,335000,10050000,0.5,Personal,Small,Normal,0,0,0.0,0,,0.0,2,2.7,Monthly,10050000.0,1,0
C01314,50,285000,14250000,9.9,Personal,Small,Normal,0,0,0.0,0,,0.0,0,5.6,Annual,14250000.0,1,0
C01315,20,300000,6000000,8.4,Personal,Small,Normal,0,0,0.0,0,,0.0,0,6.1,Annual,6000000.0,1,0
C01316,20,340000,6800000,5.0,Personal,Small,Normal,0,0,0.0,0,,0.0,3,5.1,Monthly,6800000.0,1,0
C01317,10,350000,3500000,6.9,Personal,Small,Normal,0,0,0.0,0,,0.0,3,4.9,Annual,3500000.0,1,0
C01318,300,210000,63000000,5.0,Business,Large,Enterprise,2,0,0.0,0,,0.0,2,7.6,Monthly,63000000.0,1,1
C01319,150,230000,34500000,0.7,Business,Medium,Small Business,1,0,0.0,0,,0.0,4,8.1,Monthly,34500000.0,1,0
C01320,30,325000,9750000,8.1,Business,Small,Small Business,1,0,0.0,0,,0.0,0,1.2,Monthly,9750000.0,1,0
C01321,10,365000,3650000,9.2,Personal,Small,Normal,0,0,0.0,0,,0.0,2,10.1,Annual,3650000.0,1,0
C01322,10,350000,3500000,8.7,Personal,Small,Normal,0,0,0.0,0,,0.0,0,0.2,Annual,3500000.0,1,0
C01323,10,320000,3200000,2.0,Personal,Small,Normal,0,0,0.0,0,,0.0,0,3.6,Monthly,3200000.0,1,0
C01324,50,270000,13500000,3.1,Personal,Small,Normal,0,0,0.0,0,,0.0,0,4.9,Monthly,13500000.0,1,0
C01325,30,290000,8700000,5.2,Personal,Small,Normal,0,0,0.0,0,,0.0,0,1.3,Annual,8700000.0,1,0
C01326,20,310000,6200000,5.6,Personal,Small,Normal,0,0,0.0,0,,0.0,0,3.6,Annual,6200000.0,1,0
C01327,10,345000,3450000,4.7,Personal,Small,Normal,0,0,0.0,0,,0.0,0,1.9,Monthly,3450000.0,1,0
C01328,150,245000,36750000,1.0,Business,Large,University,2,1,1975412.0,0,,0.0,6,2.4,Monthly,38725412.0,2,0
C01329,100,305000,30500000,2.6,Business,Medium,Small Business,1,1,1472408.0,0,,0.0,10,8.8,Monthly,31972408.0,2,0
C01330,10,335000,3350000,6.8,Personal,Small,Normal,0,0,0.0,0,,0.0,2,5.3,Annual,3350000.0,1,0
C01331,30,295000,8850000,9.6,Personal,Small,Normal,0,0,0.0,0,,0.0,0,1.6,Annual,8850000.0,1,0
C01332,10,360000,3600000,7.2,Personal,Small,Normal,0,0,0.0,0,,0.0,4,6.6,Annual,3600000.0,1,0
C01333,100,270000,27000000,1.4,Business,Large,ISP Partner,3,1,1216265.0,1,Shared,18431428.0,6,4.5,Monthly,46647693.0,3,1
C01334,10,345000,3450000,5.0,Personal,Small,Normal,0,0,0.0,0,,0.0,3,4.5,Monthly,3450000.0,1,0
C01335,150,245000,36750000,6.2,Business,Large,Hospital,3,1,1650652.0,1,VPS,6188830.0,6,6.4,Annual,44589482.0,3,1
C01336,20,355000,7100000,3.8,Personal,Small,Normal,0,0,0.0,0,,0.0,2,5.4,Monthly,7100000.0,1,0
C01337,300,235000,70500000,2.3,Business,Small,Small Business,1,0,0.0,1,Shared,12575080.0,7,6.0,Monthly,83075080.0,2,1
C01338,30,290000,8700000,4.5,Business,Small,Small Business,1,0,0.0,0,,0.0,2,5.0,Monthly,8700000.0,1,0
C01339,150,235000,35250000,2.8,Business,Medium,Small Business,1,0,0.0,0,,0.0,0,0.5,Monthly,35250000.0,1,0
C01340,10,365000,3650000,6.7,Personal,Small,Normal,0,0,0.0,0,,0.0,1,4.7,Annual,3650000.0,1,0
C01341,100,290000,29000000,0.7,Business,Medium,Small Business,1,0,0.0,0,,0.0,1,4.9,Monthly,29000000.0,1,0
C01342,150,230000,34500000,9.0,Business,Medium,Small Business,1,0,0.0,0,,0.0,1,2.0,Annual,34500000.0,1,0
C01343,150,270000,40500000,5.8,Business,Small,Small Business,1,1,469217.0,0,,0.0,6,9.0,Annual,40969217.0,2,0
C01344,10,320000,3200000,8.7,Personal,Small,Normal,0,0,0.0,0,,0.0,0,1.2,Annual,3200000.0,1,0
C01345,20,350000,7000000,4.6,Personal,Small,Normal,0,0,0.0,0,,0.0,3,5.3,Monthly,7000000.0,1,0
C01346,20,365000,7300000,0.8,Personal,Small,Normal,0,0,0.0,0,,0.0,0,4.4,Monthly,7300000.0,1,0
C01347,150,260000,39000000,3.7,Business,Medium,Small Business,1,0,0.0,0,,0.0,2,6.1,Monthly,39000000.0,1,0
C01348,200,270000,54000000,0.8,Government,Large,Government,3,1,659297.0,0,,0.0,6,9.2,Monthly,54659297.0,2,1
C01349,10,370000,3700000,6.8,Personal,Small,Normal,0,0,0.0,0,,0.0,0,5.1,Annual,3700000.0,1,0
C01350,100,280000,28000000,4.3,Government,Large,Government,3,1,1710569.0,0,,0.0,3,7.5,Monthly,29710569.0,2,0
C01351,300,215000,64500000,3.9,Business,Large,Hospital,3,1,506490.0,0,,0.0,4,5.3,Monthly,65006490.0,2,1
C01352,30,290000,8700000,5.0,Personal,Small,Normal,0,0,0.0,0,,0.0,0,0.9,Monthly,8700000.0,1,0
C01353,30,295000,8850000,3.0,Personal,Small,Normal,0,0,0.0,0,,0.0,1,2.6,Monthly,8850000.0,1,0
C01354,10,340000,3400000,5.8,Business,Small,Small Business,1,0,0.0,0,,0.0,4,3.3,Annual,3400000.0,1,0
C01355,50,270000,13500000,5.7,Business,Medium,Small Business,1,1,945478.0,0,,0.0,3,3.8,Annual,14445478.0,2,0
C01356,30,335000,10050000,0.4,Personal,Small,Normal,0,0,0.0,0,,0.0,0,3.1,Monthly,10050000.0,1,0
C01357,150,250000,37500000,1.7,Business,Small,Small Business,1,0,0.0,0,,0.0,2,7.9,Monthly,37500000.0,1,0
C01358,20,325000,6500000,7.7,Personal,Small,Normal,0,0,0.0,0,,0.0,4,4.4,Annual,6500000.0,1,0
C01359,200,220000,44000000,3.9,Business,Large,University,2,1,438751.0,0,,0.0,4,9.2,Monthly,44438751.0,2,1
C01360,100,270000,27000000,4.3,Business,Large,Hospital,3,0,0.0,1,Dedicated,19688109.0,4,0.6,Monthly,46688109.0,2,1
C01361,10,320000,3200000,4.9,Personal,Small,Normal,0,1,1531142.0,0,,0.0,2,3.7,Monthly,4731142.0,2,0
C01362,100,250000,25000000,6.9,Business,Medium,Small Business,1,0,0.0,1,VPS,12558324.0,4,4.3,Annual,37558324.0,2,0
C01363,100,260000,26000000,5.8,Government,Large,Government,3,1,1698818.0,1,VPS,5304507.0,13,8.4,Annual,33003325.0,3,0
C01364,10,380000,3800000,4.1,Personal,Small,Normal,0,0,0.0,0,,0.0,2,6.0,Monthly,3800000.0,1,0
C01365,10,370000,3700000,6.5,Business,Small,Small Business,1,0,0.0,0,,0.0,1,5.5,Annual,3700000.0,1,0
C01366,20,360000,7200000,1.9,Personal,Small,Normal,0,0,0.0,0,,0.0,3,6.9,Monthly,7200000.0,1,0
C01367,150,265000,39750000,7.1,Government,Large,Government,3,0,0.0,0,,0.0,6,5.9,Annual,39750000.0,1,0
C01368,10,320000,3200000,6.1,Personal,Small,Normal,0,0,0.0,0,,0.0,0,5.8,Annual,3200000.0,1,0
C01369,200,245000,49000000,9.0,Government,Large,Government,3,1,680038.0,1,Shared,17376162.0,6,7.2,Annual,67056200.0,3,1
C01370,300,235000,70500000,2.4,Business,Small,Small Business,1,0,0.0,1,Dedicated,11136605.0,8,9.0,Monthly,81636605.0,2,1
C01371,50,320000,16000000,4.3,Personal,Small,Normal,0,0,0.0,0,,0.0,1,1.8,Monthly,16000000.0,1,0
C01372,100,300000,30000000,3.9,Business,Large,University,2,1,1658990.0,1,VPS,4199062.0,6,4.1,Monthly,35858052.0,3,0
C01373,20,325000,6500000,5.1,Personal,Small,Normal,0,1,1735296.0,0,,0.0,6,6.6,Monthly,8235296.0,2,0
C01374,50,285000,14250000,9.0,Personal,Small,Normal,0,0,0.0,0,,0.0,0,4.1,Annual,14250000.0,1,0
C01375,20,335000,6700000,4.3,Personal,Small,Normal,0,0,0.0,0,,0.0,0,2.1,Monthly,6700000.0,1,0
C01376,100,290000,29000000,5.0,Business,Large,Enterprise,2,0,0.0,0,,0.0,5,9.3,Monthly,29000000.0,1,0
C01377,100,250000,25000000,2.3,Business,Medium,Small Business,1,0,0.0,0,,0.0,2,5.6,Monthly,25000000.0,1,0
C01378,50,305000,15250000,1.6,Personal,Small,Normal,0,0,0.0,0,,0.0,3,3.5,Monthly,15250000.0,1,0
C01379,30,290000,8700000,3.6,Personal,Small,Normal,0,0,0.0,0,,0.0,1,2.2,Monthly,8700000.0,1,0
C01380,100,295000,29500000,6.3,Government,Large,Government,3,1,1704870.0,1,VPS,7698840.0,5,4.5,Annual,38903710.0,3,0
C01381,10,320000,3200000,5.9,Personal,Small,Normal,0,0,0.0,0,,0.0,1,1.3,Monthly,3200000.0,1,0
C01382,150,255000,38250000,5.7,Business,Large,Enterprise,2,0,0.0,0,,0.0,3,6.5,Annual,38250000.0,1,0
C01383,30,310000,9300000,2.3,Business,Large,University,2,1,802835.0,0,,0.0,6,6.5,Monthly,10102835.0,2,0
C01384,30,295000,8850000,0.9,Personal,Small,Normal,0,0,0.0,0,,0.0,1,0.0,Monthly,8850000.0,1,0
C01385,10,320000,3200000,9.0,Personal,Small,Normal,0,0,0.0,0,,0.0,0,2.3,Annual,3200000.0,1,0
C01386,50,270000,13500000,9.6,Business,Small,Small Business,1,1,1865541.0,0,,0.0,3,7.0,Annual,15365541.0,2,0
C01387,10,355000,3550000,8.5,Personal,Small,Normal,0,0,0.0,0,,0.0,0,3.2,Annual,3550000.0,1,0
C01388,150,275000,41250000,2.9,Business,Medium,Small Business,1,1,1114584.0,0,,0.0,5,3.5,Monthly,42364584.0,2,0
C01389,150,285000,42750000,3.5,Business,Small,Small Business,1,0,0.0,1,VPS,7244803.0,5,8.0,Monthly,49994803.0,2,1
C01390,50,285000,14250000,7.2,Business,Small,Small Business,1,1,591965.0,1,Dedicated,16464456.0,10,8.3,Annual,31306421.0,3,0
C01391,10,330000,3300000,1.4,Personal,Small,Normal,0,0,0.0,0,,0.0,1,0.1,Monthly,3300000.0,1,0
C01392,100,250000,25000000,2.1,Government,Large,Government,3,1,1279392.0,0,,0.0,4,7.8,Monthly,26279392.0,2,0
C01393,200,250000,50000000,4.0,Government,Large,Government,3,1,321279.0,1,Shared,12462046.0,10,6.3,Monthly,62783325.0,3,1
C01394,150,230000,34500000,2.6,Business,Medium,Small Business,1,1,506704.0,0,,0.0,8,8.5,Monthly,35006704.0,2,0
C01395,50,295000,14750000,5.3,Business,Large,Hospital,3,0,0.0,1,Dedicated,17522200.0,9,8.5,Annual,32272200.0,2,0
C01396,300,210000,63000000,2.4,Business,Large,ISP Partner,3,1,1448683.0,1,Dedicated,12290730.0,11,10.4,Monthly,76739413.0,3,1
C01397,20,300000,6000000,2.2,Personal,Small,Normal,0,0,0.0,0,,0.0,0,5.6,Monthly,6000000.0,1,0
C01398,30,290000,8700000,8.1,Business,Small,Small Business,1,0,0.0,0,,0.0,2,4.6,Annual,8700000.0,1,0
C01399,150,230000,34500000,7.2,Business,Medium,Small Business,1,1,1979861.0,0,,0.0,3,6.2,Annual,36479861.0,2,0
C01400,150,235000,35250000,2.2,Government,Large,Government,3,1,852618.0,1,Dedicated,3492189.0,5,3.0,Monthly,39594807.0,3,0
C01401,10,365000,3650000,3.4,Personal,Small,Normal,0,0,0.0,0,,0.0,0,1.5,Monthly,3650000.0,1,0
C01402,10,345000,3450000,7.3,Personal,Small,Normal,0,0,0.0,0,,0.0,3,0.0,Annual,3450000.0,1,0
C01403,30,310000,9300000,3.3,Business,Medium,Small Business,1,0,0.0,0,,0.0,2,3.1,Monthly,9300000.0,1,0
C01404,30,340000,10200000,5.3,Business,Small,Small Business,1,0,0.0,0,,0.0,1,4.9,Annual,10200000.0,1,0
C01405,20,345000,6900000,4.5,Personal,Small,Normal,0,0,0.0,0,,0.0,1,4.3,Monthly,6900000.0,1,0
C01406,150,260000,39000000,1.4,Business,Large,Enterprise,2,0,0.0,1,Shared,5400814.0,3,7.0,Monthly,44400814.0,2,1
C01407,20,330000,6600000,6.0,Personal,Small,Normal,0,0,0.0,0,,0.0,2,3.3,Annual,6600000.0,1,0
C01408,20,300000,6000000,5.8,Personal,Small,Normal,0,0,0.0,0,,0.0,0,4.2,Monthly,6000000.0,1,0
C01409,30,295000,8850000,5.3,Personal,Small,Normal,0,0,0.0,1,VPS,15511009.0,3,3.0,Annual,24361009.0,2,0
C01410,10,370000,3700000,6.0,Personal,Small,Normal,0,0,0.0,0,,0.0,1,6.0,Annual,3700000.0,1,0
C01411,150,240000,36000000,3.7,Business,Large,Enterprise,2,1,1158440.0,0,,0.0,8,7.9,Monthly,37158440.0,2,0
C01412,300,210000,63000000,0.5,Business,Large,ISP Partner,3,1,995913.0,1,Shared,18635417.0,5,4.4,Monthly,82631330.0,3,1
C01413,150,275000,41250000,5.1,Business,Medium,Small Business,1,1,1510339.0,0,,0.0,4,6.0,Annual,42760339.0,2,0
C01414,100,250000,25000000,3.9,Business,Small,Small Business,1,0,0.0,0,,0.0,3,3.6,Monthly,25000000.0,1,0
C01415,150,265000,39750000,8.3,Business,Medium,Small Business,1,1,1949503.0,1,Dedicated,10257904.0,6,4.7,Annual,51957407.0,3,1
C01416,50,270000,13500000,8.1,Personal,Small,Normal,0,0,0.0,0,,0.0,0,1.0,Annual,13500000.0,1,0
C01417,200,235000,47000000,0.8,Business,Medium,Small Business,1,0,0.0,0,,0.0,0,5.1,Monthly,47000000.0,1,1
C01418,10,320000,3200000,6.9,Personal,Small,Normal,0,0,0.0,0,,0.0,0,6.5,Annual,3200000.0,1,0
C01419,50,295000,14750000,4.3,Personal,Small,Normal,0,0,0.0,0,,0.0,2,3.4,Monthly,14750000.0,1,0
C01420,150,230000,34500000,9.8,Business,Medium,Small Business,1,1,1328286.0,1,Shared,6116272.0,8,6.2,Annual,41944558.0,3,0
C01421,200,220000,44000000,1.6,Business,Medium,Small Business,1,0,0.0,0,,0.0,1,2.8,Monthly,44000000.0,1,1
C01422,50,270000,13500000,6.1,Business,Small,Small Business,1,1,1629361.0,0,,0.0,2,0.1,Annual,15129361.0,2,0
C01423,10,320000,3200000,8.3,Personal,Small,Normal,0,0,0.0,0,,0.0,0,3.4,Annual,3200000.0,1,0
C01424,200,230000,46000000,5.7,Business,Large,Enterprise,2,0,0.0,0,,0.0,0,2.4,Annual,46000000.0,1,1
C01425,200,220000,44000000,4.9,Business,Large,Hospital,3,1,1566143.0,1,Shared,18916826.0,6,5.9,Monthly,64482969.0,3,1
C01426,100,265000,26500000,2.4,Business,Large,ISP Partner,3,1,645616.0,1,Shared,19106778.0,9,10.4,Monthly,46252394.0,3,1
C01427,30,305000,9150000,0.8,Personal,Small,Normal,0,0,0.0,0,,0.0,1,3.3,Monthly,9150000.0,1,0
C01428,30,295000,8850000,0.9,Business,Small,Small Business,1,1,593650.0,0,,0.0,5,5.7,Monthly,9443650.0,2,0
C01429,300,220000,66000000,2.6,Business,Large,University,2,1,567281.0,0,,0.0,3,6.1,Monthly,66567281.0,2,1
C01430,20,300000,6000000,9.1,Personal,Small,Normal,0,0,0.0,0,,0.0,0,3.4,Monthly,6000000.0,1,0
C01431,20,310000,6200000,4.0,Personal,Small,Normal,0,0,0.0,0,,0.0,0,0.0,Monthly,6200000.0,1,0
C01432,300,210000,63000000,1.5,Business,Large,ISP Partner,3,1,476966.0,1,Shared,19866429.0,6,4.8,Monthly,83343395.0,3,1
C01433,50,325000,16250000,2.5,Business,Large,Enterprise,2,0,0.0,0,,0.0,2,6.2,Monthly,16250000.0,1,0
C01434,30,295000,8850000,9.3,Personal,Small,Normal,0,0,0.0,0,,0.0,0,1.6,Monthly,8850000.0,1,0
C01435,300,205000,61500000,5.1,Business,Large,University,2,0,0.0,0,,0.0,2,3.4,Annual,61500000.0,1,1
C01436,10,380000,3800000,4.7,Personal,Small,Normal,0,0,0.0,0,,0.0,2,4.5,Monthly,3800000.0,1,0
C01437,10,320000,3200000,9.5,Personal,Small,Normal,0,0,0.0,0,,0.0,0,3.2,Annual,3200000.0,1,0
C01438,30,290000,8700000,9.9,Business,Small,Small Business,1,0,0.0,0,,0.0,4,2.9,Monthly,8700000.0,1,0
C01439,20,340000,6800000,5.1,Personal,Small,Normal,0,1,1948503.0,0,,0.0,3,6.8,Monthly,8748503.0,2,0
C01440,10,320000,3200000,8.7,Personal,Small,Normal,0,0,0.0,0,,0.0,0,2.6,Annual,3200000.0,1,0
C01441,10,320000,3200000,2.8,Personal,Small,Normal,0,0,0.0,0,,0.0,0,2.1,Monthly,3200000.0,1,0
C01442,200,235000,47000000,8.4,Business,Small,Small Business,1,1,752791.0,1,Shared,3600444.0,7,5.0,Annual,51353235.0,3,1
C01443,20,300000,6000000,4.5,Personal,Small,Normal,0,0,0.0,0,,0.0,1,4.8,Monthly,6000000.0,1,0
C01444,20,350000,7000000,4.1,Personal,Small,Normal,0,0,0.0,0,,0.0,1,6.4,Monthly,7000000.0,1,0
C01445,150,230000,34500000,8.9,Business,Medium,Small Business,1,1,1395391.0,0,,0.0,4,4.2,Annual,35895391.0,2,0
C01446,30,290000,8700000,8.1,Personal,Small,Normal,0,0,0.0,0,,0.0,0,0.0,Annual,8700000.0,1,0
C01447,10,365000,3650000,2.6,Business,Small,Small Business,1,0,0.0,1,Dedicated,13257591.0,10,8.4,Monthly,16907591.0,2,0
C01448,10,350000,3500000,9.8,Personal,Small,Normal,0,0,0.0,0,,0.0,0,4.3,Monthly,3500000.0,1,0
C01449,10,355000,3550000,2.8,Personal,Small,Normal,0,0,0.0,0,,0.0,3,2.6,Monthly,3550000.0,1,0
C01450,10,320000,3200000,2.1,Personal,Small,Normal,0,0,0.0,0,,0.0,3,4.5,Monthly,3200000.0,1,0
C01451,10,320000,3200000,8.1,Business,Large,ISP Partner,3,1,640062.0,1,VPS,2808967.0,7,5.4,Annual,6649029.0,3,0
C01452,30,295000,8850000,4.9,Personal,Small,Normal,0,1,920765.0,0,,0.0,2,5.4,Monthly,9770765.0,2,0
C01453,10,345000,3450000,0.8,Personal,Small,Normal,0,0,0.0,0,,0.0,0,1.4,Monthly,3450000.0,1,0
C01454,30,290000,8700000,9.0,Business,Small,Small Business,1,0,0.0,0,,0.0,3,4.1,Monthly,8700000.0,1,0
C01455,300,200000,60000000,9.2,Business,Small,Small Business,1,0,0.0,0,,0.0,0,1.8,Annual,60000000.0,1,1
C01456,100,250000,25000000,4.4,Business,Small,Small Business,1,0,0.0,0,,0.0,0,0.9,Monthly,25000000.0,1,0
C01457,10,350000,3500000,3.8,Personal,Small,Normal,0,0,0.0,0,,0.0,2,8.6,Monthly,3500000.0,1,0
C01458,10,320000,3200000,6.4,Personal,Small,Normal,0,0,0.0,0,,0.0,0,5.1,Annual,3200000.0,1,0
C01459,10,320000,3200000,8.6,Personal,Small,Normal,0,0,0.0,0,,0.0,0,3.6,Annual,3200000.0,1,0
C01460,20,365000,7300000,1.3,Personal,Small,Normal,0,0,0.0,0,,0.0,0,2.2,Monthly,7300000.0,1,0
C01461,20,305000,6100000,0.5,Personal,Small,Normal,0,0,0.0,0,,0.0,2,3.4,Monthly,6100000.0,1,0
C01462,10,330000,3300000,4.1,Personal,Small,Normal,0,0,0.0,0,,0.0,4,4.9,Monthly,3300000.0,1,0
C01463,150,230000,34500000,6.6,Business,Small,Small Business,1,1,1416506.0,0,,0.0,4,3.5,Monthly,35916506.0,2,0
C01464,300,205000,61500000,2.5,Business,Large,University,2,1,610249.0,0,,0.0,3,3.2,Monthly,62110249.0,2,1
C01465,200,220000,44000000,4.3,Business,Large,Hospital,3,1,808761.0,1,Dedicated,8680705.0,6,2.7,Monthly,53489466.0,3,1
C01466,20,320000,6400000,1.7,Personal,Small,Normal,0,0,0.0,0,,0.0,0,0.0,Monthly,6400000.0,1,0
C01467,10,320000,3200000,8.3,Personal,Small,Normal,0,1,1037156.0,0,,0.0,3,3.9,Monthly,4237156.0,2,0
C01468,300,205000,61500000,4.0,Business,Large,University,2,1,498085.0,0,,0.0,7,8.7,Monthly,61998085.0,2,1
C01469,10,350000,3500000,5.5,Personal,Small,Normal,0,1,1381470.0,0,,0.0,2,5.7,Monthly,4881470.0,2,0
C01470,30,330000,9900000,1.3,Personal,Small,Normal,0,0,0.0,0,,0.0,1,2.5,Monthly,9900000.0,1,0
C01471,10,395000,3950000,0.2,Personal,Small,Normal,0,0,0.0,0,,0.0,4,8.8,Monthly,3950000.0,1,0
C01472,10,340000,3400000,3.5,Personal,Small,Normal,0,0,0.0,0,,0.0,1,2.4,Monthly,3400000.0,1,0
C01473,30,305000,9150000,0.3,Business,Small,Small Business,1,0,0.0,0,,0.0,1,1.7,Monthly,9150000.0,1,0
C01474,30,290000,8700000,6.0,Business,Large,University,2,0,0.0,0,,0.0,1,4.6,Monthly,8700000.0,1,0
C01475,20,300000,6000000,8.9,Personal,Small,Normal,0,0,0.0,0,,0.0,0,3.3,Monthly,6000000.0,1,0
C01476,200,245000,49000000,4.5,Business,Large,Hospital,3,1,1323855.0,1,VPS,12115559.0,11,8.3,Monthly,62439414.0,3,1
C01477,10,320000,3200000,6.1,Personal,Small,Normal,0,0,0.0,0,,0.0,0,3.8,Annual,3200000.0,1,0
C01478,150,235000,35250000,4.5,Business,Large,University,2,0,0.0,0,,0.0,2,5.9,Monthly,35250000.0,1,0
C01479,200,245000,49000000,8.2,Government,Large,Government,3,1,1504445.0,1,VPS,17277446.0,10,8.5,Annual,67781891.0,3,1
C01480,150,255000,38250000,7.4,Business,Medium,Small Business,1,0,0.0,0,,0.0,0,5.9,Annual,38250000.0,1,0
C01481,30,290000,8700000,6.3,Business,Large,University,2,0,0.0,0,,0.0,7,6.4,Annual,8700000.0,1,0
C01482,300,200000,60000000,9.3,Government,Large,Government,3,1,1295118.0,1,Shared,17816274.0,7,8.2,Monthly,79111392.0,3,1
C01483,150,270000,40500000,3.8,Business,Large,ISP Partner,3,1,662391.0,1,Shared,16652610.0,7,9.2,Monthly,57815001.0,3,1
C01484,50,305000,15250000,6.6,Business,Medium,Small Business,1,0,0.0,1,Shared,7731534.0,6,5.5,Annual,22981534.0,2,0
C01485,200,220000,44000000,9.0,Business,Medium,Small Business,1,1,1955938.0,0,,0.0,3,3.9,Annual,45955938.0,2,1
C01486,300,230000,69000000,2.1,Business,Small,Small Business,1,0,0.0,0,,0.0,4,7.3,Monthly,69000000.0,1,1
C01487,10,355000,3550000,2.1,Personal,Small,Normal,0,0,0.0,0,,0.0,1,3.1,Monthly,3550000.0,1,0
C01488,10,320000,3200000,8.5,Personal,Small,Normal,0,0,0.0,0,,0.0,3,7.1,Annual,3200000.0,1,0
C01489,300,245000,73500000,2.0,Business,Small,Small Business,1,1,319618.0,0,,0.0,8,7.4,Monthly,73819618.0,2,1
C01490,20,315000,6300000,1.6,Personal,Small,Normal,0,0,0.0,0,,0.0,3,3.2,Monthly,6300000.0,1,0
C01491,50,315000,15750000,3.8,Personal,Small,Normal,0,0,0.0,0,,0.0,0,6.2,Monthly,15750000.0,1,0
C01492,10,355000,3550000,4.6,Personal,Small,Normal,0,0,0.0,0,,0.0,3,4.1,Monthly,3550000.0,1,0
C01493,10,340000,3400000,6.5,Business,Medium,Small Business,1,1,1782262.0,0,,0.0,6,7.0,Monthly,5182262.0,2,0
C01494,100,260000,26000000,8.4,Business,Medium,Small Business,1,0,0.0,0,,0.0,5,4.2,Annual,26000000.0,1,0
C01495,100,250000,25000000,6.5,Business,Large,ISP Partner,3,1,1322040.0,1,VPS,7438126.0,8,8.6,Annual,33760166.0,3,0
C01496,100,280000,28000000,2.4,Business,Large,University,2,0,0.0,0,,0.0,3,3.0,Monthly,28000000.0,1,0
C01497,200,220000,44000000,6.7,Business,Large,ISP Partner,3,1,1862508.0,0,,0.0,5,6.6,Monthly,45862508.0,2,1
C01498,200,235000,47000000,8.1,Business,Medium,Small Business,1,0,0.0,1,VPS,10927130.0,8,3.1,Annual,57927130.0,2,1
C01499,150,270000,40500000,3.7,Business,Large,University,2,1,1981118.0,0,,0.0,5,7.0,Monthly,42481118.0,2,0
C01500,10,355000,3550000,0.2,Personal,Small,Normal,0,0,0.0,0,,0.0,0,3.1,Monthly,3550000.0,1,0
C01501,10,320000,3200000,8.7,Business,Medium,Small Business,1,0,0.0,0,,0.0,3,7.2,Annual,3200000.0,1,0
C01502,10,320000,3200000,2.9,Business,Large,Enterprise,2,0,0.0,1,Shared,9815845.0,8,8.9,Monthly,13015845.0,2,0
C01503,30,290000,8700000,9.0,Personal,Small,Normal,0,0,0.0,0,,0.0,1,5.7,Annual,8700000.0,1,0
C01504,10,335000,3350000,5.8,Personal,Small,Normal,0,0,0.0,1,Shared,19698464.0,3,1.6,Annual,23048464.0,2,0
C01505,100,250000,25000000,5.1,Business,Large,Hospital,3,1,1549427.0,1,Dedicated,6625079.0,9,9.9,Annual,33174506.0,3,0
C01506,20,300000,6000000,7.7,Personal,Small,Normal,0,0,0.0,0,,0.0,1,8.1,Annual,6000000.0,1,0
C01507,200,245000,49000000,8.4,Business,Small,Small Business,1,0,0.0,1,Dedicated,11664499.0,5,10.6,Annual,60664499.0,2,1
C01508,10,335000,3350000,1.2,Personal,Small,Normal,0,0,0.0,0,,0.0,0,3.1,Monthly,3350000.0,1,0
C01509,150,260000,39000000,9.0,Business,Large,University,2,0,0.0,0,,0.0,3,8.0,Annual,39000000.0,1,0
C01510,150,230000,34500000,4.3,Government,Large,Government,3,1,1246976.0,0,,0.0,6,6.1,Monthly,35746976.0,2,0
C01511,30,325000,9750000,1.9,Personal,Small,Normal,0,0,0.0,0,,0.0,0,3.4,Monthly,9750000.0,1,0
C01512,150,280000,42000000,2.0,Business,Medium,Small Business,1,1,1051235.0,0,,0.0,7,10.4,Monthly,43051235.0,2,0
C01513,30,300000,9000000,7.5,Personal,Small,Normal,0,0,0.0,0,,0.0,0,1.1,Annual,9000000.0,1,0
C01514,200,235000,47000000,6.3,Business,Large,Enterprise,2,0,0.0,0,,0.0,1,3.0,Annual,47000000.0,1,1
C01515,100,265000,26500000,4.5,Government,Large,Government,3,1,857278.0,1,Shared,15245089.0,5,5.8,Monthly,42602367.0,3,0
C01516,150,230000,34500000,8.1,Government,Large,Government,3,1,1446249.0,0,,0.0,6,5.5,Monthly,35946249.0,2,0
C01517,150,260000,39000000,6.0,Business,Large,Enterprise,2,0,0.0,0,,0.0,1,4.4,Annual,39000000.0,1,0
C01518,30,305000,9150000,1.5,Personal,Small,Normal,0,0,0.0,0,,0.0,3,5.3,Monthly,9150000.0,1,0
C01519,30,320000,9600000,6.5,Business,Large,Enterprise,2,1,1897736.0,0,,0.0,4,7.0,Monthly,11497736.0,2,0
C01520,10,365000,3650000,7.0,Personal,Small,Normal,0,0,0.0,0,,0.0,0,2.4,Annual,3650000.0,1,0
C01521,20,315000,6300000,1.4,Personal,Small,Normal,0,0,0.0,0,,0.0,0,1.6,Monthly,6300000.0,1,0
C01522,10,325000,3250000,8.7,Personal,Small,Normal,0,0,0.0,0,,0.0,3,1.1,Annual,3250000.0,1,0
C01523,10,320000,3200000,9.6,Personal,Small,Normal,0,0,0.0,0,,0.0,1,0.3,Annual,3200000.0,1,0
C01524,10,320000,3200000,4.7,Personal,Small,Normal,0,0,0.0,0,,0.0,0,1.7,Monthly,3200000.0,1,0
C01525,10,320000,3200000,8.1,Personal,Small,Normal,0,0,0.0,0,,0.0,2,5.1,Annual,3200000.0,1,0
C01526,300,230000,69000000,7.1,Government,Large,Government,3,1,1153299.0,1,Dedicated,18171769.0,10,10.2,Annual,88325068.0,3,1
C01527,100,295000,29500000,3.6,Government,Large,Government,3,0,0.0,0,,0.0,0,4.7,Monthly,29500000.0,1,0
C01528,100,315000,31500000,0.5,Business,Medium,Small Business,1,0,0.0,0,,0.0,2,4.7,Monthly,31500000.0,1,0
C01529,20,300000,6000000,8.7,Personal,Small,Normal,0,0,0.0,0,,0.0,4,4.4,Annual,6000000.0,1,0
C01530,20,300000,6000000,3.8,Personal,Small,Normal,0,0,0.0,0,,0.0,0,1.7,Monthly,6000000.0,1,0
C01531,100,285000,28500000,9.3,Business,Medium,Small Business,1,0,0.0,0,,0.0,4,7.2,Annual,28500000.0,1,0
C01532,10,325000,3250000,7.5,Personal,Small,Normal,0,0,0.0,0,,0.0,0,3.5,Annual,3250000.0,1,0
C01533,300,200000,60000000,5.1,Government,Large,Government,3,1,1156533.0,1,VPS,14951757.0,9,5.7,Annual,76108290.0,3,1
C01534,100,290000,29000000,4.7,Business,Large,Hospital,3,1,1032966.0,1,VPS,4752406.0,5,7.0,Monthly,34785372.0,3,0
C01535,100,290000,29000000,2.4,Business,Large,Hospital,3,1,892333.0,1,VPS,18000148.0,7,3.7,Monthly,47892481.0,3,1
C01536,10,365000,3650000,2.2,Personal,Small,Normal,0,0,0.0,0,,0.0,1,3.8,Monthly,3650000.0,1,0
C01537,200,265000,53000000,0.6,Business,Medium,Small Business,1,0,0.0,0,,0.0,3,6.8,Monthly,53000000.0,1,1
C01538,10,365000,3650000,7.2,Personal,Small,Normal,0,0,0.0,0,,0.0,1,0.9,Monthly,3650000.0,1,0
C01539,30,290000,8700000,4.0,Business,Small,Small Business,1,0,0.0,0,,0.0,2,5.2,Monthly,8700000.0,1,0
C01540,300,230000,69000000,3.7,Government,Large,Government,3,1,687943.0,1,VPS,9786552.0,6,6.8,Monthly,79474495.0,3,1
C01541,10,335000,3350000,5.4,Personal,Small,Normal,0,0,0.0,0,,0.0,3,4.9,Monthly,3350000.0,1,0
C01542,30,335000,10050000,1.0,Personal,Small,Normal,0,0,0.0,0,,0.0,0,2.4,Monthly,10050000.0,1,0
C01543,10,380000,3800000,1.1,Personal,Small,Normal,0,0,0.0,0,,0.0,0,0.0,Monthly,3800000.0,1,0
C01544,150,240000,36000000,4.0,Business,Large,University,2,1,810840.0,0,,0.0,4,3.0,Monthly,36810840.0,2,0
C01545,10,370000,3700000,6.3,Personal,Small,Normal,0,0,0.0,0,,0.0,0,4.5,Annual,3700000.0,1,0
C01546,300,200000,60000000,5.9,Business,Large,Enterprise,2,1,825141.0,0,,0.0,7,7.7,Annual,60825141.0,2,1
C01547,30,290000,8700000,5.8,Personal,Small,Normal,0,0,0.0,0,,0.0,3,5.3,Monthly,8700000.0,1,0
C01548,50,270000,13500000,9.4,Personal,Small,Normal,0,0,0.0,0,,0.0,3,6.7,Annual,13500000.0,1,0
C01549,150,230000,34500000,2.3,Business,Large,ISP Partner,3,1,954716.0,1,VPS,7289933.0,9,10.1,Monthly,42744649.0,3,0
C01550,300,235000,70500000,2.4,Business,Large,ISP Partner,3,1,966747.0,0,,0.0,2,8.4,Monthly,71466747.0,2,1
C01551,50,270000,13500000,5.2,Personal,Small,Normal,0,0,0.0,0,,0.0,0,6.3,Monthly,13500000.0,1,0
C01552,150,235000,35250000,6.0,Business,Medium,Small Business,1,1,1981992.0,0,,0.0,2,5.1,Annual,37231992.0,2,0
C01553,20,305000,6100000,8.2,Personal,Small,Normal,0,0,0.0,0,,0.0,0,5.7,Annual,6100000.0,1,0
C01554,10,320000,3200000,7.0,Personal,Small,Normal,0,0,0.0,0,,0.0,2,4.9,Monthly,3200000.0,1,0
C01555,200,245000,49000000,4.6,Government,Large,Government,3,1,1780934.0,0,,0.0,5,5.2,Monthly,50780934.0,2,1
C01556,20,300000,6000000,8.9,Personal,Small,Normal,0,0,0.0,0,,0.0,0,3.8,Annual,6000000.0,1,0
C01557,10,350000,3500000,6.1,Personal,Small,Normal,0,0,0.0,0,,0.0,2,4.9,Annual,3500000.0,1,0
C01558,150,265000,39750000,1.5,Business,Small,Small Business,1,1,1431493.0,0,,0.0,6,4.5,Monthly,41181493.0,2,0
C01559,10,380000,3800000,2.5,Personal,Small,Normal,0,0,0.0,0,,0.0,5,5.8,Monthly,3800000.0,1,0
C01560,50,300000,15000000,6.0,Personal,Small,Normal,0,0,0.0,0,,0.0,0,2.1,Annual,15000000.0,1,0
C01561,10,340000,3400000,3.5,Personal,Small,Normal,0,0,0.0,0,,0.0,3,5.4,Monthly,3400000.0,1,0
C01562,10,370000,3700000,8.0,Personal,Small,Normal,0,0,0.0,0,,0.0,2,2.3,Annual,3700000.0,1,0
C01563,200,220000,44000000,9.2,Business,Small,Small Business,1,1,1335565.0,0,,0.0,3,6.4,Annual,45335565.0,2,1
C01564,20,325000,6500000,2.1,Personal,Small,Normal,0,0,0.0,0,,0.0,2,2.6,Monthly,6500000.0,1,0
C01565,10,360000,3600000,8.7,Personal,Small,Normal,0,0,0.0,0,,0.0,1,1.7,Monthly,3600000.0,1,0
C01566,30,345000,10350000,2.0,Personal,Small,Normal,0,0,0.0,0,,0.0,0,0.3,Monthly,10350000.0,1,0
C01567,300,200000,60000000,9.9,Business,Small,Small Business,1,1,1956006.0,0,,0.0,4,7.5,Annual,61956006.0,2,1
C01568,10,335000,3350000,2.7,Personal,Small,Normal,0,0,0.0,0,,0.0,1,2.5,Monthly,3350000.0,1,0
C01569,30,335000,10050000,4.7,Business,Large,ISP Partner,3,1,1716757.0,1,Dedicated,5624424.0,8,6.9,Monthly,17391181.0,3,0
C01570,100,295000,29500000,1.5,Business,Small,Small Business,1,0,0.0,0,,0.0,7,8.4,Monthly,29500000.0,1,0
C01571,30,290000,8700000,4.7,Personal,Small,Normal,0,0,0.0,0,,0.0,0,1.3,Monthly,8700000.0,1,0
C01572,10,320000,3200000,8.6,Personal,Small,Normal,0,0,0.0,0,,0.0,0,2.9,Annual,3200000.0,1,0
C01573,100,285000,28500000,9.4,Business,Large,Enterprise,2,1,1423758.0,1,VPS,2313512.0,6,3.4,Annual,32237270.0,3,0
C01574,50,270000,13500000,3.6,Personal,Small,Normal,0,0,0.0,0,,0.0,0,2.4,Monthly,13500000.0,1,0
C01575,100,290000,29000000,3.3,Business,Medium,Small Business,1,0,0.0,0,,0.0,5,5.4,Monthly,29000000.0,1,0
C01576,200,220000,44000000,5.5,Government,Large,Government,3,1,856489.0,1,VPS,11302137.0,11,14.4,Monthly,56158626.0,3,1
C01577,30,290000,8700000,6.1,Business,Small,Small Business,1,1,503867.0,0,,0.0,5,4.4,Annual,9203867.0,2,0
C01578,10,345000,3450000,5.3,Personal,Small,Normal,0,0,0.0,0,,0.0,3,6.2,Annual,3450000.0,1,0
C01579,10,350000,3500000,6.5,Personal,Small,Normal,0,0,0.0,0,,0.0,0,1.6,Monthly,3500000.0,1,0
C01580,150,285000,42750000,2.7,Government,Large,Government,3,1,594308.0,0,,0.0,8,8.4,Monthly,43344308.0,2,0
C01581,30,325000,9750000,5.6,Personal,Small,Normal,0,0,0.0,0,,0.0,2,4.0,Monthly,9750000.0,1,0
C01582,150,230000,34500000,7.9,Business,Small,Small Business,1,1,821276.0,0,,0.0,4,3.5,Annual,35321276.0,2,0
C01583,20,310000,6200000,2.1,Personal,Small,Normal,0,0,0.0,0,,0.0,0,2.1,Monthly,6200000.0,1,0
C01584,150,240000,36000000,3.0,Business,Medium,Small Business,1,0,0.0,0,,0.0,5,4.7,Monthly,36000000.0,1,0
C01585,200,220000,44000000,6.4,Business,Large,ISP Partner,3,1,797109.0,0,,0.0,4,3.6,Monthly,44797109.0,2,1
C01586,10,320000,3200000,8.0,Personal,Small,Normal,0,0,0.0,0,,0.0,2,0.6,Annual,3200000.0,1,0
C01587,200,220000,44000000,5.1,Business,Large,Hospital,3,1,1077366.0,0,,0.0,2,2.3,Annual,45077366.0,2,1
C01588,300,200000,60000000,9.8,Business,Large,University,2,0,0.0,1,Dedicated,4756719.0,5,3.5,Annual,64756719.0,2,1
C01589,20,345000,6900000,7.9,Personal,Small,Normal,0,0,0.0,0,,0.0,4,8.3,Annual,6900000.0,1,0
C01590,150,265000,39750000,2.5,Business,Large,ISP Partner,3,1,1780060.0,0,,0.0,6,4.5,Monthly,41530060.0,2,0
C01591,10,320000,3200000,1.8,Personal,Small,Normal,0,0,0.0,0,,0.0,2,4.8,Monthly,3200000.0,1,0
C01592,10,375000,3750000,3.4,Personal,Small,Normal,0,0,0.0,0,,0.0,0,4.7,Monthly,3750000.0,1,0
C01593,100,280000,28000000,1.0,Business,Large,ISP Partner,3,1,1928060.0,1,Shared,18489000.0,9,5.9,Monthly,48417060.0,3,1
C01594,20,325000,6500000,7.3,Personal,Small,Normal,0,0,0.0,0,,0.0,3,4.3,Annual,6500000.0,1,0
C01595,10,335000,3350000,0.7,Personal,Small,Normal,0,0,0.0,0,,0.0,1,5.0,Monthly,3350000.0,1,0
C01596,20,300000,6000000,1.7,Personal,Small,Normal,0,0,0.0,0,,0.0,1,5.4,Monthly,6000000.0,1,0
C01597,30,300000,9000000,3.6,Personal,Small,Normal,0,0,0.0,0,,0.0,0,4.5,Monthly,9000000.0,1,0
C01598,50,270000,13500000,5.1,Business,Large,Enterprise,2,1,1788203.0,1,VPS,18679067.0,5,5.5,Annual,33967270.0,3,0
C01599,300,205000,61500000,1.5,Government,Large,Government,3,1,536921.0,1,VPS,14612893.0,7,5.9,Monthly,76649814.0,3,1
C01600,150,230000,34500000,4.0,Business,Small,Small Business,1,0,0.0,0,,0.0,0,2.2,Monthly,34500000.0,1,0
C01601,300,205000,61500000,4.4,Business,Large,ISP Partner,3,1,587244.0,0,,0.0,4,6.4,Monthly,62087244.0,2,1
C01602,200,230000,46000000,0.2,Business,Small,Small Business,1,0,0.0,0,,0.0,3,3.5,Monthly,46000000.0,1,1
C01603,50,285000,14250000,9.8,Personal,Small,Normal,0,0,0.0,0,,0.0,0,0.0,Annual,14250000.0,1,0
C01604,100,250000,25000000,6.1,Business,Small,Small Business,1,1,1940211.0,0,,0.0,3,3.3,Annual,26940211.0,2,0
C01605,300,225000,67500000,1.0,Business,Medium,Small Business,1,1,773527.0,0,,0.0,4,2.4,Monthly,68273527.0,2,1
C01606,30,290000,8700000,4.3,Business,Large,ISP Partner,3,1,961846.0,1,Shared,3706392.0,5,8.0,Monthly,13368238.0,3,0
C01607,10,360000,3600000,9.8,Personal,Small,Normal,0,0,0.0,0,,0.0,0,5.8,Monthly,3600000.0,1,0
C01608,20,305000,6100000,4.8,Business,Medium,Small Business,1,0,0.0,0,,0.0,0,2.8,Monthly,6100000.0,1,0
C01609,10,355000,3550000,9.9,Personal,Small,Normal,0,1,1525749.0,0,,0.0,2,2.6,Monthly,5075749.0,2,0
C01610,300,255000,76500000,0.5,Government,Large,Government,3,1,1834391.0,1,Dedicated,14463173.0,5,5.2,Monthly,92797564.0,3,1
C01611,100,265000,26500000,4.5,Government,Large,Government,3,1,811946.0,1,Shared,15412080.0,8,4.7,Monthly,42724026.0,3,0
C01612,30,290000,8700000,5.0,Personal,Small,Normal,0,0,0.0,0,,0.0,0,1.2,Monthly,8700000.0,1,0
C01613,30,290000,8700000,3.3,Business,Small,Small Business,1,0,0.0,0,,0.0,2,0.6,Monthly,8700000.0,1,0
C01614,20,305000,6100000,1.5,Business,Small,Small Business,1,1,1084748.0,0,,0.0,6,5.5,Monthly,7184748.0,2,0
C01615,20,350000,7000000,7.2,Personal,Small,Normal,0,0,0.0,0,,0.0,2,3.0,Monthly,7000000.0,1,0
C01616,20,345000,6900000,5.5,Personal,Small,Normal,0,0,0.0,0,,0.0,0,3.0,Annual,6900000.0,1,0
C01617,100,270000,27000000,2.0,Business,Small,Small Business,1,1,1422723.0,0,,0.0,3,1.6,Monthly,28422723.0,2,0
C01618,300,235000,70500000,2.0,Business,Large,Hospital,3,1,1337096.0,0,,0.0,5,2.6,Monthly,71837096.0,2,1
C01619,150,230000,34500000,5.0,Business,Small,Small Business,1,1,1875167.0,0,,0.0,3,4.7,Monthly,36375167.0,2,0
C01620,20,330000,6600000,0.3,Personal,Small,Normal,0,0,0.0,0,,0.0,0,1.8,Monthly,6600000.0,1,0
C01621,200,235000,47000000,0.6,Government,Large,Government,3,1,429064.0,1,VPS,4008785.0,8,11.7,Monthly,51437849.0,3,1
C01622,100,250000,25000000,7.0,Business,Small,Small Business,1,1,431529.0,0,,0.0,4,4.3,Annual,25431529.0,2,0
C01623,10,325000,3250000,0.7,Personal,Small,Normal,0,0,0.0,0,,0.0,0,4.2,Monthly,3250000.0,1,0
C01624,30,290000,8700000,3.4,Business,Small,Small Business,1,1,1171037.0,0,,0.0,8,5.6,Monthly,9871037.0,2,0
C01625,200,225000,45000000,6.0,Government,Large,Government,3,1,1045353.0,1,Shared,14628845.0,8,9.1,Monthly,60674198.0,3,1
C01626,20,300000,6000000,7.9,Personal,Small,Normal,0,0,0.0,0,,0.0,0,3.0,Annual,6000000.0,1,0
C01627,30,310000,9300000,1.0,Business,Large,ISP Partner,3,1,906361.0,1,VPS,12989407.0,9,5.8,Monthly,23195768.0,3,0
C01628,50,300000,15000000,9.8,Business,Small,Small Business,1,0,0.0,0,,0.0,0,1.3,Annual,15000000.0,1,0
C01629,100,290000,29000000,5.5,Business,Medium,Small Business,1,0,0.0,1,Shared,2218480.0,7,8.8,Annual,31218480.0,2,0
C01630,150,230000,34500000,1.9,Business,Medium,Small Business,1,0,0.0,0,,0.0,2,4.5,Monthly,34500000.0,1,0
C01631,30,330000,9900000,4.8,Business,Medium,Small Business,1,1,1984191.0,0,,0.0,3,2.3,Monthly,11884191.0,2,0
C01632,20,300000,6000000,5.5,Personal,Small,Normal,0,0,0.0,0,,0.0,1,4.4,Annual,6000000.0,1,0
C01633,200,220000,44000000,10.0,Business,Large,ISP Partner,3,1,1743437.0,1,Shared,6459182.0,5,8.0,Annual,52202619.0,3,1
C01634,10,320000,3200000,3.7,Business,Medium,Small Business,1,1,745878.0,0,,0.0,7,9.3,Monthly,3945878.0,2,0
C01635,100,280000,28000000,5.0,Business,Small,Small Business,1,0,0.0,0,,0.0,0,6.3,Monthly,28000000.0,1,0
C01636,10,370000,3700000,6.6,Personal,Small,Normal,0,0,0.0,0,,0.0,5,6.8,Annual,3700000.0,1,0
C01637,30,290000,8700000,7.7,Business,Large,Enterprise,2,1,685824.0,0,,0.0,2,4.3,Annual,9385824.0,2,0
C01638,30,290000,8700000,7.9,Personal,Small,Normal,0,0,0.0,0,,0.0,0,2.3,Annual,8700000.0,1,0
C01639,30,300000,9000000,4.2,Personal,Small,Normal,0,0,0.0,0,,0.0,2,4.7,Monthly,9000000.0,1,0
C01640,20,335000,6700000,1.0,Personal,Small,Normal,0,0,0.0,0,,0.0,2,4.8,Monthly,6700000.0,1,0
C01641,50,300000,15000000,5.5,Personal,Small,Normal,0,0,0.0,0,,0.0,0,3.2,Monthly,15000000.0,1,0
C01642,10,330000,3300000,2.8,Personal,Small,Normal,0,0,0.0,0,,0.0,3,8.7,Monthly,3300000.0,1,0
C01643,100,265000,26500000,5.9,Government,Large,Government,3,1,1965636.0,1,VPS,8030819.0,11,9.2,Annual,36496455.0,3,0
C01644,50,270000,13500000,9.1,Personal,Small,Normal,0,0,0.0,0,,0.0,0,4.6,Annual,13500000.0,1,0
C01645,150,250000,37500000,6.8,Business,Medium,Small Business,1,0,0.0,0,,0.0,4,7.3,Annual,37500000.0,1,0
C01646,50,270000,13500000,5.0,Business,Large,University,2,0,0.0,0,,0.0,2,1.1,Monthly,13500000.0,1,0
C01647,300,240000,72000000,4.5,Government,Large,Government,3,0,0.0,1,Shared,3526276.0,3,4.7,Monthly,75526276.0,2,1
C01648,20,310000,6200000,7.1,Personal,Small,Normal,0,0,0.0,0,,0.0,0,2.9,Annual,6200000.0,1,0
C01649,10,350000,3500000,3.8,Personal,Small,Normal,0,0,0.0,0,,0.0,0,4.7,Monthly,3500000.0,1,0
C01650,20,300000,6000000,3.6,Personal,Small,Normal,0,1,1455375.0,0,,0.0,2,2.0,Monthly,7455375.0,2,0
C01651,50,270000,13500000,7.6,Business,Medium,Small Business,1,0,0.0,1,VPS,18266144.0,8,8.9,Annual,31766144.0,2,0
C01652,300,200000,60000000,2.4,Business,Large,ISP Partner,3,1,1954511.0,1,VPS,9206376.0,8,6.8,Monthly,71160887.0,3,1
C01653,300,205000,61500000,4.8,Business,Large,Enterprise,2,0,0.0,0,,0.0,0,0.8,Monthly,61500000.0,1,1
C01654,20,300000,6000000,3.8,Personal,Small,Normal,0,0,0.0,0,,0.0,0,3.3,Monthly,6000000.0,1,0
C01655,150,230000,34500000,9.1,Business,Medium,Small Business,1,0,0.0,0,,0.0,0,2.7,Monthly,34500000.0,1,0
C01656,10,350000,3500000,9.5,Personal,Small,Normal,0,0,0.0,0,,0.0,0,6.4,Annual,3500000.0,1,0
C01657,10,350000,3500000,8.7,Personal,Small,Normal,0,0,0.0,0,,0.0,0,4.9,Annual,3500000.0,1,0
C01658,150,230000,34500000,5.6,Business,Large,ISP Partner,3,1,1906390.0,1,Shared,11173675.0,5,7.0,Annual,47580065.0,3,1
C01659,20,335000,6700000,7.0,Personal,Small,Normal,0,0,0.0,0,,0.0,1,3.4,Annual,6700000.0,1,0
C01660,50,270000,13500000,9.4,Personal,Small,Normal,0,0,0.0,0,,0.0,0,3.5,Annual,13500000.0,1,0
C01661,20,350000,7000000,7.5,Personal,Small,Normal,0,0,0.0,0,,0.0,0,2.7,Monthly,7000000.0,1,0
C01662,150,255000,38250000,5.3,Business,Small,Small Business,1,0,0.0,0,,0.0,6,6.6,Monthly,38250000.0,1,0
C01663,30,315000,9450000,1.3,Business,Medium,Small Business,1,1,1763980.0,0,,0.0,4,6.1,Monthly,11213980.0,2,0
C01664,10,325000,3250000,4.6,Personal,Small,Normal,0,0,0.0,0,,0.0,2,5.2,Monthly,3250000.0,1,0
C01665,10,330000,3300000,0.4,Personal,Small,Normal,0,0,0.0,0,,0.0,0,2.6,Monthly,3300000.0,1,0
C01666,30,300000,9000000,1.4,Personal,Small,Normal,0,0,0.0,0,,0.0,1,4.7,Monthly,9000000.0,1,0
C01667,50,300000,15000000,0.6,Personal,Small,Normal,0,0,0.0,0,,0.0,1,5.1,Monthly,15000000.0,1,0
C01668,30,345000,10350000,1.1,Personal,Small,Normal,0,0,0.0,0,,0.0,0,4.5,Monthly,10350000.0,1,0
C01669,150,230000,34500000,5.1,Business,Large,ISP Partner,3,1,1335691.0,1,Dedicated,15978860.0,6,8.4,Annual,51814551.0,3,1
C01670,10,320000,3200000,6.2,Personal,Small,Normal,0,0,0.0,0,,0.0,0,4.9,Annual,3200000.0,1,0
C01671,200,240000,48000000,1.1,Government,Large,Government,3,1,971945.0,1,VPS,10378549.0,10,10.5,Monthly,59350494.0,3,1
C01672,20,340000,6800000,7.6,Personal,Small,Normal,0,0,0.0,0,,0.0,0,5.6,Annual,6800000.0,1,0
C01673,50,270000,13500000,2.4,Personal,Small,Normal,0,0,0.0,0,,0.0,1,6.1,Monthly,13500000.0,1,0
C01674,150,280000,42000000,0.7,Business,Large,University,2,1,1753464.0,0,,0.0,3,3.5,Monthly,43753464.0,2,0
C01675,20,305000,6100000,3.5,Personal,Small,Normal,0,0,0.0,0,,0.0,3,5.5,Monthly,6100000.0,1,0
C01676,100,275000,27500000,4.2,Business,Medium,Small Business,1,0,0.0,0,,0.0,0,0.5,Monthly,27500000.0,1,0
C01677,100,265000,26500000,9.5,Business,Medium,Small Business,1,1,1517446.0,0,,0.0,2,6.9,Annual,28017446.0,2,0
C01678,150,250000,37500000,4.9,Business,Medium,Small Business,1,1,868521.0,0,,0.0,6,7.8,Monthly,38368521.0,2,0
C01679,150,260000,39000000,3.6,Business,Medium,Small Business,1,0,0.0,0,,0.0,3,1.3,Monthly,39000000.0,1,0
C01680,50,270000,13500000,7.4,Business,Small,Small Business,1,1,1431974.0,1,Dedicated,18101593.0,5,5.0,Annual,33033567.0,3,0
C01681,10,320000,3200000,8.8,Personal,Small,Normal,0,0,0.0,0,,0.0,0,3.7,Annual,3200000.0,1,0
C01682,300,200000,60000000,5.2,Government,Large,Government,3,1,1009249.0,1,VPS,7692233.0,5,6.6,Monthly,68701482.0,3,1
C01683,10,325000,3250000,5.4,Personal,Small,Normal,0,0,0.0,0,,0.0,2,5.4,Annual,3250000.0,1,0
C01684,200,230000,46000000,6.2,Business,Medium,Small Business,1,0,0.0,1,Shared,13143781.0,5,5.5,Annual,59143781.0,2,1
C01685,150,230000,34500000,4.8,Business,Medium,Small Business,1,0,0.0,0,,0.0,0,5.2,Monthly,34500000.0,1,0
C01686,30,310000,9300000,7.3,Personal,Small,Normal,0,0,0.0,0,,0.0,0,3.4,Monthly,9300000.0,1,0
C01687,150,280000,42000000,2.1,Government,Large,Government,3,1,1737884.0,1,VPS,5183596.0,10,8.6,Monthly,48921480.0,3,1
C01688,300,200000,60000000,7.6,Government,Large,Government,3,1,401194.0,1,Shared,16320141.0,14,10.7,Annual,76721335.0,3,1
C01689,50,285000,14250000,4.1,Personal,Small,Normal,0,0,0.0,0,,0.0,6,7.5,Monthly,14250000.0,1,0
C01690,10,380000,3800000,0.5,Personal,Small,Normal,0,0,0.0,0,,0.0,0,3.1,Monthly,3800000.0,1,0
C01691,30,290000,8700000,2.6,Personal,Small,Normal,0,0,0.0,0,,0.0,0,2.4,Monthly,8700000.0,1,0
C01692,10,350000,3500000,6.0,Personal,Small,Normal,0,0,0.0,0,,0.0,0,0.2,Annual,3500000.0,1,0
C01693,10,350000,3500000,8.3,Personal,Small,Normal,0,0,0.0,0,,0.0,0,3.9,Annual,3500000.0,1,0
C01694,20,300000,6000000,5.2,Personal,Small,Normal,0,0,0.0,0,,0.0,2,6.5,Annual,6000000.0,1,0
C01695,10,320000,3200000,5.0,Personal,Small,Normal,0,0,0.0,0,,0.0,0,3.9,Monthly,3200000.0,1,0
C01696,200,245000,49000000,7.1,Business,Small,Small Business,1,1,898724.0,0,,0.0,6,5.7,Monthly,49898724.0,2,1
C01697,10,320000,3200000,9.3,Personal,Small,Normal,0,0,0.0,0,,0.0,1,3.8,Annual,3200000.0,1,0
C01698,10,340000,3400000,1.1,Personal,Small,Normal,0,0,0.0,0,,0.0,1,2.7,Monthly,3400000.0,1,0
C01699,30,340000,10200000,1.9,Business,Small,Small Business,1,0,0.0,0,,0.0,0,4.2,Monthly,10200000.0,1,0
C01700,30,310000,9300000,6.3,Personal,Small,Normal,0,0,0.0,0,,0.0,1,4.4,Monthly,9300000.0,1,0
C01701,20,315000,6300000,7.0,Business,Medium,Small Business,1,0,0.0,0,,0.0,1,4.1,Monthly,6300000.0,1,0
C01702,200,220000,44000000,6.2,Business,Large,Hospital,3,0,0.0,0,,0.0,6,10.2,Annual,44000000.0,1,1
C01703,10,320000,3200000,9.2,Personal,Small,Normal,0,0,0.0,0,,0.0,4,5.8,Annual,3200000.0,1,0
C01704,10,320000,3200000,6.2,Personal,Small,Normal,0,0,0.0,0,,0.0,0,5.0,Monthly,3200000.0,1,0
C01705,30,290000,8700000,9.1,Business,Medium,Small Business,1,0,0.0,1,Dedicated,14042932.0,3,2.8,Annual,22742932.0,2,0
C01706,10,330000,3300000,3.7,Personal,Small,Normal,0,0,0.0,0,,0.0,1,3.8,Monthly,3300000.0,1,0
C01707,200,230000,46000000,8.3,Business,Large,Enterprise,2,1,688605.0,0,,0.0,5,6.5,Annual,46688605.0,2,1
C01708,10,355000,3550000,0.3,Personal,Small,Normal,0,0,0.0,0,,0.0,1,2.2,Monthly,3550000.0,1,0
C01709,300,210000,63000000,3.7,Government,Large,Government,3,1,1362065.0,1,Shared,12546748.0,5,5.1,Monthly,76908813.0,3,1
C01710,100,270000,27000000,6.3,Business,Large,University,2,0,0.0,1,VPS,13521998.0,9,8.4,Annual,40521998.0,2,0
C01711,20,300000,6000000,7.4,Personal,Small,Normal,0,0,0.0,0,,0.0,0,5.1,Annual,6000000.0,1,0
C01712,100,255000,25500000,3.8,Government,Large,Government,3,1,1209412.0,1,Dedicated,2278339.0,9,10.4,Monthly,28987751.0,3,0
C01713,150,230000,34500000,7.4,Business,Medium,Small Business,1,1,1314339.0,0,,0.0,5,2.6,Annual,35814339.0,2,0
C01714,100,250000,25000000,7.8,Business,Large,ISP Partner,3,1,1467380.0,1,Dedicated,19199902.0,9,9.4,Annual,45667282.0,3,1
C01715,150,240000,36000000,4.4,Government,Large,Government,3,1,1769636.0,1,Shared,15675600.0,8,6.6,Monthly,53445236.0,3,1
C01716,20,335000,6700000,0.3,Personal,Small,Normal,0,0,0.0,0,,0.0,4,6.0,Monthly,6700000.0,1,0
C01717,300,225000,67500000,9.1,Business,Large,ISP Partner,3,1,1918344.0,1,Shared,13691770.0,8,4.8,Monthly,83110114.0,3,1
C01718,300,235000,70500000,1.6,Business,Medium,Small Business,1,1,997161.0,0,,0.0,5,8.6,Monthly,71497161.0,2,1
C01719,30,325000,9750000,5.7,Personal,Small,Normal,0,1,1834929.0,0,,0.0,2,1.2,Annual,11584929.0,2,0
C01720,10,320000,3200000,5.8,Personal,Small,Normal,0,0,0.0,0,,0.0,0,2.7,Monthly,3200000.0,1,0
C01721,20,305000,6100000,3.3,Personal,Small,Normal,0,0,0.0,0,,0.0,0,2.6,Monthly,6100000.0,1,0
C01722,200,240000,48000000,3.6,Government,Large,Government,3,1,1751181.0,1,VPS,8709334.0,9,7.8,Monthly,58460515.0,3,1
C01723,100,285000,28500000,1.2,Government,Large,Government,3,1,844066.0,0,,0.0,5,3.5,Monthly,29344066.0,2,0
C01724,20,340000,6800000,9.0,Personal,Small,Normal,0,0,0.0,0,,0.0,4,5.6,Annual,6800000.0,1,0
C01725,10,365000,3650000,5.1,Personal,Small,Normal,0,0,0.0,0,,0.0,4,4.7,Annual,3650000.0,1,0
C01726,100,250000,25000000,9.0,Government,Large,Government,3,1,607489.0,1,Dedicated,17261380.0,7,10.2,Monthly,42868869.0,3,0
C01727,10,320000,3200000,0.2,Personal,Small,Normal,0,0,0.0,0,,0.0,0,1.9,Monthly,3200000.0,1,0
C01728,50,290000,14500000,9.5,Personal,Small,Normal,0,0,0.0,0,,0.0,5,5.6,Annual,14500000.0,1,0
C01729,20,310000,6200000,8.6,Personal,Small,Normal,0,0,0.0,0,,0.0,3,6.8,Monthly,6200000.0,1,0
C01730,300,200000,60000000,5.7,Business,Large,University,2,1,547038.0,0,,0.0,4,4.9,Monthly,60547038.0,2,1
C01731,10,325000,3250000,9.1,Personal,Small,Normal,0,0,0.0,0,,0.0,3,4.8,Annual,3250000.0,1,0
C01732,10,330000,3300000,6.0,Personal,Small,Normal,0,0,0.0,0,,0.0,0,0.0,Annual,3300000.0,1,0
C01733,30,345000,10350000,1.0,Business,Large,Enterprise,2,0,0.0,0,,0.0,9,10.3,Monthly,10350000.0,1,0
C01734,150,280000,42000000,0.4,Government,Large,Government,3,1,996592.0,1,Shared,8041720.0,5,6.7,Monthly,51038312.0,3,1
C01735,100,265000,26500000,4.5,Government,Large,Government,3,1,1487832.0,1,VPS,9511835.0,6,4.7,Monthly,37499667.0,3,0
C01736,20,305000,6100000,9.9,Personal,Small,Normal,0,0,0.0,0,,0.0,3,4.8,Annual,6100000.0,1,0
C01737,100,250000,25000000,7.9,Business,Small,Small Business,1,0,0.0,0,,0.0,7,2.6,Annual,25000000.0,1,0
C01738,30,310000,9300000,0.4,Personal,Small,Normal,0,0,0.0,0,,0.0,0,5.2,Monthly,9300000.0,1,0
C01739,150,230000,34500000,9.6,Business,Large,Hospital,3,1,1728660.0,1,Dedicated,15246038.0,6,4.7,Annual,51474698.0,3,1
C01740,30,290000,8700000,7.4,Personal,Small,Normal,0,1,1664390.0,0,,0.0,5,7.1,Annual,10364390.0,2,0
C01741,30,315000,9450000,8.0,Business,Medium,Small Business,1,0,0.0,0,,0.0,2,4.1,Monthly,9450000.0,1,0
C01742,200,245000,49000000,1.3,Business,Small,Small Business,1,1,520267.0,0,,0.0,7,8.5,Monthly,49520267.0,2,1
C01743,20,325000,6500000,5.2,Personal,Small,Normal,0,0,0.0,0,,0.0,4,5.5,Annual,6500000.0,1,0
C01744,20,330000,6600000,9.8,Personal,Small,Normal,0,0,0.0,0,,0.0,1,0.0,Monthly,6600000.0,1,0
C01745,30,290000,8700000,5.3,Personal,Small,Normal,0,0,0.0,0,,0.0,3,5.5,Annual,8700000.0,1,0
C01746,300,200000,60000000,8.4,Business,Small,Small Business,1,1,1188232.0,0,,0.0,4,3.1,Annual,61188232.0,2,1
C01747,150,265000,39750000,8.3,Business,Small,Small Business,1,0,0.0,0,,0.0,2,3.7,Annual,39750000.0,1,0
C01748,300,200000,60000000,8.9,Government,Large,Government,3,1,1242960.0,1,VPS,12355751.0,7,5.1,Annual,73598711.0,3,1
C01749,30,310000,9300000,1.0,Business,Large,University,2,0,0.0,0,,0.0,3,7.3,Monthly,9300000.0,1,0
C01750,10,355000,3550000,6.5,Personal,Small,Normal,0,0,0.0,0,,0.0,0,3.8,Monthly,3550000.0,1,0
C01751,30,325000,9750000,4.8,Personal,Small,Normal,0,0,0.0,0,,0.0,0,1.7,Monthly,9750000.0,1,0
C01752,10,360000,3600000,2.7,Personal,Small,Normal,0,1,413473.0,0,,0.0,4,2.9,Monthly,4013473.0,2,0
C01753,200,230000,46000000,7.9,Business,Small,Small Business,1,0,0.0,0,,0.0,6,6.2,Annual,46000000.0,1,1
C01754,30,325000,9750000,0.5,Personal,Small,Normal,0,0,0.0,0,,0.0,2,4.6,Monthly,9750000.0,1,0
C01755,10,350000,3500000,4.2,Personal,Small,Normal,0,0,0.0,0,,0.0,2,3.1,Monthly,3500000.0,1,0
C01756,200,260000,52000000,4.6,Government,Large,Government,3,0,0.0,1,VPS,16691380.0,3,4.2,Monthly,68691380.0,2,1
C01757,20,330000,6600000,8.4,Personal,Small,Normal,0,0,0.0,0,,0.0,1,5.3,Annual,6600000.0,1,0
C01758,300,225000,67500000,7.3,Business,Large,Hospital,3,1,954068.0,1,Dedicated,5418402.0,7,4.3,Annual,73872470.0,3,1
C01759,200,220000,44000000,9.8,Business,Medium,Small Business,1,1,1697663.0,0,,0.0,4,6.4,Annual,45697663.0,2,1
C01760,150,265000,39750000,5.7,Government,Large,Government,3,1,1711767.0,1,VPS,2656055.0,6,7.3,Annual,44117822.0,3,1
C01761,30,295000,8850000,4.8,Personal,Small,Normal,0,1,377486.0,0,,0.0,2,7.3,Monthly,9227486.0,2,0
C01762,20,325000,6500000,5.6,Business,Small,Small Business,1,0,0.0,0,,0.0,4,3.8,Monthly,6500000.0,1,0
C01763,150,230000,34500000,8.9,Business,Small,Small Business,1,1,408930.0,0,,0.0,5,4.7,Annual,34908930.0,2,0
C01764,200,240000,48000000,3.9,Business,Large,ISP Partner,3,1,1331170.0,1,VPS,15812307.0,9,9.6,Monthly,65143477.0,3,1
C01765,10,340000,3400000,6.0,Personal,Small,Normal,0,0,0.0,0,,0.0,4,2.7,Monthly,3400000.0,1,0
C01766,150,230000,34500000,9.3,Business,Large,Hospital,3,1,1771997.0,1,Shared,15848724.0,7,6.8,Monthly,52120721.0,3,1
C01767,100,255000,25500000,1.2,Business,Large,Hospital,3,1,765366.0,0,,0.0,3,4.9,Monthly,26265366.0,2,0
C01768,10,320000,3200000,5.2,Personal,Small,Normal,0,0,0.0,0,,0.0,1,5.3,Monthly,3200000.0,1,0
C01769,10,390000,3900000,0.5,Personal,Small,Normal,0,0,0.0,0,,0.0,0,3.9,Monthly,3900000.0,1,0
C01770,150,250000,37500000,6.6,Business,Small,Small Business,1,1,1563904.0,1,VPS,10445439.0,5,5.8,Annual,49509343.0,3,1
C01771,10,325000,3250000,3.5,Business,Small,Small Business,1,0,0.0,1,Shared,9291724.0,8,8.8,Monthly,12541724.0,2,0
C01772,200,245000,49000000,0.8,Business,Large,Enterprise,2,0,0.0,0,,0.0,3,4.3,Monthly,49000000.0,1,1
C01773,300,205000,61500000,7.2,Business,Large,ISP Partner,3,1,1871358.0,0,,0.0,4,5.2,Annual,63371358.0,2,1
C01774,50,295000,14750000,9.7,Business,Small,Small Business,1,1,1756665.0,1,VPS,15225058.0,5,7.9,Annual,31731723.0,3,0
C01775,10,335000,3350000,3.9,Personal,Small,Normal,0,0,0.0,0,,0.0,0,2.6,Monthly,3350000.0,1,0
C01776,100,260000,26000000,2.6,Business,Large,ISP Partner,3,1,1240409.0,1,Shared,19424539.0,12,7.8,Monthly,46664948.0,3,1
C01777,20,340000,6800000,5.1,Personal,Small,Normal,0,0,0.0,0,,0.0,3,3.7,Annual,6800000.0,1,0
C01778,200,220000,44000000,7.1,Government,Large,Government,3,1,899679.0,1,VPS,6386898.0,8,9.7,Annual,51286577.0,3,1
C01779,100,255000,25500000,8.8,Business,Medium,Small Business,1,0,0.0,1,Dedicated,6345723.0,5,4.8,Monthly,31845723.0,2,0
C01780,10,360000,3600000,5.8,Business,Small,Small Business,1,1,1079658.0,0,,0.0,4,2.7,Monthly,4679658.0,2,0
C01781,200,250000,50000000,2.7,Business,Large,University,2,0,0.0,0,,0.0,4,3.7,Monthly,50000000.0,1,1
C01782,10,330000,3300000,3.7,Personal,Small,Normal,0,0,0.0,0,,0.0,3,4.2,Monthly,3300000.0,1,0
C01783,100,255000,25500000,5.9,Government,Large,Government,3,1,1094495.0,1,Shared,7490187.0,10,9.4,Annual,34084682.0,3,0
C01784,50,295000,14750000,1.5,Business,Large,Enterprise,2,0,0.0,0,,0.0,1,4.1,Monthly,14750000.0,1,0
C01785,150,235000,35250000,8.9,Government,Large,Government,3,1,410217.0,1,Shared,13126852.0,11,8.3,Monthly,48787069.0,3,1
C01786,50,275000,13750000,8.2,Business,Small,Small Business,1,1,775104.0,1,VPS,3249919.0,9,6.3,Annual,17775023.0,3,0
C01787,20,320000,6400000,2.8,Personal,Small,Normal,0,0,0.0,0,,0.0,0,1.7,Monthly,6400000.0,1,0
C01788,100,250000,25000000,4.0,Business,Large,Enterprise,2,1,1873642.0,0,,0.0,5,5.9,Monthly,26873642.0,2,0
C01789,20,310000,6200000,2.6,Personal,Small,Normal,0,0,0.0,0,,0.0,3,8.5,Monthly,6200000.0,1,0
C01790,10,320000,3200000,1.5,Business,Small,Small Business,1,0,0.0,0,,0.0,5,6.3,Monthly,3200000.0,1,0
C01791,20,335000,6700000,3.3,Personal,Small,Normal,0,0,0.0,0,,0.0,2,4.3,Monthly,6700000.0,1,0
C01792,30,340000,10200000,0.3,Business,Small,Small Business,1,0,0.0,0,,0.0,4,3.5,Monthly,10200000.0,1,0
C01793,100,250000,25000000,7.8,Business,Large,Enterprise,2,1,1928115.0,1,VPS,12552843.0,5,5.8,Annual,39480958.0,3,0
C01794,300,210000,63000000,2.1,Business,Medium,Small Business,1,1,676694.0,0,,0.0,3,4.8,Monthly,63676694.0,2,1
C01795,200,235000,47000000,6.6,Government,Large,Government,3,1,738374.0,1,VPS,4795623.0,9,7.8,Monthly,52533997.0,3,1
C01796,300,205000,61500000,3.8,Business,Medium,Small Business,1,1,1538508.0,0,,0.0,4,7.6,Monthly,63038508.0,2,1
C01797,10,340000,3400000,5.7,Personal,Small,Normal,0,0,0.0,0,,0.0,0,4.4,Monthly,3400000.0,1,0
C01798,30,295000,8850000,4.3,Personal,Small,Normal,0,0,0.0,0,,0.0,0,3.6,Monthly,8850000.0,1,0
C01799,50,280000,14000000,0.4,Business,Large,University,2,1,1370518.0,1,Shared,7312159.0,9,9.0,Monthly,22682677.0,3,0
C01800,30,305000,9150000,8.3,Personal,Small,Normal,0,0,0.0,0,,0.0,1,1.9,Annual,9150000.0,1,0
C01801,300,245000,73500000,1.8,Business,Large,Enterprise,2,1,1479133.0,0,,0.0,6,10.2,Monthly,74979133.0,2,1
C01802,10,365000,3650000,3.5,Personal,Small,Normal,0,0,0.0,0,,0.0,0,0.6,Monthly,3650000.0,1,0
C01803,150,230000,34500000,4.9,Business,Large,Enterprise,2,0,0.0,1,Dedicated,8794163.0,3,4.1,Monthly,43294163.0,2,0
C01804,200,300000,6000000,6.3,Personal,Small,Normal,0,0,0.0,0,,0.0,2,6.8,Monthly,6000000.0,1,0
C01805,30,325000,9750000,6.9,Personal,Small,Normal,0,0,0.0,0,,0.0,4,0.1,Monthly,9750000.0,1,0
C01806,50,270000,13500000,5.8,Personal,Small,Normal,0,0,0.0,0,,0.0,0,4.0,Monthly,13500000.0,1,0
C01807,20,335000,6700000,6.4,Business,Small,Small Business,1,0,0.0,0,,0.0,4,4.2,Annual,6700000.0,1,0
C01808,10,320000,3200000,4.0,Personal,Small,Normal,0,0,0.0,0,,0.0,0,4.2,Monthly,3200000.0,1,0
C01809,200,220000,44000000,1.5,Business,Medium,Small Business,1,1,1617476.0,0,,0.0,3,5.1,Monthly,45617476.0,2,1
C01810,100,260000,26000000,7.7,Government,Large,Government,3,1,1577802.0,0,,0.0,4,6.4,Annual,27577802.0,2,0
C01811,10,320000,3200000,9.8,Personal,Small,Normal,0,0,0.0,0,,0.0,0,4.8,Annual,3200000.0,1,0
C01812,10,385000,3850000,0.2,Personal,Small,Normal,0,0,0.0,0,,0.0,0,1.3,Monthly,3850000.0,1,0
C01813,50,270000,13500000,5.6,Personal,Small,Normal,0,0,0.0,0,,0.0,0,3.0,Annual,13500000.0,1,0
C01814,20,310000,6200000,3.4,Personal,Small,Normal,0,0,0.0,0,,0.0,1,3.1,Monthly,6200000.0,1,0
C01815,20,315000,6300000,4.7,Personal,Small,Normal,0,0,0.0,0,,0.0,2,8.2,Monthly,6300000.0,1,0
C01816,20,305000,6100000,0.7,Personal,Small,Normal,0,0,0.0,0,,0.0,3,5.6,Monthly,6100000.0,1,0
C01817,150,240000,36000000,9.6,Government,Large,Government,3,1,595760.0,0,,0.0,5,6.7,Annual,36595760.0,2,0
C01818,50,270000,13500000,5.6,Business,Small,Small Business,1,0,0.0,0,,0.0,4,5.8,Annual,13500000.0,1,0
C01819,100,290000,29000000,4.6,Business,Large,Enterprise,2,1,1889573.0,1,Dedicated,19979423.0,11,11.6,Monthly,50868996.0,3,1
C01820,100,250000,25000000,2.7,Business,Large,ISP Partner,3,1,1747863.0,0,,0.0,7,5.9,Monthly,26747863.0,2,0
C01821,20,335000,6700000,5.9,Personal,Small,Normal,0,0,0.0,0,,0.0,1,3.6,Annual,6700000.0,1,0
C01822,150,260000,39000000,9.5,Business,Large,Enterprise,2,0,0.0,0,,0.0,0,2.9,Monthly,39000000.0,1,0
C01823,30,320000,9600000,1.2,Personal,Small,Normal,0,0,0.0,1,Dedicated,15424501.0,3,6.0,Monthly,25024501.0,2,0
C01824,100,275000,27500000,8.7,Business,Small,Small Business,1,1,843823.0,0,,0.0,2,7.0,Monthly,28343823.0,2,0
C01825,20,330000,6600000,5.3,Personal,Small,Normal,0,1,1239519.0,0,,0.0,4,5.5,Annual,7839519.0,2,0
C01826,10,330000,3300000,6.7,Personal,Small,Normal,0,0,0.0,0,,0.0,0,0.8,Monthly,3300000.0,1,0
C01827,50,270000,13500000,0.7,Personal,Small,Normal,0,0,0.0,0,,0.0,0,3.1,Monthly,13500000.0,1,0
C01828,10,345000,3450000,2.2,Personal,Small,Normal,0,0,0.0,0,,0.0,0,0.0,Monthly,3450000.0,1,0
C01829,100,260000,26000000,2.3,Business,Large,Enterprise,2,1,1739509.0,0,,0.0,7,10.6,Monthly,27739509.0,2,0
C01830,10,330000,3300000,6.9,Personal,Small,Normal,0,0,0.0,0,,0.0,0,3.1,Monthly,3300000.0,1,0
C01831,200,220000,83922848,8.1,Government,Large,Government,3,1,499947.0,1,Shared,11605935.0,9,9.1,Annual,96028730.0,3,1
C01832,30,300000,9000000,8.4,Personal,Small,Normal,0,1,1677527.0,0,,0.0,2,3.6,Monthly,10677527.0,2,0
C01833,100,250000,25000000,6.8,Government,Large,Government,3,1,1328261.0,0,,0.0,5,8.1,Annual,26328261.0,2,0
C01834,30,310000,9300000,9.3,Personal,Small,Normal,0,0,0.0,0,,0.0,3,3.6,Monthly,9300000.0,1,0
C01835,20,310000,6200000,0.6,Personal,Small,Normal,0,0,0.0,0,,0.0,2,0.0,Monthly,6200000.0,1,0
C01836,30,300000,9000000,7.7,Personal,Small,Normal,0,0,0.0,0,,0.0,1,0.8,Annual,9000000.0,1,0
C01837,150,270000,40500000,6.5,Business,Small,Small Business,1,0,0.0,0,,0.0,1,4.3,Annual,40500000.0,1,0
C01838,10,325000,3250000,3.9,Personal,Small,Normal,0,0,0.0,0,,0.0,0,1.6,Monthly,3250000.0,1,0
C01839,100,285000,28500000,5.5,Business,Medium,Small Business,1,0,0.0,0,,0.0,4,3.9,Monthly,28500000.0,1,0
C01840,100,250000,25000000,8.3,Business,Large,ISP Partner,3,1,817105.0,1,Shared,15575352.0,8,6.6,Annual,41392457.0,3,0
C01841,30,315000,9450000,5.8,Personal,Small,Normal,0,0,0.0,0,,0.0,4,5.4,Monthly,9450000.0,1,0
C01842,20,360000,7200000,1.7,Business,Small,Small Business,1,1,478575.0,0,,0.0,4,7.3,Monthly,7678575.0,2,0
C01843,20,300000,6000000,3.7,Personal,Small,Normal,0,0,0.0,0,,0.0,0,3.3,Monthly,6000000.0,1,0
C01844,100,250000,25000000,5.6,Business,Medium,Small Business,1,1,898062.0,1,VPS,18691852.0,8,8.7,Annual,44589914.0,3,1
C01845,150,260000,39000000,9.0,Government,Large,Government,3,1,1361131.0,1,VPS,5834354.0,9,9.9,Annual,46195485.0,3,1
C01846,10,320000,3200000,4.5,Personal,Small,Normal,0,0,0.0,0,,0.0,0,3.9,Monthly,3200000.0,1,0
C01847,10,340000,3400000,2.1,Personal,Small,Normal,0,0,0.0,0,,0.0,3,6.0,Monthly,3400000.0,1,0
C01848,150,260000,39000000,9.3,Business,Medium,Small Business,1,0,0.0,1,VPS,18568066.0,5,6.7,Annual,57568066.0,2,1
C01849,50,270000,13500000,2.8,Business,Medium,Small Business,1,1,1130900.0,1,Shared,19973608.0,8,9.7,Monthly,34604508.0,3,0
C01850,100,260000,26000000,0.5,Government,Large,Government,3,1,1005258.0,0,,0.0,7,7.9,Monthly,27005258.0,2,0
C01851,100,265000,26500000,7.1,Government,Large,Government,3,0,0.0,1,Dedicated,10129827.0,6,6.6,Annual,36629827.0,2,0
C01852,10,320000,3200000,6.6,Personal,Small,Normal,0,0,0.0,0,,0.0,2,5.8,Annual,3200000.0,1,0
C01853,20,305000,6100000,5.9,Personal,Small,Normal,0,0,0.0,0,,0.0,0,2.9,Annual,6100000.0,1,0
C01854,10,370000,3700000,7.6,Personal,Small,Normal,0,0,0.0,0,,0.0,0,4.5,Annual,3700000.0,1,0
C01855,10,320000,3200000,5.6,Personal,Small,Normal,0,0,0.0,0,,0.0,0,4.3,Annual,3200000.0,1,0
C01856,100,275000,27500000,4.8,Business,Small,Small Business,1,1,400387.0,1,VPS,11977465.0,8,6.2,Monthly,39877852.0,3,0
C01857,30,335000,10050000,5.0,Business,Medium,Small Business,1,0,0.0,0,,0.0,4,7.3,Monthly,10050000.0,1,0
C01858,30,315000,9450000,5.6,Personal,Small,Normal,0,0,0.0,0,,0.0,3,3.6,Annual,9450000.0,1,0
C01859,50,305000,15250000,0.4,Business,Small,Small Business,1,0,0.0,1,VPS,15323920.0,9,4.8,Monthly,30573920.0,2,0
C01860,10,385000,3850000,0.5,Personal,Small,Normal,0,0,0.0,0,,0.0,0,2.1,Monthly,3850000.0,1,0
C01861,30,345000,10350000,3.3,Business,Large,Enterprise,2,1,771433.0,0,,0.0,4,5.2,Monthly,11121433.0,2,0
C01862,30,300000,9000000,4.7,Personal,Small,Normal,0,0,0.0,0,,0.0,3,3.9,Monthly,9000000.0,1,0
C01863,150,245000,36750000,5.6,Business,Medium,Small Business,1,1,561611.0,0,,0.0,2,3.9,Annual,37311611.0,2,0
C01864,20,300000,6000000,5.1,Personal,Small,Normal,0,0,0.0,0,,0.0,0,4.6,Monthly,6000000.0,1,0
C01865,20,335000,6700000,7.2,Business,Small,Small Business,1,0,0.0,0,,0.0,3,4.2,Annual,6700000.0,1,0
C01866,10,365000,3650000,7.9,Personal,Small,Normal,0,0,0.0,0,,0.0,0,4.7,Annual,3650000.0,1,0
C01867,10,320000,3200000,6.6,Personal,Small,Normal,0,0,0.0,0,,0.0,1,1.4,Annual,3200000.0,1,0
C01868,20,300000,6000000,9.7,Personal,Small,Normal,0,0,0.0,0,,0.0,0,4.4,Annual,6000000.0,1,0
C01869,100,250000,25000000,4.8,Business,Large,University,2,1,930701.0,0,,0.0,4,3.5,Monthly,25930701.0,2,0
C01870,50,280000,14000000,1.3,Business,Small,Small Business,1,0,0.0,0,,0.0,3,4.6,Monthly,14000000.0,1,0
C01871,10,325000,3250000,3.1,Personal,Small,Normal,0,0,0.0,0,,0.0,0,2.0,Monthly,3250000.0,1,0
C01872,20,335000,6700000,1.8,Personal,Small,Normal,0,0,0.0,0,,0.0,0,4.1,Monthly,6700000.0,1,0
C01873,150,230000,34500000,9.7,Business,Small,Small Business,1,1,1886682.0,0,,0.0,5,5.1,Monthly,36386682.0,2,0
C01874,10,350000,3500000,0.3,Personal,Small,Normal,0,0,0.0,0,,0.0,2,3.5,Monthly,3500000.0,1,0
C01875,10,320000,3200000,9.2,Personal,Small,Normal,0,1,865809.0,0,,0.0,2,5.3,Annual,4065809.0,2,0
C01876,300,210000,63000000,3.2,Business,Large,Enterprise,2,1,634413.0,1,VPS,5878375.0,9,10.0,Monthly,69512788.0,3,1
C01877,50,270000,13500000,9.0,Business,Large,Hospital,3,1,730820.0,0,,0.0,4,3.1,Annual,14230820.0,2,0
C01878,10,320000,3200000,1.2,Personal,Small,Normal,0,0,0.0,0,,0.0,0,1.5,Monthly,3200000.0,1,0
C01879,100,260000,26000000,4.8,Government,Large,Government,3,1,666924.0,1,Dedicated,5789670.0,5,8.0,Monthly,32456594.0,3,0
C01880,200,230000,46000000,5.0,Business,Small,Small Business,1,0,0.0,1,VPS,4635208.0,5,4.1,Monthly,50635208.0,2,1
C01881,30,290000,8700000,3.8,Business,Small,Small Business,1,0,0.0,0,,0.0,6,7.7,Monthly,8700000.0,1,0
C01882,200,240000,48000000,6.9,Business,Medium,Small Business,1,0,0.0,0,,0.0,0,3.5,Annual,48000000.0,1,1
C01883,50,270000,13500000,5.1,Personal,Small,Normal,0,0,0.0,0,,0.0,2,5.6,Monthly,13500000.0,1,0
C01884,150,230000,34500000,5.1,Business,Medium,Small Business,1,0,0.0,0,,0.0,0,5.4,Annual,34500000.0,1,0
C01885,10,320000,3200000,7.2,Personal,Small,Normal,0,0,0.0,0,,0.0,0,4.0,Annual,3200000.0,1,0
C01886,20,310000,6200000,4.5,Personal,Small,Normal,0,0,0.0,0,,0.0,0,3.5,Monthly,6200000.0,1,0
C01887,20,315000,6300000,9.2,Personal,Small,Normal,0,0,0.0,0,,0.0,2,5.2,Monthly,6300000.0,1,0
C01888,30,300000,9000000,5.6,Personal,Small,Normal,0,0,0.0,0,,0.0,1,2.8,Monthly,9000000.0,1,0
C01889,30,330000,9900000,6.6,Business,Medium,Small Business,1,1,1826193.0,0,,0.0,5,5.5,Annual,11726193.0,2,0
C01890,20,320000,6400000,3.3,Personal,Small,Normal,0,0,0.0,0,,0.0,0,2.3,Monthly,6400000.0,1,0
C01891,20,310000,6200000,2.9,Personal,Small,Normal,0,0,0.0,0,,0.0,2,3.4,Monthly,6200000.0,1,0
C01892,30,305000,9150000,2.4,Business,Medium,Small Business,1,0,0.0,0,,0.0,1,5.3,Monthly,9150000.0,1,0
C01893,300,240000,72000000,0.8,Business,Medium,Small Business,1,0,0.0,0,,0.0,2,4.6,Monthly,72000000.0,1,1
C01894,100,295000,29500000,2.0,Business,Small,Small Business,1,0,0.0,1,VPS,9709510.0,7,7.0,Monthly,39209510.0,2,0
C01895,200,220000,44000000,5.7,Business,Small,Small Business,1,1,1332975.0,0,,0.0,2,4.8,Monthly,45332975.0,2,1
C01896,150,230000,34500000,9.6,Government,Large,Government,3,1,424618.0,1,VPS,12119176.0,6,5.0,Annual,47043794.0,3,1
C01897,30,295000,8850000,9.6,Personal,Small,Normal,0,0,0.0,0,,0.0,0,2.3,Annual,8850000.0,1,0
C01898,150,275000,41250000,0.6,Business,Large,Enterprise,2,1,892976.0,0,,0.0,2,3.9,Monthly,42142976.0,2,0
C01899,200,220000,44000000,8.2,Business,Large,Enterprise,2,0,0.0,0,,0.0,3,4.0,Annual,44000000.0,1,1
C01900,20,360000,7200000,0.4,Personal,Small,Normal,0,0,0.0,0,,0.0,1,4.3,Monthly,7200000.0,1,0
C01901,10,320000,3200000,9.8,Personal,Small,Normal,0,0,0.0,0,,0.0,0,1.9,Annual,3200000.0,1,0
C01902,20,325000,6500000,5.1,Business,Small,Small Business,1,1,1789646.0,1,Shared,6663018.0,11,16.1,Annual,14952664.0,3,0
C01903,30,290000,8700000,4.6,Business,Medium,Small Business,1,0,0.0,0,,0.0,0,3.3,Monthly,8700000.0,1,0
C01904,20,300000,6000000,7.3,Personal,Small,Normal,0,0,0.0,0,,0.0,0,0.0,Annual,6000000.0,1,0
C01905,50,275000,13750000,7.4,Business,Medium,Small Business,1,1,476842.0,0,,0.0,7,7.3,Monthly,14226842.0,2,0
C01906,300,200000,60000000,4.3,Government,Large,Government,3,0,0.0,1,VPS,6087838.0,3,4.9,Monthly,66087838.0,2,1
C01907,10,365000,3650000,4.4,Personal,Small,Normal,0,0,0.0,0,,0.0,3,3.3,Monthly,3650000.0,1,0
C01908,30,320000,9600000,1.2,Personal,Small,Normal,0,0,0.0,0,,0.0,0,2.5,Monthly,9600000.0,1,0
C01909,10,350000,3500000,8.2,Personal,Small,Normal,0,0,0.0,0,,0.0,0,7.8,Annual,3500000.0,1,0
C01910,150,230000,34500000,3.5,Business,Medium,Small Business,1,1,475654.0,0,,0.0,2,1.2,Monthly,34975654.0,2,0
C01911,50,270000,13500000,6.2,Business,Medium,Small Business,1,0,0.0,0,,0.0,2,2.8,Annual,13500000.0,1,0
C01912,150,250000,37500000,7.4,Business,Small,Small Business,1,1,1075867.0,0,,0.0,5,3.1,Annual,38575867.0,2,0
C01913,10,355000,3550000,6.1,Personal,Small,Normal,0,0,0.0,0,,0.0,1,4.0,Annual,3550000.0,1,0
C01914,10,375000,3750000,0.6,Personal,Small,Normal,0,0,0.0,0,,0.0,0,1.5,Monthly,3750000.0,1,0
C01915,150,245000,36750000,7.5,Business,Large,University,2,1,1913417.0,0,,0.0,3,7.6,Annual,38663417.0,2,0
C01916,20,300000,6000000,9.9,Personal,Small,Normal,0,0,0.0,0,,0.0,0,1.2,Annual,6000000.0,1,0
C01917,10,365000,3650000,4.7,Personal,Small,Normal,0,0,0.0,0,,0.0,0,4.5,Monthly,3650000.0,1,0
C01918,10,345000,3450000,9.5,Personal,Small,Normal,0,0,0.0,0,,0.0,1,3.2,Annual,3450000.0,1,0
C01919,50,270000,13500000,4.6,Personal,Small,Normal,0,1,1371706.0,0,,0.0,2,6.6,Monthly,14871706.0,2,0
C01920,30,310000,9300000,9.1,Personal,Small,Normal,0,0,0.0,0,,0.0,0,5.1,Monthly,9300000.0,1,0
C01921,30,290000,8700000,4.2,Personal,Small,Normal,0,0,0.0,0,,0.0,1,0.6,Monthly,8700000.0,1,0
C01922,30,295000,8850000,7.2,Business,Medium,Small Business,1,0,0.0,0,,0.0,0,0.7,Annual,8850000.0,1,0
C01923,10,330000,3300000,8.9,Business,Medium,Small Business,1,1,1442519.0,0,,0.0,8,7.3,Monthly,4742519.0,2,0
C01924,20,300000,6000000,8.7,Personal,Small,Normal,0,0,0.0,0,,0.0,0,2.5,Monthly,6000000.0,1,0
C01925,200,260000,52000000,4.1,Business,Large,Hospital,3,1,882947.0,0,,0.0,2,8.5,Monthly,52882947.0,2,1
C01926,20,300000,6000000,8.6,Personal,Small,Normal,0,0,0.0,0,,0.0,0,6.1,Annual,6000000.0,1,0
C01927,100,290000,29000000,2.2,Business,Medium,Small Business,1,0,0.0,1,Shared,19857088.0,3,4.2,Monthly,48857088.0,2,1
C01928,10,320000,3200000,7.7,Personal,Small,Normal,0,0,0.0,0,,0.0,0,3.9,Monthly,3200000.0,1,0
C01929,300,215000,64500000,7.3,Business,Medium,Small Business,1,1,1760562.0,0,,0.0,3,8.5,Annual,66260562.0,2,1
C01930,300,245000,73500000,3.2,Business,Medium,Small Business,1,1,1880902.0,1,Dedicated,5232296.0,9,7.2,Monthly,80613198.0,3,1
C01931,200,220000,44000000,2.4,Business,Medium,Small Business,1,1,339485.0,0,,0.0,2,2.4,Monthly,44339485.0,2,1
C01932,20,345000,6900000,1.6,Business,Medium,Small Business,1,0,0.0,0,,0.0,6,3.5,Monthly,6900000.0,1,0
C01933,300,210000,63000000,3.4,Business,Large,ISP Partner,3,1,1060330.0,1,Shared,18665896.0,8,8.9,Monthly,82726226.0,3,1
C01934,150,235000,35250000,8.5,Business,Large,Enterprise,2,0,0.0,0,,0.0,2,6.6,Annual,35250000.0,1,0
C01935,50,270000,13500000,5.7,Business,Large,Hospital,3,0,0.0,0,,0.0,1,0.0,Annual,13500000.0,1,0
C01936,300,200000,60000000,7.8,Business,Small,Small Business,1,0,0.0,0,,0.0,7,10.2,Annual,60000000.0,1,1
C01937,300,240000,72000000,2.6,Business,Medium,Small Business,1,0,0.0,1,VPS,19545372.0,6,9.8,Monthly,91545372.0,2,1
C01938,10,320000,3200000,9.6,Personal,Small,Normal,0,0,0.0,0,,0.0,0,3.5,Monthly,3200000.0,1,0
C01939,50,305000,15250000,4.1,Business,Medium,Small Business,1,0,0.0,0,,0.0,3,4.3,Monthly,15250000.0,1,0
C01940,30,310000,9300000,0.4,Business,Small,Small Business,1,0,0.0,1,VPS,17441289.0,6,10.2,Monthly,26741289.0,2,0
C01941,20,305000,6100000,1.3,Personal,Small,Normal,0,0,0.0,0,,0.0,0,6.0,Monthly,6100000.0,1,0
C01942,200,220000,44000000,9.9,Business,Large,ISP Partner,3,1,1697578.0,0,,0.0,4,7.0,Annual,45697578.0,2,1
C01943,20,300000,6000000,3.7,Personal,Small,Normal,0,0,0.0,0,,0.0,0,0.1,Monthly,6000000.0,1,0
C01944,10,390000,3900000,0.5,Personal,Small,Normal,0,0,0.0,0,,0.0,1,2.6,Monthly,3900000.0,1,0
C01945,30,320000,9600000,3.2,Personal,Small,Normal,0,0,0.0,0,,0.0,1,3.8,Monthly,9600000.0,1,0
C01946,200,275000,55000000,0.4,Business,Small,Small Business,1,1,1321290.0,0,,0.0,7,4.6,Monthly,56321290.0,2,1
C01947,20,300000,6000000,8.6,Personal,Small,Normal,0,0,0.0,0,,0.0,1,3.3,Annual,6000000.0,1,0
C01948,150,230000,34500000,5.3,Government,Large,Government,3,1,1743345.0,1,Dedicated,12981420.0,10,10.6,Annual,49224765.0,3,1
C01949,300,240000,72000000,3.0,Business,Small,Small Business,1,1,683403.0,0,,0.0,5,8.1,Monthly,72683403.0,2,1
C01950,300,205000,61500000,4.7,Government,Large,Government,3,1,1966826.0,1,Shared,17833871.0,7,7.6,Monthly,81300697.0,3,1
C01951,10,320000,3200000,8.8,Personal,Small,Normal,0,0,0.0,0,,0.0,1,3.8,Monthly,3200000.0,1,0
C01952,150,230000,34500000,9.1,Business,Medium,Small Business,1,1,1453838.0,0,,0.0,5,5.1,Annual,35953838.0,2,0
C01953,150,280000,42000000,2.3,Business,Medium,Small Business,1,0,0.0,0,,0.0,1,3.5,Monthly,42000000.0,1,0
C01954,150,265000,39750000,7.6,Business,Small,Small Business,1,1,1960607.0,0,,0.0,2,0.0,Monthly,41710607.0,2,0
C01955,100,265000,26500000,2.0,Government,Large,Government,3,1,1038839.0,1,Dedicated,19807778.0,6,5.2,Monthly,47346617.0,3,1
C01956,50,305000,15250000,2.2,Business,Large,University,2,1,1549721.0,0,,0.0,5,4.8,Monthly,16799721.0,2,0
C01957,30,295000,8850000,9.9,Personal,Small,Normal,0,1,372342.0,0,,0.0,2,5.4,Annual,9222342.0,2,0
C01958,50,310000,15500000,0.2,Personal,Small,Normal,0,0,0.0,0,,0.0,0,4.1,Monthly,15500000.0,1,0
C01959,150,235000,35250000,9.0,Business,Large,University,2,1,1091668.0,1,Dedicated,5273022.0,6,8.0,Monthly,41614690.0,3,0
C01960,10,320000,3200000,9.4,Personal,Small,Normal,0,0,0.0,0,,0.0,0,1.9,Annual,3200000.0,1,0
C01961,20,300000,6000000,9.1,Personal,Small,Normal,0,0,0.0,0,,0.0,1,2.4,Annual,6000000.0,1,0
C01962,10,320000,3200000,2.3,Personal,Small,Normal,0,0,0.0,0,,0.0,3,0.1,Monthly,3200000.0,1,0
C01963,10,330000,3300000,6.5,Personal,Small,Normal,0,0,0.0,0,,0.0,0,2.8,Annual,3300000.0,1,0
C01964,150,265000,39750000,1.6,Business,Large,Enterprise,2,0,0.0,0,,0.0,4,2.6,Monthly,39750000.0,1,0
C01965,100,250000,25000000,9.9,Business,Large,Hospital,3,1,315138.0,0,,0.0,5,6.2,Monthly,25315138.0,2,0
C01966,50,270000,13500000,8.1,Personal,Small,Normal,0,0,0.0,0,,0.0,0,2.8,Annual,13500000.0,1,0
C01967,20,335000,6700000,1.6,Personal,Small,Normal,0,1,747985.0,0,,0.0,2,7.6,Monthly,7447985.0,2,0
C01968,20,300000,6000000,9.4,Personal,Small,Normal,0,0,0.0,0,,0.0,0,6.4,Annual,6000000.0,1,0
C01969,50,295000,14750000,8.2,Business,Small,Small Business,1,1,733521.0,0,,0.0,4,3.8,Annual,15483521.0,2,0
C01970,10,360000,3600000,4.6,Personal,Small,Normal,0,0,0.0,0,,0.0,2,5.1,Monthly,3600000.0,1,0
C01971,20,335000,6700000,5.3,Personal,Small,Normal,0,0,0.0,0,,0.0,0,1.9,Monthly,6700000.0,1,0
C01972,20,300000,6000000,7.0,Personal,Small,Normal,0,0,0.0,0,,0.0,4,7.4,Annual,6000000.0,1,0
C01973,100,300000,30000000,3.6,Government,Large,Government,3,1,489417.0,1,VPS,13100175.0,9,8.5,Monthly,43589592.0,3,0
C01974,20,315000,6300000,4.9,Personal,Small,Normal,0,0,0.0,0,,0.0,3,6.4,Monthly,6300000.0,1,0
C01975,30,290000,8700000,3.6,Personal,Small,Normal,0,0,0.0,0,,0.0,0,0.6,Monthly,8700000.0,1,0
C01976,50,330000,16500000,1.5,Business,Large,ISP Partner,3,1,1609006.0,0,,0.0,2,2.7,Monthly,18109006.0,2,0
C01977,100,250000,25000000,6.4,Business,Medium,Small Business,1,0,0.0,0,,0.0,1,1.7,Annual,25000000.0,1,0
C01978,200,240000,48000000,4.2,Business,Large,University,2,0,0.0,0,,0.0,6,3.7,Monthly,48000000.0,1,1
C01979,10,320000,3200000,9.8,Personal,Small,Normal,0,0,0.0,0,,0.0,0,1.9,Annual,3200000.0,1,0
C01980,100,290000,29000000,3.7,Business,Large,Enterprise,2,0,0.0,0,,0.0,0,2.2,Monthly,29000000.0,1,0
C01981,50,330000,16500000,1.9,Personal,Small,Normal,0,0,0.0,0,,0.0,3,2.5,Monthly,16500000.0,1,0
C01982,30,330000,9900000,4.1,Personal,Small,Normal,0,0,0.0,0,,0.0,0,4.4,Monthly,9900000.0,1,0
C01983,50,280000,14000000,2.6,Personal,Small,Normal,0,0,0.0,0,,0.0,0,6.2,Monthly,14000000.0,1,0
C01984,150,235000,35250000,0.2,Business,Medium,Small Business,1,1,584406.0,0,,0.0,4,7.2,Monthly,35834406.0,2,0
C01985,150,255000,38250000,6.1,Business,Large,Enterprise,2,0,0.0,0,,0.0,0,3.5,Annual,38250000.0,1,0
C01986,20,350000,7000000,1.0,Personal,Small,Normal,0,0,0.0,0,,0.0,0,5.7,Monthly,7000000.0,1,0
C01987,100,250000,25000000,1.8,Business,Large,University,2,1,1877341.0,0,,0.0,6,5.5,Monthly,26877341.0,2,0
C01988,10,335000,3350000,4.2,Personal,Small,Normal,0,0,0.0,0,,0.0,2,3.8,Monthly,3350000.0,1,0
C01989,10,365000,3650000,2.8,Personal,Small,Normal,0,0,0.0,0,,0.0,0,3.2,Monthly,3650000.0,1,0
C01990,150,245000,36750000,1.2,Business,Large,Enterprise,2,0,0.0,1,Dedicated,7039742.0,6,6.7,Monthly,43789742.0,2,0
C01991,20,300000,6000000,2.2,Personal,Small,Normal,0,0,0.0,0,,0.0,2,4.6,Monthly,6000000.0,1,0
C01992,50,285000,14250000,6.0,Business,Large,Hospital,3,0,0.0,1,Dedicated,3549590.0,4,7.3,Annual,17799590.0,2,0
C01993,10,320000,3200000,9.0,Personal,Small,Normal,0,0,0.0,0,,0.0,1,2.8,Monthly,3200000.0,1,0
C01994,20,365000,7300000,2.3,Personal,Small,Normal,0,0,0.0,0,,0.0,1,2.1,Monthly,7300000.0,1,0
C01995,20,320000,6400000,0.5,Personal,Small,Normal,0,0,0.0,0,,0.0,0,2.0,Monthly,6400000.0,1,0
C01996,200,220000,44000000,5.2,Government,Large,Government,3,1,1665632.0,1,VPS,14318984.0,8,5.6,Monthly,59984616.0,3,1
C01997,150,230000,34500000,9.8,Government,Large,Government,3,1,933922.0,1,Dedicated,7041183.0,9,9.1,Annual,42475105.0,3,0
C01998,150,260000,39000000,7.9,Business,Small,Small Business,1,0,0.0,0,,0.0,1,5.2,Annual,39000000.0,1,0
C01999,200,225000,45000000,0.4,Business,Large,Hospital,3,1,1473352.0,1,VPS,17967830.0,7,5.5,Monthly,64441182.0,3,1
C02000,100,250000,25000000,6.8,Business,Large,ISP Partner,3,1,491523.0,1,Shared,2555503.0,7,5.9,Monthly,28047026.0,3,0
C02001,30,300000,9000000,8.9,Personal,Small,Normal,0,0,0.0,0,,0.0,1,3.9,Annual,9000000.0,1,0
C02002,20,300000,6000000,6.0,Personal,Small,Normal,0,0,0.0,0,,0.0,0,5.8,Annual,6000000.0,1,0
C02003,20,300000,6000000,8.0,Personal,Small,Normal,0,0,0.0,0,,0.0,0,0.0,Monthly,6000000.0,1,0
C02004,10,355000,3550000,9.1,Business,Small,Small Business,1,0,0.0,0,,0.0,0,2.8,Annual,3550000.0,1,0
C02005,10,320000,3200000,3.8,Personal,Small,Normal,0,0,0.0,0,,0.0,0,5.3,Monthly,3200000.0,1,0
C02006,10,370000,3700000,0.9,Personal,Small,Normal,0,0,0.0,0,,0.0,1,1.6,Monthly,3700000.0,1,0
C02007,100,250000,25000000,3.5,Business,Large,ISP Partner,3,1,872107.0,0,,0.0,5,6.4,Monthly,25872107.0,2,0
C02008,20,345000,6900000,0.2,Personal,Small,Normal,0,0,0.0,0,,0.0,0,0.0,Monthly,6900000.0,1,0
C02009,150,250000,37500000,5.1,Business,Small,Small Business,1,0,0.0,0,,0.0,4,3.7,Annual,37500000.0,1,0
C02010,50,270000,13500000,5.7,Personal,Small,Normal,0,0,0.0,0,,0.0,0,4.9,Annual,13500000.0,1,0
C02011,20,325000,6500000,9.6,Personal,Small,Normal,0,1,642516.0,0,,0.0,8,7.0,Annual,7142516.0,2,0
C02012,30,290000,8700000,8.4,Personal,Small,Normal,0,0,0.0,0,,0.0,0,3.9,Annual,8700000.0,1,0
C02013,200,240000,48000000,5.8,Business,Large,ISP Partner,3,1,1503166.0,0,,0.0,7,10.2,Annual,49503166.0,2,1
C02014,150,255000,38250000,1.7,Government,Large,Government,3,1,1334753.0,0,,0.0,5,6.5,Monthly,39584753.0,2,0
C02015,30,310000,9300000,1.4,Personal,Small,Normal,0,0,0.0,0,,0.0,0,1.8,Monthly,9300000.0,1,0
C02016,20,310000,6200000,3.5,Personal,Small,Normal,0,0,0.0,0,,0.0,0,3.9,Monthly,6200000.0,1,0
C02017,20,300000,6000000,2.5,Personal,Small,Normal,0,0,0.0,0,,0.0,0,3.1,Monthly,6000000.0,1,0
C02018,150,280000,42000000,2.4,Business,Large,University,2,0,0.0,0,,0.0,4,3.2,Monthly,42000000.0,1,0
C02019,200,220000,44000000,2.5,Government,Large,Government,3,1,314663.0,1,Shared,6803565.0,10,10.5,Monthly,51118228.0,3,1
C02020,20,300000,6000000,9.6,Personal,Small,Normal,0,0,0.0,0,,0.0,1,4.6,Annual,6000000.0,1,0
C02021,100,275000,27500000,2.6,Business,Medium,Small Business,1,1,1565800.0,0,,0.0,6,1.1,Monthly,29065800.0,2,0
C02022,30,315000,9450000,8.1,Personal,Small,Normal,0,0,0.0,0,,0.0,0,0.9,Monthly,9450000.0,1,0
C02023,200,220000,44000000,8.4,Business,Large,ISP Partner,3,1,542887.0,1,Dedicated,2124371.0,11,9.7,Annual,46667258.0,3,1
C02024,10,360000,3600000,3.8,Personal,Small,Normal,0,0,0.0,0,,0.0,4,5.8,Monthly,3600000.0,1,0
C02025,10,345000,3450000,9.2,Personal,Small,Normal,0,0,0.0,0,,0.0,2,1.6,Annual,3450000.0,1,0
C02026,200,250000,50000000,4.1,Business,Large,Enterprise,2,0,0.0,0,,0.0,6,4.5,Monthly,50000000.0,1,1
C02027,300,215000,64500000,7.5,Business,Medium,Small Business,1,0,0.0,0,,0.0,2,4.4,Annual,64500000.0,1,1
C02028,10,350000,3500000,5.1,Personal,Small,Normal,0,0,0.0,0,,0.0,0,3.5,Annual,3500000.0,1,0
C02029,30,290000,8700000,1.8,Personal,Small,Normal,0,0,0.0,0,,0.0,0,0.7,Monthly,8700000.0,1,0
C02030,10,350000,3500000,3.9,Personal,Small,Normal,0,0,0.0,0,,0.0,0,2.4,Monthly,3500000.0,1,0
C02031,150,230000,34500000,3.4,Business,Large,Hospital,3,1,491026.0,1,Shared,17781430.0,8,12.4,Monthly,52772456.0,3,1
C02032,10,320000,3200000,4.6,Personal,Small,Normal,0,0,0.0,0,,0.0,0,7.1,Monthly,3200000.0,1,0
C02033,10,360000,3600000,1.5,Personal,Small,Normal,0,0,0.0,0,,0.0,0,7.1,Monthly,3600000.0,1,0
C02034,100,270000,27000000,4.0,Business,Medium,Small Business,1,0,0.0,0,,0.0,3,4.7,Monthly,27000000.0,1,0
C02035,200,235000,47000000,8.8,Business,Large,Enterprise,2,1,1750698.0,0,,0.0,7,11.0,Annual,48750698.0,2,1
C02036,30,305000,9150000,6.5,Personal,Small,Normal,0,0,0.0,0,,0.0,1,5.6,Annual,9150000.0,1,0
C02037,20,320000,6400000,7.6,Business,Large,University,2,0,0.0,0,,0.0,2,4.9,Annual,6400000.0,1,0
C02038,150,235000,35250000,2.7,Business,Large,Enterprise,2,0,0.0,0,,0.0,4,4.9,Monthly,35250000.0,1,0
C02039,50,310000,15500000,7.1,Business,Medium,Small Business,1,1,1193314.0,0,,0.0,7,7.7,Annual,16693314.0,2,0
C02040,100,275000,27500000,4.9,Business,Small,Small Business,1,0,0.0,0,,0.0,3,7.2,Monthly,27500000.0,1,0
C02041,30,290000,8700000,8.6,Personal,Small,Normal,0,0,0.0,0,,0.0,0,4.9,Annual,8700000.0,1,0
C02042,150,265000,39750000,5.5,Business,Medium,Small Business,1,0,0.0,1,VPS,17203868.0,4,9.3,Monthly,56953868.0,2,1
C02043,200,255000,51000000,5.5,Government,Large,Government,3,1,1566763.0,1,Dedicated,12496807.0,11,8.6,Annual,65063570.0,3,1
C02044,150,245000,36750000,3.8,Business,Small,Small Business,1,0,0.0,1,VPS,10657659.0,3,0.0,Monthly,47407659.0,2,1
C02045,200,255000,25500000,8.8,Business,Medium,Small Business,1,1,1069952.0,0,,0.0,6,10.8,Annual,26569952.0,2,0
C02046,300,200000,60000000,9.1,Business,Large,University,2,1,873165.0,0,,0.0,3,2.8,Annual,60873165.0,2,1
C02047,10,395000,3950000,0.2,Personal,Small,Normal,0,0,0.0,0,,0.0,0,3.7,Monthly,3950000.0,1,0
C02048,100,290000,29000000,6.9,Business,Large,ISP Partner,3,1,1709816.0,1,Shared,16586979.0,8,5.7,Annual,47296795.0,3,1
C02049,20,300000,6000000,7.6,Personal,Small,Normal,0,0,0.0,0,,0.0,0,3.6,Annual,6000000.0,1,0
C02050,20,330000,6600000,7.1,Personal,Small,Normal,0,0,0.0,0,,0.0,0,0.6,Monthly,6600000.0,1,0
C02051,200,230000,46000000,1.6,Business,Large,University,2,0,0.0,0,,0.0,1,8.8,Monthly,46000000.0,1,1
C02052,10,350000,3500000,9.3,Personal,Small,Normal,0,0,0.0,0,,0.0,1,8.8,Monthly,3500000.0,1,0
C02053,150,265000,39750000,9.0,Business,Large,ISP Partner,3,1,1283820.0,1,VPS,10225995.0,6,8.4,Annual,51259815.0,3,1
C02054,10,370000,3700000,1.9,Personal,Small,Normal,0,0,0.0,0,,0.0,0,2.7,Monthly,3700000.0,1,0
C02055,200,225000,45000000,5.6,Business,Medium,Small Business,1,0,0.0,1,VPS,19155313.0,6,4.7,Annual,64155313.0,2,1
C02056,200,235000,47000000,6.9,Government,Large,Government,3,1,1475883.0,1,Shared,11817881.0,12,10.7,Monthly,60293764.0,3,1
C02057,150,230000,34500000,7.7,Business,Small,Small Business,1,1,724136.0,0,,0.0,5,5.8,Annual,35224136.0,2,0
C02058,150,250000,37500000,1.9,Business,Large,Hospital,3,1,1591369.0,0,,0.0,6,5.1,Monthly,39091369.0,2,0
C02059,200,270000,13500000,3.8,Business,Small,Small Business,1,0,0.0,1,Dedicated,13728753.0,6,6.2,Monthly,27228753.0,2,0
C02060,150,280000,42000000,1.6,Government,Large,Government,3,1,894045.0,1,VPS,19173185.0,10,10.1,Monthly,62067230.0,3,1
C02061,200,235000,47000000,8.9,Business,Medium,Small Business,1,1,760565.0,0,,0.0,3,4.1,Annual,47760565.0,2,1
C02062,30,310000,9300000,5.3,Personal,Small,Normal,0,0,0.0,0,,0.0,0,1.2,Annual,9300000.0,1,0
C02063,100,275000,27500000,5.5,Business,Medium,Small Business,1,1,1465070.0,1,VPS,8002273.0,6,6.4,Annual,36967343.0,3,0
C02064,50,270000,13500000,7.7,Business,Small,Small Business,1,0,0.0,0,,0.0,2,5.7,Annual,13500000.0,1,0
C02065,10,320000,3200000,6.4,Personal,Small,Normal,0,0,0.0,0,,0.0,1,4.0,Monthly,3200000.0,1,0
C02066,300,240000,72000000,4.0,Business,Large,ISP Partner,3,1,1792670.0,1,Shared,14365779.0,8,8.1,Monthly,88158449.0,3,1
C02067,30,310000,9300000,5.8,Personal,Small,Normal,0,0,0.0,1,Shared,19532056.0,5,6.7,Annual,28832056.0,2,0
C02068,100,255000,25500000,9.5,Government,Large,Government,3,1,1506023.0,1,Dedicated,14275341.0,10,5.9,Annual,41281364.0,3,0
C02069,300,245000,73500000,2.2,Business,Large,Enterprise,2,0,0.0,1,Dedicated,15036593.0,5,2.8,Monthly,88536593.0,2,1
C02070,300,240000,72000000,1.3,Business,Large,ISP Partner,3,1,353246.0,0,,0.0,9,9.1,Monthly,72353246.0,2,1
C02071,20,300000,6000000,6.8,Personal,Small,Normal,0,0,0.0,0,,0.0,3,7.5,Annual,6000000.0,1,0
C02072,20,345000,6900000,8.5,Personal,Small,Normal,0,0,0.0,0,,0.0,1,4.9,Annual,6900000.0,1,0
C02073,20,350000,7000000,2.0,Personal,Small,Normal,0,0,0.0,0,,0.0,1,6.1,Monthly,7000000.0,1,0
C02074,50,285000,14250000,5.7,Personal,Small,Normal,0,0,0.0,0,,0.0,0,3.8,Annual,14250000.0,1,0
C02075,10,340000,3400000,0.9,Personal,Small,Normal,0,0,0.0,0,,0.0,1,4.1,Monthly,3400000.0,1,0
C02076,30,320000,9600000,6.8,Personal,Small,Normal,0,0,0.0,0,,0.0,0,1.3,Monthly,9600000.0,1,0
C02077,10,370000,3700000,2.3,Personal,Small,Normal,0,0,0.0,1,Shared,17573562.0,3,4.0,Monthly,21273562.0,2,0
C02078,20,300000,6000000,8.1,Personal,Small,Normal,0,0,0.0,0,,0.0,0,0.1,Monthly,6000000.0,1,0
C02079,150,230000,34500000,7.8,Business,Medium,Small Business,1,1,1599451.0,0,,0.0,3,4.6,Annual,36099451.0,2,0
C02080,10,320000,3200000,8.1,Personal,Small,Normal,0,0,0.0,0,,0.0,1,1.6,Annual,3200000.0,1,0
C02081,100,260000,26000000,7.2,Government,Large,Government,3,0,0.0,1,Dedicated,3890996.0,10,6.6,Annual,29890996.0,2,0
C02082,10,340000,3400000,8.0,Personal,Small,Normal,0,0,0.0,0,,0.0,0,3.0,Monthly,3400000.0,1,0
C02083,200,230000,46000000,3.5,Business,Large,Enterprise,2,1,822822.0,0,,0.0,4,5.0,Monthly,46822822.0,2,1
C02084,200,220000,44000000,10.0,Business,Large,University,2,1,1908541.0,0,,0.0,5,2.6,Annual,45908541.0,2,1
C02085,300,200000,60000000,2.6,Business,Large,Enterprise,2,0,0.0,0,,0.0,3,5.6,Monthly,60000000.0,1,1
C02086,100,255000,25500000,6.3,Business,Medium,Small Business,1,1,1221434.0,1,Shared,11780631.0,5,8.5,Annual,38502065.0,3,0
C02087,150,230000,34500000,3.7,Business,Large,University,2,1,1496271.0,1,Shared,9570997.0,7,10.0,Monthly,45567268.0,3,1
C02088,10,345000,6693966,5.0,Personal,Small,Normal,0,0,0.0,0,,0.0,0,5.3,Monthly,6693966.0,1,0
C02089,100,285000,28500000,1.9,Business,Large,ISP Partner,3,1,1306517.0,1,Dedicated,14025303.0,7,4.3,Monthly,43831820.0,3,0
C02090,20,335000,6700000,8.9,Personal,Small,Normal,0,0,0.0,0,,0.0,2,4.3,Annual,6700000.0,1,0
C02091,150,230000,34500000,4.7,Business,Medium,Small Business,1,0,0.0,0,,0.0,1,3.8,Monthly,34500000.0,1,0
C02092,20,325000,6500000,9.2,Personal,Small,Normal,0,0,0.0,0,,0.0,1,6.1,Annual,6500000.0,1,0
C02093,20,345000,6900000,3.6,Personal,Small,Normal,0,0,0.0,0,,0.0,2,6.0,Monthly,6900000.0,1,0
C02094,20,300000,6000000,8.6,Business,Medium,Small Business,1,0,0.0,0,,0.0,4,8.5,Annual,6000000.0,1,0
C02095,50,270000,13500000,8.2,Personal,Small,Normal,0,0,0.0,0,,0.0,0,2.7,Annual,13500000.0,1,0
C02096,50,295000,14750000,1.9,Business,Small,Small Business,1,0,0.0,1,Shared,2738604.0,8,8.2,Monthly,17488604.0,2,0
C02097,10,360000,3600000,2.1,Personal,Small,Normal,0,0,0.0,0,,0.0,1,5.4,Monthly,3600000.0,1,0
C02098,50,270000,13500000,7.2,Business,Small,Small Business,1,0,0.0,0,,0.0,0,3.2,Annual,13500000.0,1,0
C02099,10,330000,3300000,0.8,Personal,Small,Normal,0,0,0.0,0,,0.0,0,1.1,Monthly,3300000.0,1,0
C02100,20,345000,6900000,1.7,Personal,Small,Normal,0,0,0.0,0,,0.0,2,8.0,Monthly,6900000.0,1,0
C02101,50,290000,14500000,8.6,Personal,Small,Normal,0,0,0.0,0,,0.0,0,3.0,Annual,14500000.0,1,0
C02102,20,305000,6100000,9.2,Personal,Small,Normal,0,0,0.0,0,,0.0,0,0.0,Monthly,6100000.0,1,0
C02103,30,290000,8700000,7.9,Personal,Small,Normal,0,0,0.0,0,,0.0,1,1.9,Monthly,8700000.0,1,0
C02104,20,350000,7000000,4.1,Personal,Small,Normal,0,0,0.0,0,,0.0,2,2.0,Monthly,7000000.0,1,0
C02105,150,250000,37500000,4.8,Business,Large,Enterprise,2,0,0.0,1,VPS,14848732.0,6,8.9,Monthly,52348732.0,2,1
C02106,200,255000,51000000,1.1,Business,Large,Hospital,3,1,1756861.0,0,,0.0,3,5.4,Monthly,52756861.0,2,1
C02107,150,230000,34500000,9.8,Business,Large,Hospital,3,1,1394385.0,1,Shared,4629337.0,7,8.1,Annual,40523722.0,3,0
C02108,150,230000,34500000,1.8,Business,Small,Small Business,1,0,0.0,1,VPS,10364621.0,3,5.3,Monthly,44864621.0,2,1
C02109,10,385000,3850000,1.8,Personal,Small,Normal,0,0,0.0,0,,0.0,2,5.9,Monthly,3850000.0,1,0
C02110,20,330000,17042542,4.4,Business,Small,Small Business,1,1,1217805.0,0,,0.0,3,0.0,Monthly,18260347.0,2,0
C02111,150,245000,36750000,8.1,Business,Large,University,2,1,1758710.0,0,,0.0,6,5.5,Monthly,38508710.0,2,0
C02112,100,250000,25000000,9.0,Business,Medium,Small Business,1,0,0.0,1,Shared,4074808.0,4,5.7,Annual,29074808.0,2,0
C02113,100,250000,25000000,9.5,Business,Small,Small Business,1,0,0.0,0,,0.0,4,5.4,Monthly,25000000.0,1,0
C02114,10,320000,3200000,8.8,Personal,Small,Normal,0,0,0.0,0,,0.0,0,3.1,Annual,3200000.0,1,0
C02115,100,285000,28500000,5.5,Business,Large,University,2,1,1724392.0,0,,0.0,3,6.8,Monthly,30224392.0,2,0
C02116,100,250000,25000000,5.9,Government,Large,Government,3,1,882008.0,0,,0.0,2,0.0,Annual,25882008.0,2,0
C02117,20,305000,6100000,6.3,Personal,Small,Normal,0,0,0.0,0,,0.0,2,1.1,Annual,6100000.0,1,0
C02118,30,320000,9600000,7.7,Personal,Small,Normal,0,0,0.0,0,,0.0,1,4.5,Annual,9600000.0,1,0
C02119,20,300000,6000000,6.2,Personal,Small,Normal,0,0,0.0,0,,0.0,0,2.5,Annual,6000000.0,1,0
C02120,10,320000,3200000,5.2,Personal,Small,Normal,0,0,0.0,1,Dedicated,11404375.0,3,8.2,Annual,14604375.0,2,0
C02121,150,260000,39000000,9.4,Business,Large,Enterprise,2,1,1841479.0,0,,0.0,3,6.4,Annual,40841479.0,2,0
C02122,20,365000,7300000,2.3,Personal,Small,Normal,0,0,0.0,0,,0.0,2,7.8,Monthly,7300000.0,1,0
C02123,50,270000,13500000,5.3,Personal,Small,Normal,0,0,0.0,0,,0.0,0,5.6,Annual,13500000.0,1,0
C02124,50,290000,14500000,6.8,Personal,Small,Normal,0,0,0.0,0,,0.0,0,3.1,Annual,14500000.0,1,0
C02125,30,290000,8700000,5.7,Personal,Small,Normal,0,0,0.0,0,,0.0,4,3.2,Annual,8700000.0,1,0
C02126,200,220000,44000000,9.7,Business,Large,ISP Partner,3,0,0.0,0,,0.0,0,2.4,Annual,44000000.0,1,1
C02127,10,340000,3400000,7.7,Personal,Small,Normal,0,0,0.0,0,,0.0,4,3.9,Monthly,3400000.0,1,0
C02128,300,200000,60000000,6.6,Government,Large,Government,3,1,1694359.0,1,Dedicated,8030834.0,6,5.5,Monthly,69725193.0,3,1
C02129,10,320000,3200000,5.7,Personal,Small,Normal,0,0,0.0,0,,0.0,1,2.4,Monthly,3200000.0,1,0
C02130,50,315000,15750000,0.5,Business,Medium,Small Business,1,1,971904.0,0,,0.0,7,6.5,Monthly,16721904.0,2,0
C02131,300,215000,64500000,3.5,Business,Large,Enterprise,2,0,0.0,0,,0.0,0,0.7,Monthly,64500000.0,1,1
C02132,20,310000,6200000,7.2,Personal,Small,Normal,0,0,0.0,0,,0.0,1,5.0,Annual,6200000.0,1,0
C02133,200,220000,44000000,9.3,Business,Large,Hospital,3,1,1909965.0,1,VPS,2702117.0,10,7.9,Annual,48612082.0,3,1
C02134,10,350000,3500000,9.3,Personal,Small,Normal,0,0,0.0,0,,0.0,0,4.5,Monthly,3500000.0,1,0
C02135,300,200000,60000000,5.2,Government,Large,Government,3,1,1185196.0,0,,0.0,5,6.2,Annual,61185196.0,2,1
C02136,30,300000,9000000,2.2,Personal,Small,Normal,0,0,0.0,0,,0.0,0,2.3,Monthly,9000000.0,1,0
C02137,10,365000,3650000,2.9,Personal,Small,Normal,0,0,0.0,0,,0.0,1,2.0,Monthly,3650000.0,1,0
C02138,30,310000,9300000,8.6,Business,Large,ISP Partner,3,1,1417139.0,1,VPS,3370961.0,8,7.7,Annual,14088100.0,3,0
C02139,100,305000,30500000,3.3,Business,Large,ISP Partner,3,1,1218884.0,1,Dedicated,12537066.0,6,8.2,Monthly,44255950.0,3,1
C02140,150,250000,37500000,1.6,Business,Medium,Small Business,1,1,1634333.0,0,,0.0,3,7.3,Monthly,39134333.0,2,0
C02141,30,300000,9000000,8.6,Personal,Small,Normal,0,0,0.0,0,,0.0,0,4.0,Annual,9000000.0,1,0
C02142,20,305000,6100000,9.8,Personal,Small,Normal,0,0,0.0,0,,0.0,0,5.2,Annual,6100000.0,1,0
C02143,300,235000,70500000,3.1,Business,Small,Small Business,1,0,0.0,1,VPS,17732796.0,3,6.6,Monthly,88232796.0,2,1
C02144,50,305000,15250000,6.4,Personal,Small,Normal,0,0,0.0,0,,0.0,0,4.9,Annual,15250000.0,1,0
C02145,200,220000,44000000,0.6,Government,Large,Government,3,1,445098.0,1,Shared,8633590.0,6,3.2,Monthly,53078688.0,3,1
C02146,100,260000,26000000,1.2,Government,Large,Government,3,1,1562452.0,0,,0.0,3,4.2,Monthly,27562452.0,2,0
C02147,10,345000,3450000,7.4,Personal,Small,Normal,0,0,0.0,0,,0.0,0,4.4,Annual,3450000.0,1,0
C02148,10,320000,3200000,4.4,Personal,Small,Normal,0,0,0.0,0,,0.0,1,1.9,Monthly,3200000.0,1,0
C02149,50,280000,14000000,6.5,Personal,Small,Normal,0,0,0.0,0,,0.0,0,0.2,Annual,14000000.0,1,0
C02150,10,375000,3750000,1.7,Personal,Small,Normal,0,0,0.0,0,,0.0,5,6.8,Monthly,3750000.0,1,0
C02151,20,300000,6000000,8.3,Business,Medium,Small Business,1,0,0.0,0,,0.0,6,5.7,Annual,6000000.0,1,0
C02152,10,320000,3200000,9.4,Personal,Small,Normal,0,0,0.0,0,,0.0,2,4.9,Annual,3200000.0,1,0
C02153,30,310000,9300000,4.9,Personal,Small,Normal,0,0,0.0,0,,0.0,3,3.1,Monthly,9300000.0,1,0
C02154,50,270000,13500000,4.8,Business,Small,Small Business,1,1,1633155.0,0,,0.0,4,4.8,Monthly,15133155.0,2,0
C02155,50,290000,14500000,6.6,Business,Small,Small Business,1,1,1706183.0,0,,0.0,2,4.5,Monthly,16206183.0,2,0
C02156,100,250000,25000000,5.5,Business,Large,Enterprise,2,0,0.0,0,,0.0,0,3.0,Annual,25000000.0,1,0
C02157,200,255000,51000000,0.3,Business,Medium,Small Business,1,1,649822.0,0,,0.0,8,5.8,Monthly,51649822.0,2,1
C02158,10,355000,3550000,8.9,Personal,Small,Normal,0,0,0.0,0,,0.0,2,7.5,Annual,3550000.0,1,0
C02159,30,295000,8850000,3.4,Business,Medium,Small Business,1,0,0.0,0,,0.0,4,5.6,Monthly,8850000.0,1,0
C02160,50,270000,13500000,4.1,Business,Small,Small Business,1,1,1070959.0,0,,0.0,4,5.5,Monthly,14570959.0,2,0
C02161,30,325000,9750000,7.7,Personal,Small,Normal,0,0,0.0,0,,0.0,0,1.4,Annual,9750000.0,1,0
C02162,150,230000,34500000,9.9,Business,Medium,Small Business,1,1,473494.0,0,,0.0,5,5.7,Annual,34973494.0,2,0
C02163,50,290000,14500000,7.5,Business,Small,Small Business,1,0,0.0,0,,0.0,5,4.4,Annual,14500000.0,1,0
C02164,150,265000,39750000,1.4,Business,Large,ISP Partner,3,1,1445890.0,1,VPS,4591815.0,10,11.0,Monthly,45787705.0,3,1
C02165,200,230000,46000000,9.5,Business,Medium,Small Business,1,1,1299794.0,0,,0.0,4,1.0,Annual,47299794.0,2,1
C02166,20,365000,7300000,2.2,Personal,Small,Normal,0,0,0.0,0,,0.0,0,4.8,Monthly,7300000.0,1,0
C02167,200,250000,50000000,3.0,Business,Large,Enterprise,2,0,0.0,0,,0.0,4,3.8,Monthly,50000000.0,1,1
C02168,20,350000,7000000,5.7,Personal,Small,Normal,0,0,0.0,0,,0.0,3,6.3,Annual,7000000.0,1,0
C02169,150,230000,34500000,5.4,Government,Large,Government,3,1,331518.0,1,Shared,14911389.0,8,12.3,Monthly,49742907.0,3,1
C02170,150,250000,37500000,7.0,Business,Medium,Small Business,1,1,1007046.0,0,,0.0,4,7.4,Annual,38507046.0,2,0
C02171,10,320000,3200000,7.3,Personal,Small,Normal,0,0,0.0,0,,0.0,2,4.3,Annual,3200000.0,1,0
C02172,200,235000,47000000,1.4,Government,Large,Government,3,1,1276269.0,1,VPS,6761213.0,9,9.0,Monthly,55037482.0,3,1
C02173,200,255000,51000000,4.2,Business,Large,Enterprise,2,0,0.0,0,,0.0,4,2.6,Monthly,51000000.0,1,1
C02174,20,300000,6000000,9.4,Personal,Small,Normal,0,0,0.0,0,,0.0,3,6.3,Monthly,6000000.0,1,0
C02175,20,330000,6600000,8.4,Business,Small,Small Business,1,1,349030.0,0,,0.0,4,7.7,Annual,6949030.0,2,0
C02176,100,275000,27500000,8.7,Business,Large,University,2,1,876574.0,1,Shared,7872894.0,9,4.5,Annual,36249468.0,3,0
C02177,10,325000,3250000,2.3,Personal,Small,Normal,0,0,0.0,0,,0.0,2,6.3,Monthly,3250000.0,1,0
C02178,300,225000,67500000,1.2,Business,Large,Enterprise,2,0,0.0,0,,0.0,5,3.1,Monthly,67500000.0,1,1
C02179,150,255000,38250000,3.8,Government,Large,Government,3,1,1026843.0,1,Dedicated,7432785.0,10,9.2,Monthly,46709628.0,3,1
C02180,200,220000,44000000,1.2,Business,Medium,Small Business,1,0,0.0,0,,0.0,4,4.5,Monthly,44000000.0,1,1
C02181,10,365000,3650000,1.2,Personal,Small,Normal,0,0,0.0,0,,0.0,2,1.8,Monthly,3650000.0,1,0
C02182,300,200000,60000000,1.9,Government,Large,Government,3,1,1822922.0,0,,0.0,6,9.1,Monthly,61822922.0,2,1
C02183,30,300000,9000000,4.6,Personal,Small,Normal,0,0,0.0,0,,0.0,1,2.0,Monthly,9000000.0,1,0
C02184,150,230000,34500000,3.5,Business,Small,Small Business,1,1,1178605.0,0,,0.0,6,7.1,Monthly,35678605.0,2,0
C02185,100,250000,25000000,4.7,Business,Medium,Small Business,1,0,0.0,0,,0.0,0,1.3,Monthly,25000000.0,1,0
C02186,100,270000,27000000,9.8,Business,Medium,Small Business,1,0,0.0,0,,0.0,3,5.5,Annual,27000000.0,1,0
C02187,10,320000,3200000,9.6,Personal,Small,Normal,0,0,0.0,0,,0.0,3,4.3,Annual,3200000.0,1,0
C02188,10,330000,3300000,9.4,Personal,Small,Normal,0,0,0.0,0,,0.0,3,6.0,Monthly,3300000.0,1,0
C02189,50,270000,13500000,4.5,Business,Small,Small Business,1,0,0.0,0,,0.0,3,3.2,Monthly,13500000.0,1,0
C02190,150,230000,34500000,2.5,Business,Medium,Small Business,1,0,0.0,0,,0.0,3,5.2,Monthly,34500000.0,1,0
C02191,100,290000,29000000,0.6,Business,Small,Small Business,1,1,1630585.0,0,,0.0,2,5.0,Monthly,30630585.0,2,0
C02192,20,330000,6600000,1.3,Personal,Small,Normal,0,0,0.0,0,,0.0,0,6.0,Monthly,6600000.0,1,0
C02193,200,220000,44000000,2.0,Business,Large,Enterprise,2,1,610606.0,1,Dedicated,18561630.0,7,7.3,Monthly,63172236.0,3,1
C02194,20,340000,6800000,1.8,Personal,Small,Normal,0,0,0.0,0,,0.0,4,3.0,Monthly,6800000.0,1,0
C02195,30,290000,8700000,4.6,Personal,Small,Normal,0,0,0.0,0,,0.0,0,2.2,Monthly,8700000.0,1,0
C02196,50,315000,15750000,3.7,Personal,Small,Normal,0,0,0.0,0,,0.0,2,3.7,Monthly,15750000.0,1,0
C02197,50,275000,13750000,7.1,Business,Medium,Small Business,1,0,0.0,1,Dedicated,7762381.0,8,4.1,Annual,21512381.0,2,0
C02198,100,290000,29000000,0.8,Business,Small,Small Business,1,0,0.0,0,,0.0,6,8.7,Monthly,29000000.0,1,0
C02199,200,245000,49000000,1.6,Business,Large,ISP Partner,3,1,684222.0,1,Dedicated,11939784.0,6,6.7,Monthly,61624006.0,3,1
C02200,30,330000,9900000,4.6,Business,Small,Small Business,1,0,0.0,0,,0.0,6,5.6,Monthly,9900000.0,1,0
C02201,100,255000,25500000,4.8,Government,Large,Government,3,1,898667.0,1,Dedicated,14588175.0,11,9.2,Monthly,40986842.0,3,0
C02202,30,300000,9000000,4.3,Personal,Small,Normal,0,0,0.0,0,,0.0,1,3.0,Monthly,9000000.0,1,0
C02203,150,290000,43500000,0.6,Business,Large,Hospital,3,1,911348.0,1,Shared,5509841.0,5,4.7,Monthly,49921189.0,3,1
C02204,200,275000,27500000,0.2,Business,Medium,Small Business,1,1,469774.0,0,,0.0,5,3.8,Monthly,27969774.0,2,0
C02205,20,300000,6000000,4.6,Personal,Small,Normal,0,0,0.0,0,,0.0,5,9.8,Monthly,6000000.0,1,0
C02206,100,265000,26500000,8.2,Business,Large,Enterprise,2,0,0.0,0,,0.0,4,7.9,Annual,26500000.0,1,0
C02207,10,320000,3200000,8.5,Personal,Small,Normal,0,0,0.0,0,,0.0,0,2.0,Annual,3200000.0,1,0
C02208,100,280000,28000000,4.1,Business,Large,Hospital,3,1,401091.0,0,,0.0,4,10.9,Monthly,28401091.0,2,0
C02209,20,340000,6800000,1.6,Personal,Small,Normal,0,0,0.0,0,,0.0,3,6.7,Monthly,6800000.0,1,0
C02210,100,275000,27500000,9.4,Business,Large,ISP Partner,3,1,1313531.0,1,Dedicated,3750910.0,9,5.5,Annual,32564441.0,3,0
C02211,20,315000,6300000,3.5,Business,Large,ISP Partner,3,1,1012251.0,0,,0.0,2,4.7,Monthly,7312251.0,2,0
C02212,300,215000,64500000,4.5,Business,Small,Small Business,1,1,1133062.0,1,Dedicated,8721532.0,8,9.7,Monthly,74354594.0,3,1
C02213,200,220000,44000000,9.4,Business,Medium,Small Business,1,1,1326006.0,0,,0.0,3,5.9,Annual,45326006.0,2,1
C02214,20,300000,6000000,4.5,Personal,Small,Normal,0,0,0.0,0,,0.0,0,4.9,Monthly,6000000.0,1,0
C02215,30,325000,9750000,0.9,Personal,Small,Normal,0,0,0.0,0,,0.0,2,4.1,Monthly,9750000.0,1,0
C02216,300,200000,60000000,7.6,Government,Large,Government,3,1,1906940.0,1,Shared,5096182.0,7,6.1,Annual,67003122.0,3,1
C02217,200,225000,45000000,6.2,Business,Large,ISP Partner,3,1,1729340.0,1,VPS,17678867.0,9,7.5,Annual,64408207.0,3,1
C02218,150,235000,35250000,1.3,Business,Medium,Small Business,1,1,1333288.0,0,,0.0,4,4.2,Monthly,36583288.0,2,0
C02219,10,325000,3250000,3.1,Personal,Small,Normal,0,0,0.0,0,,0.0,2,5.6,Monthly,3250000.0,1,0
C02220,10,385000,3850000,0.5,Personal,Small,Normal,0,0,0.0,0,,0.0,0,4.7,Monthly,3850000.0,1,0
C02221,300,200000,60000000,7.7,Business,Large,Enterprise,2,0,0.0,0,,0.0,5,6.4,Annual,60000000.0,1,1
C02222,100,250000,25000000,7.7,Business,Medium,Small Business,1,1,1871344.0,0,,0.0,7,8.7,Monthly,26871344.0,2,0
C02223,10,330000,3300000,7.9,Personal,Small,Normal,0,0,0.0,0,,0.0,1,3.4,Annual,3300000.0,1,0
C02224,200,220000,44000000,9.0,Business,Medium,Small Business,1,1,745805.0,0,,0.0,2,4.9,Annual,44745805.0,2,1
C02225,10,385000,3850000,1.5,Personal,Small,Normal,0,0,0.0,0,,0.0,0,0.2,Monthly,3850000.0,1,0
C02226,50,325000,16250000,1.2,Business,Medium,Small Business,1,1,1827259.0,0,,0.0,4,4.5,Monthly,18077259.0,2,0
C02227,20,300000,6000000,7.9,Personal,Small,Normal,0,0,0.0,0,,0.0,1,4.6,Annual,6000000.0,1,0
C02228,10,320000,3200000,1.0,Personal,Small,Normal,0,0,0.0,0,,0.0,2,2.1,Monthly,3200000.0,1,0
C02229,100,275000,27500000,7.9,Business,Medium,Small Business,1,0,0.0,0,,0.0,4,2.6,Annual,27500000.0,1,0
C02230,150,270000,40500000,6.7,Business,Large,University,2,0,0.0,0,,0.0,0,5.9,Annual,40500000.0,1,0
C02231,150,230000,34500000,3.2,Business,Medium,Small Business,1,1,413217.0,1,VPS,12622612.0,8,8.5,Monthly,47535829.0,3,1
C02232,30,290000,18553483,2.7,Personal,Small,Normal,0,0,0.0,0,,0.0,0,3.6,Monthly,18553483.0,1,0
C02233,20,325000,6500000,0.9,Personal,Small,Normal,0,0,0.0,0,,0.0,5,5.0,Monthly,6500000.0,1,0
C02234,100,250000,25000000,8.9,Government,Large,Government,3,1,311356.0,1,VPS,5551478.0,9,8.4,Annual,30862834.0,3,0
C02235,10,330000,3300000,6.1,Personal,Small,Normal,0,0,0.0,0,,0.0,0,4.0,Annual,3300000.0,1,0
C02236,20,300000,6000000,9.9,Personal,Small,Normal,0,0,0.0,0,,0.0,0,5.2,Annual,6000000.0,1,0
C02237,20,315000,6300000,9.5,Personal,Small,Normal,0,0,0.0,0,,0.0,0,4.6,Annual,6300000.0,1,0
C02238,20,325000,6500000,8.0,Personal,Small,Normal,0,0,0.0,1,Dedicated,17041132.0,3,3.7,Annual,23541132.0,2,0
C02239,50,270000,13500000,7.3,Personal,Small,Normal,0,0,0.0,0,,0.0,2,2.3,Annual,13500000.0,1,0
C02240,200,235000,47000000,2.7,Business,Small,Small Business,1,0,0.0,1,VPS,6762848.0,6,3.4,Monthly,53762848.0,2,1
C02241,100,250000,25000000,1.8,Government,Large,Government,3,1,395995.0,0,,0.0,3,3.3,Monthly,25395995.0,2,0
C02242,150,245000,36750000,7.5,Business,Large,Hospital,3,1,550029.0,1,Shared,12630726.0,7,5.3,Annual,49930755.0,3,1
C02243,50,280000,14000000,0.9,Personal,Small,Normal,0,0,0.0,0,,0.0,1,5.1,Monthly,14000000.0,1,0
C02244,20,355000,7100000,3.1,Personal,Small,Normal,0,0,0.0,0,,0.0,1,4.2,Monthly,7100000.0,1,0
C02245,50,300000,15000000,3.5,Personal,Small,Normal,0,1,1922499.0,0,,0.0,2,2.4,Monthly,16922499.0,2,0
C02246,50,310000,15500000,4.6,Personal,Small,Normal,0,0,0.0,0,,0.0,0,2.8,Monthly,15500000.0,1,0
C02247,30,300000,9000000,8.8,Business,Small,Small Business,1,1,577147.0,1,VPS,12392889.0,5,4.9,Annual,21970036.0,3,0
C02248,20,320000,6400000,2.8,Personal,Small,Normal,0,0,0.0,0,,0.0,0,1.6,Monthly,6400000.0,1,0
C02249,10,325000,3250000,2.2,Personal,Small,Normal,0,0,0.0,0,,0.0,0,5.4,Monthly,3250000.0,1,0
C02250,10,355000,3550000,1.6,Business,Large,University,2,0,0.0,0,,0.0,7,9.7,Monthly,3550000.0,1,0
C02251,200,225000,45000000,4.6,Government,Large,Government,3,1,1597058.0,1,VPS,6645223.0,9,12.1,Monthly,53242281.0,3,1
C02252,300,245000,73500000,1.2,Government,Large,Government,3,1,744867.0,0,,0.0,8,6.0,Monthly,74244867.0,2,1
C02253,50,270000,13500000,5.1,Personal,Small,Normal,0,0,0.0,0,,0.0,0,4.1,Monthly,13500000.0,1,0
C02254,10,320000,3200000,7.6,Personal,Small,Normal,0,0,0.0,0,,0.0,0,3.8,Annual,3200000.0,1,0
C02255,30,315000,9450000,8.2,Business,Medium,Small Business,1,0,0.0,0,,0.0,0,1.6,Annual,9450000.0,1,0
C02256,100,275000,27500000,7.9,Business,Small,Small Business,1,0,0.0,0,,0.0,3,5.0,Annual,27500000.0,1,0
C02257,50,270000,13500000,5.6,Business,Small,Small Business,1,1,638614.0,0,,0.0,6,5.8,Annual,14138614.0,2,0
C02258,200,260000,52000000,0.8,Government,Large,Government,3,1,705904.0,1,Dedicated,18175891.0,7,7.1,Monthly,70881795.0,3,1
C02259,200,255000,51000000,1.0,Business,Small,Small Business,1,0,0.0,0,,0.0,0,1.7,Monthly,51000000.0,1,1
C02260,100,255000,25500000,3.1,Business,Large,Enterprise,2,1,786546.0,1,VPS,14909752.0,9,6.3,Monthly,41196298.0,3,0
C02261,10,375000,3750000,4.8,Personal,Small,Normal,0,0,0.0,0,,0.0,0,0.3,Monthly,3750000.0,1,0
C02262,300,215000,64500000,8.1,Business,Small,Small Business,1,1,533799.0,0,,0.0,4,5.0,Annual,65033799.0,2,1
C02263,20,315000,6300000,5.1,Personal,Small,Normal,0,0,0.0,0,,0.0,0,0.8,Annual,6300000.0,1,0
C02264,100,260000,26000000,8.9,Government,Large,Government,3,1,948661.0,1,VPS,19988341.0,5,3.1,Monthly,46937002.0,3,1
C02265,150,280000,42000000,4.8,Business,Large,Hospital,3,0,0.0,0,,0.0,4,1.7,Monthly,42000000.0,1,0
C02266,10,365000,3650000,4.3,Personal,Small,Normal,0,0,0.0,0,,0.0,0,1.5,Monthly,3650000.0,1,0
C02267,50,270000,13500000,8.1,Personal,Small,Normal,0,0,0.0,0,,0.0,0,4.2,Annual,13500000.0,1,0
C02268,100,265000,26500000,8.3,Government,Large,Government,3,1,579830.0,1,VPS,7364544.0,9,6.8,Monthly,34444374.0,3,0
C02269,50,270000,13500000,3.5,Business,Large,University,2,0,0.0,0,,0.0,4,8.2,Monthly,13500000.0,1,0
C02270,100,265000,26500000,1.1,Business,Medium,Small Business,1,1,396145.0,0,,0.0,7,8.0,Monthly,26896145.0,2,0
C02271,30,335000,10050000,6.9,Personal,Small,Normal,0,0,0.0,0,,0.0,1,8.9,Annual,10050000.0,1,0
C02272,300,200000,60000000,7.6,Government,Large,Government,3,1,330609.0,1,Shared,3687666.0,8,8.8,Annual,64018275.0,3,1
C02273,20,315000,6300000,1.3,Personal,Small,Normal,0,0,0.0,0,,0.0,0,5.3,Monthly,6300000.0,1,0
C02274,20,300000,6000000,8.6,Personal,Small,Normal,0,0,0.0,0,,0.0,0,4.6,Monthly,6000000.0,1,0
C02275,100,250000,25000000,6.3,Business,Medium,Small Business,1,1,332733.0,0,,0.0,3,1.1,Monthly,25332733.0,2,0
C02276,20,300000,6000000,9.7,Personal,Small,Normal,0,0,0.0,0,,0.0,2,2.9,Monthly,6000000.0,1,0
C02277,10,360000,3600000,1.5,Personal,Small,Normal,0,0,0.0,0,,0.0,1,5.2,Monthly,3600000.0,1,0
C02278,20,350000,7000000,6.2,Business,Small,Small Business,1,1,1270513.0,1,Shared,6226707.0,10,11.1,Annual,14497220.0,3,0
C02279,10,345000,3450000,1.4,Personal,Small,Normal,0,0,0.0,0,,0.0,0,3.5,Monthly,3450000.0,1,0
C02280,30,290000,8700000,5.1,Personal,Small,Normal,0,0,0.0,0,,0.0,0,1.9,Annual,8700000.0,1,0
C02281,200,220000,44000000,6.6,Business,Large,ISP Partner,3,1,1252661.0,1,VPS,8759853.0,8,7.0,Monthly,54012514.0,3,1
C02282,20,310000,6200000,3.6,Personal,Small,Normal,0,0,0.0,0,,0.0,0,2.8,Monthly,6200000.0,1,0
C02283,10,320000,3200000,9.5,Personal,Small,Normal,0,0,0.0,0,,0.0,0,1.2,Annual,3200000.0,1,0
C02284,50,310000,15500000,1.4,Personal,Small,Normal,0,1,1664856.0,0,,0.0,3,2.3,Monthly,17164856.0,2,0
C02285,10,320000,3200000,2.4,Personal,Small,Normal,0,0,0.0,0,,0.0,4,6.1,Monthly,3200000.0,1,0
C02286,20,325000,6500000,3.7,Business,Small,Small Business,1,1,1155894.0,1,VPS,6248579.0,9,5.8,Monthly,13904473.0,3,0
C02287,150,230000,34500000,5.3,Business,Small,Small Business,1,1,1438538.0,1,VPS,19437296.0,9,7.9,Annual,55375834.0,3,1
C02288,300,200000,60000000,7.5,Government,Large,Government,3,0,0.0,0,,0.0,0,1.6,Annual,60000000.0,1,1
C02289,10,320000,3200000,8.2,Personal,Small,Normal,0,0,0.0,0,,0.0,0,1.3,Annual,3200000.0,1,0
C02290,10,345000,3450000,3.5,Personal,Small,Normal,0,0,0.0,1,VPS,19377316.0,3,7.9,Monthly,22827316.0,2,0
C02291,10,340000,3400000,8.9,Personal,Small,Normal,0,0,0.0,0,,0.0,0,0.6,Annual,3400000.0,1,0
C02292,150,280000,42000000,3.1,Business,Medium,Small Business,1,0,0.0,0,,0.0,0,1.8,Monthly,42000000.0,1,0
C02293,30,290000,8700000,5.9,Business,Small,Small Business,1,1,682148.0,1,Dedicated,14758244.0,10,7.6,Annual,24140392.0,3,0
C02294,150,275000,41250000,6.2,Business,Small,Small Business,1,0,0.0,0,,0.0,1,5.0,Annual,41250000.0,1,0
C02295,10,375000,3750000,1.9,Personal,Small,Normal,0,1,487507.0,0,,0.0,4,8.3,Monthly,4237507.0,2,0
C02296,50,270000,13500000,9.1,Personal,Small,Normal,0,0,0.0,0,,0.0,0,4.4,Annual,13500000.0,1,0
C02297,10,375000,3750000,0.3,Personal,Small,Normal,0,0,0.0,0,,0.0,0,2.6,Monthly,3750000.0,1,0
C02298,300,200000,60000000,9.0,Government,Large,Government,3,0,0.0,1,VPS,6925706.0,6,7.8,Annual,66925706.0,2,1
C02299,100,285000,28500000,0.6,Business,Small,Small Business,1,0,0.0,0,,0.0,2,0.7,Monthly,28500000.0,1,0
C02300,100,280000,28000000,0.9,Business,Medium,Small Business,1,0,0.0,1,Shared,5215775.0,6,6.0,Monthly,33215775.0,2,0
C02301,300,225000,67500000,2.3,Government,Large,Government,3,1,1464861.0,1,Dedicated,8563787.0,7,5.6,Monthly,77528648.0,3,1
C02302,30,320000,9600000,5.8,Personal,Small,Normal,0,0,0.0,0,,0.0,0,2.5,Annual,9600000.0,1,0
C02303,30,305000,9150000,9.7,Business,Large,ISP Partner,3,1,923082.0,1,Shared,12777114.0,10,6.1,Annual,22850196.0,3,0
C02304,20,300000,11337766,4.2,Business,Small,Small Business,1,0,0.0,1,VPS,5435742.0,9,9.0,Monthly,16773508.0,2,0
C02305,200,240000,48000000,3.9,Business,Large,Enterprise,2,0,0.0,0,,0.0,2,3.1,Monthly,48000000.0,1,1
C02306,10,365000,3650000,2.7,Personal,Small,Normal,0,0,0.0,0,,0.0,0,2.7,Monthly,3650000.0,1,0
C02307,20,310000,6200000,6.8,Personal,Small,Normal,0,0,0.0,0,,0.0,1,4.6,Annual,6200000.0,1,0
C02308,300,200000,60000000,3.3,Business,Large,Enterprise,2,1,1644176.0,0,,0.0,4,2.9,Monthly,61644176.0,2,1
C02309,10,365000,3650000,6.1,Personal,Small,Normal,0,0,0.0,0,,0.0,0,5.4,Annual,3650000.0,1,0
C02310,150,235000,35250000,8.6,Government,Large,Government,3,1,1562247.0,1,Shared,19324839.0,5,7.7,Annual,56137086.0,3,1
C02311,50,285000,14250000,3.1,Business,Small,Small Business,1,0,0.0,0,,0.0,2,2.8,Monthly,14250000.0,1,0
C02312,150,260000,39000000,1.1,Government,Large,Government,3,1,891979.0,1,Shared,17506340.0,9,8.9,Monthly,57398319.0,3,1
C02313,100,290000,29000000,5.8,Government,Large,Government,3,1,1499388.0,1,Dedicated,11947416.0,8,5.5,Monthly,42446804.0,3,0
C02314,50,295000,14750000,6.0,Personal,Small,Normal,0,0,0.0,0,,0.0,0,4.7,Annual,14750000.0,1,0
C02315,30,290000,8700000,0.5,Personal,Small,Normal,0,0,0.0,0,,0.0,0,2.8,Monthly,8700000.0,1,0
C02316,30,330000,9900000,7.2,Personal,Small,Normal,0,0,0.0,0,,0.0,2,2.9,Monthly,9900000.0,1,0
C02317,30,290000,8700000,8.7,Personal,Small,Normal,0,0,0.0,0,,0.0,2,2.6,Annual,8700000.0,1,0
C02318,30,320000,9600000,6.0,Business,Small,Small Business,1,0,0.0,1,Dedicated,8102577.0,4,1.4,Monthly,17702577.0,2,0
C02319,20,300000,6000000,8.6,Personal,Small,Normal,0,0,0.0,0,,0.0,3,5.5,Annual,6000000.0,1,0
C02320,10,355000,3550000,5.1,Personal,Small,Normal,0,0,0.0,0,,0.0,2,3.1,Monthly,3550000.0,1,0
C02321,50,290000,14500000,1.6,Personal,Small,Normal,0,0,0.0,0,,0.0,4,5.7,Monthly,14500000.0,1,0
C02322,20,300000,6000000,5.1,Personal,Small,Normal,0,0,0.0,0,,0.0,0,6.0,Annual,6000000.0,1,0
C02323,20,350000,7000000,7.3,Personal,Small,Normal,0,0,0.0,0,,0.0,0,4.3,Monthly,7000000.0,1,0
C02324,100,285000,28500000,8.0,Business,Large,University,2,1,608959.0,0,,0.0,2,4.4,Annual,29108959.0,2,0
C02325,100,250000,25000000,5.2,Business,Large,Hospital,3,1,628783.0,1,Dedicated,11817022.0,6,5.7,Annual,37445805.0,3,0
C02326,30,320000,9600000,8.4,Personal,Small,Normal,0,0,0.0,0,,0.0,4,5.4,Annual,9600000.0,1,0
C02327,10,335000,3350000,2.0,Personal,Small,Normal,0,0,0.0,0,,0.0,3,4.1,Monthly,3350000.0,1,0
C02328,200,220000,44000000,9.5,Business,Small,Small Business,1,1,1160974.0,0,,0.0,3,4.5,Annual,45160974.0,2,1
C02329,200,240000,48000000,6.4,Business,Small,Small Business,1,0,0.0,0,,0.0,1,4.3,Annual,48000000.0,1,1
C02330,150,250000,37500000,9.2,Government,Large,Government,3,1,1021239.0,1,Dedicated,10856325.0,10,10.0,Annual,49377564.0,3,1
C02331,20,300000,6000000,2.7,Personal,Small,Normal,0,0,0.0,0,,0.0,1,4.7,Monthly,6000000.0,1,0
C02332,50,280000,14000000,7.2,Business,Medium,Small Business,1,0,0.0,0,,0.0,3,8.8,Annual,14000000.0,1,0
C02333,30,300000,9000000,2.3,Business,Large,University,2,1,1583443.0,0,,0.0,4,4.7,Monthly,10583443.0,2,0
C02334,10,320000,3200000,9.3,Personal,Small,Normal,0,0,0.0,0,,0.0,0,2.6,Annual,3200000.0,1,0
C02335,10,345000,3450000,3.6,Personal,Small,Normal,0,0,0.0,0,,0.0,0,4.5,Monthly,3450000.0,1,0
C02336,100,275000,27500000,0.6,Government,Large,Government,3,0,0.0,1,VPS,11844538.0,5,6.7,Monthly,39344538.0,2,0
C02337,10,365000,3650000,0.5,Personal,Small,Normal,0,0,0.0,0,,0.0,0,5.1,Monthly,3650000.0,1,0
C02338,50,310000,15500000,3.8,Personal,Small,Normal,0,0,0.0,0,,0.0,1,2.8,Monthly,15500000.0,1,0
C02339,30,335000,10050000,0.5,Personal,Small,Normal,0,0,0.0,0,,0.0,1,5.7,Monthly,10050000.0,1,0
C02340,50,310000,15500000,1.6,Business,Medium,Small Business,1,0,0.0,0,,0.0,6,5.8,Monthly,15500000.0,1,0
C02341,10,370000,3700000,4.6,Personal,Small,Normal,0,0,0.0,0,,0.0,3,6.6,Monthly,3700000.0,1,0
C02342,100,260000,26000000,2.7,Business,Small,Small Business,1,0,0.0,0,,0.0,3,6.0,Monthly,26000000.0,1,0
C02343,50,310000,15500000,1.9,Business,Large,Hospital,3,1,1846314.0,0,,0.0,3,7.9,Monthly,17346314.0,2,0
C02344,100,285000,28500000,1.4,Business,Small,Small Business,1,1,1222994.0,0,,0.0,2,5.2,Monthly,29722994.0,2,0
C02345,100,255000,25500000,2.9,Business,Large,Hospital,3,1,904881.0,1,VPS,11857815.0,11,10.2,Monthly,38262696.0,3,0
C02346,150,235000,35250000,7.4,Government,Large,Government,3,1,861274.0,0,,0.0,3,5.7,Annual,36111274.0,2,0
C02347,300,225000,67500000,8.1,Business,Medium,Small Business,1,0,0.0,0,,0.0,5,7.5,Annual,67500000.0,1,1
C02348,30,290000,8700000,4.3,Personal,Small,Normal,0,0,0.0,0,,0.0,5,6.2,Monthly,8700000.0,1,0
C02349,30,330000,9900000,6.4,Personal,Small,Normal,0,0,0.0,0,,0.0,1,2.1,Annual,9900000.0,1,0
C02350,20,335000,6700000,0.4,Business,Large,University,2,1,1739011.0,0,,0.0,4,8.7,Monthly,8439011.0,2,0
C02351,50,280000,14000000,9.2,Personal,Small,Normal,0,0,0.0,0,,0.0,0,2.0,Annual,14000000.0,1,0
C02352,20,330000,6600000,1.7,Personal,Small,Normal,0,0,0.0,0,,0.0,1,4.1,Monthly,6600000.0,1,0
C02353,50,270000,13500000,5.3,Business,Large,Enterprise,2,0,0.0,1,VPS,4058437.0,7,10.2,Annual,17558437.0,2,0
C02354,10,340000,3400000,0.5,Personal,Small,Normal,0,0,0.0,0,,0.0,0,3.4,Monthly,3400000.0,1,0
C02355,30,320000,9600000,10.0,Personal,Small,Normal,0,0,0.0,0,,0.0,0,0.0,Monthly,9600000.0,1,0
C02356,200,220000,44000000,4.1,Government,Large,Government,3,1,963209.0,1,Shared,12586476.0,5,5.9,Monthly,57549685.0,3,1
C02357,20,330000,6600000,6.0,Personal,Small,Normal,0,1,1771414.0,0,,0.0,4,7.7,Monthly,8371414.0,2,0
C02358,30,290000,8700000,0.7,Business,Large,Hospital,3,1,1604042.0,0,,0.0,2,4.2,Monthly,10304042.0,2,0
C02359,100,300000,30000000,0.8,Business,Medium,Small Business,1,1,1540650.0,0,,0.0,4,10.1,Monthly,31540650.0,2,0
C02360,100,280000,28000000,7.1,Government,Large,Government,3,1,593016.0,0,,0.0,6,8.0,Annual,28593016.0,2,0
C02361,50,320000,16000000,4.3,Business,Small,Small Business,1,1,1499471.0,0,,0.0,5,7.4,Monthly,17499471.0,2,0
C02362,100,300000,30000000,1.0,Business,Medium,Small Business,1,1,1480461.0,0,,0.0,3,4.5,Monthly,31480461.0,2,0
C02363,200,220000,44000000,5.4,Government,Large,Government,3,1,1667859.0,0,,0.0,7,7.4,Annual,45667859.0,2,1
C02364,10,335000,3350000,2.9,Personal,Small,Normal,0,0,0.0,0,,0.0,0,1.6,Monthly,3350000.0,1,0
C02365,100,285000,28500000,3.3,Business,Medium,Small Business,1,1,1894265.0,0,,0.0,5,9.4,Monthly,30394265.0,2,0
C02366,200,225000,45000000,9.8,Business,Large,Enterprise,2,1,525621.0,0,,0.0,4,3.5,Monthly,45525621.0,2,1
C02367,10,320000,3200000,3.5,Personal,Small,Normal,0,1,604387.0,0,,0.0,2,4.0,Monthly,3804387.0,2,0
C02368,10,360000,3600000,4.5,Personal,Small,Normal,0,0,0.0,0,,0.0,2,5.9,Monthly,3600000.0,1,0
C02369,30,325000,9750000,6.7,Business,Medium,Small Business,1,0,0.0,1,Dedicated,17470042.0,11,10.5,Annual,27220042.0,2,0
C02370,20,300000,6000000,5.5,Business,Small,Small Business,1,0,0.0,0,,0.0,0,3.6,Annual,6000000.0,1,0
C02371,50,300000,15000000,5.3,Personal,Small,Normal,0,0,0.0,0,,0.0,3,3.8,Annual,15000000.0,1,0
C02372,150,230000,34500000,1.3,Business,Small,Small Business,1,1,1938662.0,1,Dedicated,13912125.0,9,8.4,Monthly,50350787.0,3,1
C02373,50,275000,13750000,9.3,Personal,Small,Normal,0,0,0.0,0,,0.0,0,3.3,Annual,13750000.0,1,0
C02374,20,300000,6000000,8.0,Business,Small,Small Business,1,0,0.0,1,Dedicated,12465944.0,6,3.6,Monthly,18465944.0,2,0
C02375,100,250000,25000000,2.7,Government,Large,Government,3,1,1115586.0,0,,0.0,2,3.3,Monthly,26115586.0,2,0
C02376,10,335000,3350000,0.5,Personal,Small,Normal,0,0,0.0,0,,0.0,6,9.7,Monthly,3350000.0,1,0
C02377,10,345000,3450000,5.1,Personal,Small,Normal,0,0,0.0,0,,0.0,2,1.0,Annual,3450000.0,1,0
C02378,20,355000,7100000,0.4,Personal,Small,Normal,0,0,0.0,0,,0.0,0,5.5,Monthly,7100000.0,1,0
C02379,10,320000,3200000,9.8,Business,Small,Small Business,1,0,0.0,0,,0.0,0,6.2,Monthly,3200000.0,1,0
C02380,30,295000,8850000,1.0,Personal,Small,Normal,0,0,0.0,0,,0.0,0,4.9,Monthly,8850000.0,1,0
C02381,10,390000,3900000,1.4,Personal,Small,Normal,0,0,0.0,0,,0.0,2,4.5,Monthly,3900000.0,1,0
C02382,10,325000,3250000,0.3,Business,Small,Small Business,1,1,381175.0,0,,0.0,3,4.5,Monthly,3631175.0,2,0
C02383,10,360000,3600000,0.2,Personal,Small,Normal,0,0,0.0,0,,0.0,2,7.0,Monthly,3600000.0,1,0
C02384,20,340000,6800000,1.1,Personal,Small,Normal,0,0,0.0,0,,0.0,1,1.0,Monthly,6800000.0,1,0
C02385,100,250000,25000000,5.5,Business,Large,University,2,0,0.0,0,,0.0,3,2.4,Monthly,25000000.0,1,0
C02386,300,230000,69000000,1.2,Business,Small,Small Business,1,0,0.0,0,,0.0,1,6.1,Monthly,69000000.0,1,1
C02387,10,325000,3250000,4.7,Personal,Small,Normal,0,0,0.0,0,,0.0,0,5.1,Monthly,3250000.0,1,0
C02388,30,295000,8850000,3.5,Business,Small,Small Business,1,1,507604.0,0,,0.0,7,9.4,Monthly,9357604.0,2,0
C02389,200,220000,44000000,4.7,Business,Large,Hospital,3,1,1494161.0,1,Shared,8157653.0,9,10.1,Monthly,53651814.0,3,1
C02390,20,365000,7300000,1.9,Business,Large,University,2,1,1905909.0,1,VPS,11572196.0,8,8.0,Monthly,20778105.0,3,0
C02391,10,325000,3250000,3.9,Personal,Small,Normal,0,0,0.0,0,,0.0,1,0.0,Monthly,3250000.0,1,0
C02392,50,305000,15250000,1.6,Personal,Small,Normal,0,0,0.0,0,,0.0,2,1.6,Monthly,15250000.0,1,0
C02393,200,230000,46000000,9.6,Government,Large,Government,3,0,0.0,1,VPS,4495385.0,8,7.3,Monthly,50495385.0,2,1
C02394,300,235000,70500000,6.0,Business,Large,Hospital,3,1,1314520.0,0,,0.0,4,5.4,Monthly,71814520.0,2,1
C02395,300,240000,72000000,0.4,Government,Large,Government,3,1,1554636.0,0,,0.0,4,2.7,Monthly,73554636.0,2,1
C02396,20,310000,6200000,8.8,Business,Medium,Small Business,1,1,1077971.0,0,,0.0,3,6.0,Annual,7277971.0,2,0
C02397,150,275000,41250000,5.9,Business,Small,Small Business,1,0,0.0,1,Dedicated,17984350.0,6,4.2,Annual,59234350.0,2,1
C02398,100,295000,29500000,4.5,Government,Large,Government,3,1,762596.0,1,VPS,16895585.0,9,8.4,Monthly,47158181.0,3,1
C02399,10,390000,3900000,0.3,Personal,Small,Normal,0,0,0.0,0,,0.0,1,1.5,Monthly,3900000.0,1,0
C02400,300,210000,63000000,0.4,Business,Small,Small Business,1,1,1306494.0,1,Shared,11354301.0,6,2.9,Monthly,75660795.0,3,1
C02401,20,310000,6200000,8.4,Personal,Small,Normal,0,0,0.0,0,,0.0,0,2.6,Annual,6200000.0,1,0
C02402,10,360000,3600000,4.4,Business,Medium,Small Business,1,0,0.0,0,,0.0,1,3.4,Monthly,3600000.0,1,0
C02403,10,360000,3600000,9.5,Personal,Small,Normal,0,0,0.0,0,,0.0,1,1.0,Annual,3600000.0,1,0
C02404,10,320000,3200000,8.2,Personal,Small,Normal,0,0,0.0,0,,0.0,1,4.6,Annual,3200000.0,1,0
C02405,30,290000,8700000,9.6,Personal,Small,Normal,0,0,0.0,0,,0.0,1,1.7,Annual,8700000.0,1,0
C02406,10,375000,3750000,1.2,Personal,Small,Normal,0,0,0.0,0,,0.0,3,2.2,Monthly,3750000.0,1,0
C02407,10,365000,3650000,2.3,Personal,Small,Normal,0,0,0.0,0,,0.0,0,3.7,Monthly,3650000.0,1,0
C02408,10,360000,3600000,0.2,Personal,Small,Normal,0,0,0.0,0,,0.0,2,2.5,Monthly,3600000.0,1,0
C02409,10,360000,3600000,6.5,Personal,Small,Normal,0,0,0.0,0,,0.0,0,4.0,Annual,3600000.0,1,0
C02410,200,230000,34500000,2.5,Business,Small,Small Business,1,0,0.0,0,,0.0,0,1.9,Monthly,34500000.0,1,0
C02411,200,220000,44000000,5.0,Government,Large,Government,3,1,778314.0,1,VPS,3554800.0,8,6.3,Monthly,48333114.0,3,1
C02412,20,345000,6900000,3.1,Personal,Small,Normal,0,0,0.0,0,,0.0,0,1.2,Monthly,6900000.0,1,0
C02413,50,270000,13500000,7.6,Personal,Small,Normal,0,0,0.0,0,,0.0,4,8.6,Annual,13500000.0,1,0
C02414,50,270000,13500000,9.5,Personal,Small,Normal,0,0,0.0,0,,0.0,1,3.6,Monthly,13500000.0,1,0
C02415,10,355000,3550000,7.0,Personal,Small,Normal,0,0,0.0,0,,0.0,0,4.8,Monthly,3550000.0,1,0
C02416,10,370000,3700000,6.1,Personal,Small,Normal,0,0,0.0,0,,0.0,0,4.5,Monthly,3700000.0,1,0
C02417,30,340000,10200000,2.4,Personal,Small,Normal,0,0,0.0,0,,0.0,0,0.1,Monthly,10200000.0,1,0
C02418,30,300000,9000000,7.0,Business,Small,Small Business,1,1,455396.0,0,,0.0,5,7.6,Annual,9455396.0,2,0
C02419,50,270000,13500000,4.3,Business,Medium,Small Business,1,0,0.0,0,,0.0,4,4.9,Monthly,13500000.0,1,0
C02420,30,305000,9150000,3.9,Personal,Small,Normal,0,0,0.0,0,,0.0,2,0.8,Monthly,9150000.0,1,0
C02421,50,270000,13500000,6.8,Personal,Small,Normal,0,0,0.0,0,,0.0,4,4.9,Annual,13500000.0,1,0
C02422,30,305000,9150000,1.2,Personal,Small,Normal,0,0,0.0,0,,0.0,0,1.2,Monthly,9150000.0,1,0
C02423,100,275000,27500000,6.9,Business,Small,Small Business,1,0,0.0,0,,0.0,1,3.4,Annual,27500000.0,1,0
C02424,10,375000,3750000,4.7,Business,Small,Small Business,1,1,1554583.0,0,,0.0,5,5.2,Monthly,5304583.0,2,0
C02425,20,300000,6000000,8.3,Personal,Small,Normal,0,0,0.0,0,,0.0,0,5.1,Monthly,6000000.0,1,0
C02426,150,230000,34500000,7.7,Business,Small,Small Business,1,1,1602587.0,0,,0.0,2,6.9,Annual,36102587.0,2,0
C02427,10,355000,3550000,3.9,Personal,Small,Normal,0,0,0.0,0,,0.0,0,0.0,Monthly,3550000.0,1,0
C02428,10,320000,3200000,8.9,Personal,Small,Normal,0,0,0.0,0,,0.0,0,0.0,Annual,3200000.0,1,0
C02429,20,300000,6000000,5.3,Business,Small,Small Business,1,0,0.0,1,VPS,17736436.0,3,5.0,Annual,23736436.0,2,0
C02430,100,285000,28500000,1.7,Business,Small,Small Business,1,1,420908.0,0,,0.0,6,4.2,Monthly,28920908.0,2,0
C02431,150,270000,40500000,5.0,Business,Medium,Small Business,1,0,0.0,0,,0.0,0,3.5,Monthly,40500000.0,1,0
C02432,20,325000,6500000,9.4,Personal,Small,Normal,0,0,0.0,0,,0.0,0,4.2,Annual,6500000.0,1,0
C02433,20,325000,6500000,9.2,Personal,Small,Normal,0,0,0.0,0,,0.0,0,3.2,Annual,6500000.0,1,0
C02434,10,365000,3650000,2.7,Personal,Small,Normal,0,0,0.0,0,,0.0,0,3.3,Monthly,3650000.0,1,0
C02435,10,320000,3200000,5.8,Personal,Small,Normal,0,0,0.0,0,,0.0,0,2.8,Annual,3200000.0,1,0
C02436,20,350000,7000000,2.1,Business,Medium,Small Business,1,1,1205075.0,0,,0.0,4,6.0,Monthly,8205075.0,2,0
C02437,100,250000,25000000,4.7,Government,Large,Government,3,1,685995.0,1,Dedicated,7981937.0,10,11.8,Monthly,33667932.0,3,0
C02438,30,320000,9600000,0.4,Personal,Small,Normal,0,1,1407609.0,0,,0.0,6,7.1,Monthly,11007609.0,2,0
C02439,200,220000,44000000,3.7,Business,Small,Small Business,1,1,1646210.0,1,VPS,17669022.0,9,5.4,Monthly,63315232.0,3,1
C02440,10,325000,3250000,5.5,Personal,Small,Normal,0,0,0.0,0,,0.0,1,4.9,Annual,3250000.0,1,0
C02441,300,200000,60000000,5.0,Government,Large,Government,3,1,438012.0,0,,0.0,5,13.3,Monthly,60438012.0,2,1
C02442,100,310000,31000000,0.7,Business,Large,Enterprise,2,0,0.0,0,,0.0,0,4.3,Monthly,31000000.0,1,0
C02443,50,270000,13500000,8.4,Business,Medium,Small Business,1,0,0.0,0,,0.0,3,3.1,Monthly,13500000.0,1,0
C02444,20,300000,6000000,8.5,Personal,Small,Normal,0,0,0.0,0,,0.0,0,0.0,Annual,6000000.0,1,0
C02445,10,345000,3450000,6.1,Personal,Small,Normal,0,0,0.0,0,,0.0,0,3.4,Annual,3450000.0,1,0
C02446,300,245000,73500000,4.2,Business,Large,Enterprise,2,0,0.0,1,VPS,16820669.0,5,9.5,Monthly,90320669.0,2,1
C02447,10,360000,3600000,9.2,Personal,Small,Normal,0,0,0.0,0,,0.0,0,0.0,Annual,3600000.0,1,0
C02448,300,225000,67500000,1.2,Business,Large,Enterprise,2,0,0.0,0,,0.0,2,3.8,Monthly,67500000.0,1,1
C02449,20,300000,6000000,1.3,Personal,Small,Normal,0,0,0.0,0,,0.0,0,3.9,Monthly,6000000.0,1,0
C02450,30,325000,9750000,4.2,Personal,Small,Normal,0,0,0.0,0,,0.0,2,4.8,Monthly,9750000.0,1,0
C02451,150,240000,36000000,0.5,Business,Medium,Small Business,1,1,759675.0,0,,0.0,9,8.5,Monthly,36759675.0,2,0
C02452,30,305000,9150000,4.7,Personal,Small,Normal,0,0,0.0,0,,0.0,0,6.1,Monthly,9150000.0,1,0
C02453,20,350000,7000000,3.5,Personal,Small,Normal,0,0,0.0,0,,0.0,0,5.2,Monthly,7000000.0,1,0
C02454,50,270000,13500000,9.8,Business,Medium,Small Business,1,0,0.0,0,,0.0,1,2.8,Annual,13500000.0,1,0
C02455,10,335000,3350000,6.5,Personal,Small,Normal,0,0,0.0,0,,0.0,0,1.1,Annual,3350000.0,1,0
C02456,10,320000,3200000,8.9,Personal,Small,Normal,0,0,0.0,0,,0.0,0,2.9,Annual,3200000.0,1,0
C02457,300,250000,75000000,1.9,Business,Small,Small Business,1,0,0.0,1,Dedicated,9797653.0,6,4.3,Monthly,84797653.0,2,1
C02458,300,215000,64500000,0.4,Government,Large,Government,3,1,1265536.0,1,Dedicated,19649737.0,9,8.3,Monthly,85415273.0,3,1
C02459,30,305000,9150000,0.3,Business,Medium,Small Business,1,1,1191149.0,1,VPS,13839152.0,6,4.6,Monthly,24180301.0,3,0
C02460,100,295000,29500000,1.3,Business,Large,Enterprise,2,1,300493.0,0,,0.0,3,5.0,Monthly,29800493.0,2,0
C02461,300,220000,66000000,7.1,Business,Large,Hospital,3,1,1008940.0,0,,0.0,6,7.5,Annual,67008940.0,2,1
C02462,200,220000,44000000,1.5,Business,Large,Enterprise,2,1,1598486.0,0,,0.0,5,5.8,Monthly,45598486.0,2,1
C02463,200,220000,44000000,4.0,Business,Medium,Small Business,1,0,0.0,0,,0.0,0,4.0,Monthly,44000000.0,1,1
C02464,10,320000,3200000,7.9,Personal,Small,Normal,0,0,0.0,0,,0.0,0,0.0,Annual,3200000.0,1,0
C02465,30,320000,9600000,5.6,Personal,Small,Normal,0,0,0.0,0,,0.0,4,5.2,Annual,9600000.0,1,0
C02466,50,295000,14750000,8.9,Personal,Small,Normal,0,0,0.0,0,,0.0,4,6.1,Monthly,14750000.0,1,0
C02467,30,320000,9600000,5.0,Personal,Small,Normal,0,0,0.0,0,,0.0,1,1.6,Monthly,9600000.0,1,0
C02468,100,250000,25000000,5.2,Business,Large,Hospital,3,1,1813071.0,1,VPS,14970588.0,9,7.2,Annual,41783659.0,3,0
C02469,50,275000,13750000,1.5,Personal,Small,Normal,0,0,0.0,0,,0.0,0,4.3,Monthly,13750000.0,1,0
C02470,50,285000,14250000,0.5,Business,Small,Small Business,1,0,0.0,0,,0.0,2,5.6,Monthly,14250000.0,1,0
C02471,50,275000,13750000,7.2,Business,Small,Small Business,1,1,452695.0,0,,0.0,2,2.4,Monthly,14202695.0,2,0
C02472,10,340000,3400000,1.1,Personal,Small,Normal,0,0,0.0,0,,0.0,1,3.8,Monthly,3400000.0,1,0
C02473,20,315000,6300000,6.3,Personal,Small,Normal,0,0,0.0,0,,0.0,0,3.2,Monthly,6300000.0,1,0
C02474,200,245000,49000000,3.8,Government,Large,Government,3,1,1263991.0,1,VPS,19804586.0,6,4.6,Monthly,70068577.0,3,1
C02475,10,335000,3350000,1.0,Personal,Small,Normal,0,0,0.0,0,,0.0,2,1.7,Monthly,3350000.0,1,0
C02476,10,375000,3750000,1.2,Personal,Small,Normal,0,1,1383150.0,0,,0.0,3,5.4,Monthly,5133150.0,2,0
C02477,30,305000,9150000,9.7,Personal,Small,Normal,0,0,0.0,1,Dedicated,3696164.0,3,5.9,Annual,12846164.0,2,0
C02478,10,380000,3800000,3.0,Personal,Small,Normal,0,0,0.0,0,,0.0,3,1.4,Monthly,3800000.0,1,0
C02479,10,330000,3300000,9.1,Personal,Small,Normal,0,0,0.0,0,,0.0,2,6.5,Annual,3300000.0,1,0
C02480,300,205000,61500000,1.7,Business,Medium,Small Business,1,1,676418.0,0,,0.0,7,3.9,Monthly,62176418.0,2,1
C02481,30,290000,8700000,9.0,Personal,Small,Normal,0,0,0.0,0,,0.0,0,3.9,Annual,8700000.0,1,0
C02482,300,200000,60000000,7.3,Government,Large,Government,3,1,1206541.0,1,Dedicated,15915742.0,6,6.0,Annual,77122283.0,3,1
C02483,10,380000,3800000,2.4,Personal,Small,Normal,0,0,0.0,0,,0.0,6,3.3,Monthly,3800000.0,1,0
C02484,10,365000,3650000,3.8,Personal,Small,Normal,0,0,0.0,0,,0.0,0,3.9,Monthly,3650000.0,1,0
C02485,150,250000,37500000,3.1,Government,Large,Government,3,1,678949.0,1,VPS,5325910.0,9,9.3,Monthly,43504859.0,3,0
C02486,150,230000,34500000,1.9,Business,Medium,Small Business,1,0,0.0,1,VPS,5762635.0,7,6.8,Monthly,40262635.0,2,0
C02487,200,220000,44000000,3.1,Business,Small,Small Business,1,0,0.0,0,,0.0,0,0.7,Monthly,44000000.0,1,1
C02488,10,320000,3200000,8.6,Personal,Small,Normal,0,0,0.0,0,,0.0,0,1.4,Annual,3200000.0,1,0
C02489,50,270000,13500000,8.7,Personal,Small,Normal,0,0,0.0,0,,0.0,3,4.8,Monthly,13500000.0,1,0
C02490,300,200000,60000000,5.1,Business,Large,University,2,0,0.0,1,VPS,17481876.0,8,9.3,Annual,77481876.0,2,1
C02491,30,290000,8700000,6.2,Personal,Small,Normal,0,0,0.0,0,,0.0,2,3.7,Annual,8700000.0,1,0
C02492,300,200000,60000000,9.7,Business,Large,University,2,1,1924403.0,0,,0.0,5,6.2,Annual,61924403.0,2,1
C02493,10,355000,3550000,8.0,Personal,Small,Normal,0,0,0.0,0,,0.0,1,4.8,Monthly,3550000.0,1,0
C02494,50,280000,14000000,7.5,Personal,Small,Normal,0,0,0.0,0,,0.0,0,4.6,Monthly,14000000.0,1,0
C02495,20,325000,6500000,5.8,Personal,Small,Normal,0,0,0.0,0,,0.0,2,6.5,Annual,6500000.0,1,0
C02496,50,280000,14000000,5.0,Business,Large,Hospital,3,1,1262455.0,1,Dedicated,8678773.0,8,6.1,Monthly,23941228.0,3,0
C02497,20,300000,6000000,3.0,Personal,Small,Normal,0,0,0.0,0,,0.0,2,4.1,Monthly,6000000.0,1,0
C02498,50,270000,13500000,6.3,Personal,Small,Normal,0,0,0.0,0,,0.0,1,0.6,Annual,13500000.0,1,0
C02499,150,230000,34500000,7.1,Government,Large,Government,3,1,1830572.0,1,VPS,10321908.0,7,5.2,Monthly,46652480.0,3,1
C02500,30,345000,10350000,2.8,Personal,Small,Normal,0,0,0.0,0,,0.0,0,4.5,Monthly,10350000.0,1,0
C02501,50,270000,13500000,2.6,Personal,Small,Normal,0,0,0.0,0,,0.0,4,7.0,Monthly,13500000.0,1,0
C02502,200,235000,47000000,4.5,Business,Small,Small Business,1,1,1160370.0,0,,0.0,8,8.3,Monthly,48160370.0,2,1
C02503,20,305000,6100000,0.5,Personal,Small,Normal,0,0,0.0,0,,0.0,0,3.1,Monthly,6100000.0,1,0
C02504,200,220000,44000000,6.1,Government,Large,Government,3,1,958012.0,1,VPS,9124915.0,7,5.5,Monthly,54082927.0,3,1
C02505,30,325000,9750000,5.5,Business,Large,University,2,1,1679357.0,0,,0.0,5,5.7,Annual,11429357.0,2,0
C02506,20,335000,6700000,3.3,Business,Medium,Small Business,1,1,315237.0,1,Dedicated,17462391.0,7,4.4,Monthly,24477628.0,3,0
C02507,150,255000,38250000,0.2,Business,Medium,Small Business,1,1,1586581.0,0,,0.0,4,4.6,Monthly,39836581.0,2,0
C02508,30,295000,8850000,7.5,Personal,Small,Normal,0,1,1622449.0,0,,0.0,2,7.3,Annual,10472449.0,2,0
C02509,200,220000,44000000,6.8,Business,Medium,Small Business,1,0,0.0,1,VPS,5646471.0,6,7.4,Annual,49646471.0,2,1
C02510,20,330000,6600000,7.0,Personal,Small,Normal,0,1,1135307.0,0,,0.0,2,3.6,Annual,7735307.0,2,0
C02511,10,385000,3850000,3.3,Personal,Small,Normal,0,0,0.0,0,,0.0,0,0.0,Monthly,3850000.0,1,0
C02512,300,220000,66000000,5.0,Business,Large,University,2,0,0.0,0,,0.0,2,1.7,Monthly,66000000.0,1,1
C02513,20,310000,6200000,1.6,Personal,Small,Normal,0,0,0.0,0,,0.0,1,3.7,Monthly,6200000.0,1,0
C02514,20,300000,6000000,9.6,Personal,Small,Normal,0,1,1471994.0,0,,0.0,3,4.7,Annual,7471994.0,2,0
C02515,20,345000,6900000,7.5,Personal,Small,Normal,0,0,0.0,0,,0.0,0,3.2,Monthly,6900000.0,1,0
C02516,10,350000,3500000,4.3,Personal,Small,Normal,0,0,0.0,0,,0.0,0,2.3,Monthly,3500000.0,1,0
C02517,300,215000,64500000,8.2,Business,Large,Hospital,3,1,1808433.0,1,Shared,7673451.0,8,10.5,Annual,73981884.0,3,1
C02518,300,200000,60000000,6.5,Business,Large,Enterprise,2,0,0.0,0,,0.0,1,2.2,Annual,60000000.0,1,1
C02519,100,250000,25000000,6.7,Business,Small,Small Business,1,1,672506.0,0,,0.0,6,7.4,Annual,25672506.0,2,0
C02520,20,310000,6200000,9.2,Personal,Small,Normal,0,0,0.0,0,,0.0,1,1.6,Monthly,6200000.0,1,0
C02521,20,360000,7200000,2.5,Business,Large,Hospital,3,1,802633.0,1,Shared,17778376.0,9,6.1,Monthly,25781009.0,3,0
C02522,30,315000,9450000,2.7,Personal,Small,Normal,0,0,0.0,0,,0.0,1,4.1,Monthly,9450000.0,1,0
C02523,10,330000,3300000,6.3,Personal,Small,Normal,0,0,0.0,0,,0.0,0,2.9,Annual,3300000.0,1,0
C02524,10,350000,3500000,7.2,Personal,Small,Normal,0,1,1472829.0,0,,0.0,2,8.1,Annual,4972829.0,2,0
C02525,100,300000,30000000,0.6,Business,Medium,Small Business,1,0,0.0,1,VPS,9196683.0,3,5.9,Monthly,39196683.0,2,0
C02526,150,230000,34500000,4.6,Business,Medium,Small Business,1,0,0.0,0,,0.0,5,6.8,Monthly,34500000.0,1,0
C02527,50,300000,15000000,8.4,Business,Medium,Small Business,1,1,1869267.0,0,,0.0,8,8.2,Annual,16869267.0,2,0
C02528,100,250000,25000000,2.4,Business,Medium,Small Business,1,0,0.0,0,,0.0,2,4.8,Monthly,25000000.0,1,0
C02529,300,200000,60000000,0.6,Business,Small,Small Business,1,1,642322.0,1,Dedicated,17536262.0,10,9.6,Monthly,78178584.0,3,1
C02530,20,310000,6200000,0.5,Personal,Small,Normal,0,0,0.0,0,,0.0,0,4.7,Monthly,6200000.0,1,0
C02531,20,345000,6900000,9.2,Personal,Small,Normal,0,0,0.0,0,,0.0,2,4.6,Monthly,6900000.0,1,0
C02532,10,355000,3550000,4.2,Personal,Small,Normal,0,0,0.0,0,,0.0,2,1.1,Monthly,3550000.0,1,0
C02533,100,275000,27500000,8.1,Business,Large,University,2,0,0.0,1,VPS,7817407.0,6,7.0,Annual,35317407.0,2,0
C02534,100,280000,28000000,5.8,Business,Medium,Small Business,1,0,0.0,0,,0.0,3,4.1,Annual,28000000.0,1,0
C02535,50,310000,15500000,5.7,Personal,Small,Normal,0,0,0.0,0,,0.0,2,5.4,Annual,15500000.0,1,0
C02536,50,325000,16250000,5.1,Business,Small,Small Business,1,1,1772374.0,1,Shared,13572731.0,5,7.8,Monthly,31595105.0,3,0
C02537,20,305000,6100000,3.4,Personal,Small,Normal,0,0,0.0,0,,0.0,1,5.8,Monthly,6100000.0,1,0
C02538,300,225000,67500000,0.2,Government,Large,Government,3,1,1149851.0,0,,0.0,6,5.6,Monthly,68649851.0,2,1
C02539,10,335000,3350000,4.4,Personal,Small,Normal,0,0,0.0,0,,0.0,2,4.5,Monthly,3350000.0,1,0
C02540,300,205000,61500000,7.6,Government,Large,Government,3,1,630281.0,0,,0.0,6,5.8,Monthly,62130281.0,2,1
C02541,10,320000,3200000,4.4,Personal,Small,Normal,0,0,0.0,0,,0.0,3,4.2,Monthly,3200000.0,1,0
C02542,300,205000,61500000,2.7,Business,Large,ISP Partner,3,1,1927742.0,1,VPS,18936730.0,11,8.2,Monthly,82364472.0,3,1
C02543,10,325000,3250000,2.8,Personal,Small,Normal,0,0,0.0,1,Shared,15279043.0,3,4.4,Monthly,18529043.0,2,0
C02544,10,325000,3250000,0.4,Personal,Small,Normal,0,0,0.0,0,,0.0,2,6.0,Monthly,3250000.0,1,0
C02545,100,250000,25000000,7.3,Government,Large,Government,3,1,1521604.0,1,VPS,2179814.0,9,10.4,Annual,28701418.0,3,0
C02546,150,230000,34500000,4.5,Business,Large,Hospital,3,1,793256.0,1,VPS,17249436.0,6,5.7,Monthly,52542692.0,3,1
C02547,150,230000,34500000,9.6,Government,Large,Government,3,1,1869815.0,0,,0.0,4,1.8,Annual,36369815.0,2,0
C02548,150,280000,42000000,3.9,Business,Small,Small Business,1,0,0.0,0,,0.0,3,5.0,Monthly,42000000.0,1,0
C02549,150,275000,41250000,0.2,Business,Medium,Small Business,1,1,1789136.0,0,,0.0,8,10.0,Monthly,43039136.0,2,0
C02550,10,355000,3550000,5.8,Personal,Small,Normal,0,0,0.0,0,,0.0,1,3.8,Annual,3550000.0,1,0
C02551,100,285000,28500000,4.9,Business,Medium,Small Business,1,1,1370161.0,0,,0.0,3,5.0,Monthly,29870161.0,2,0
C02552,100,250000,25000000,8.5,Business,Small,Small Business,1,0,0.0,0,,0.0,2,5.7,Annual,25000000.0,1,0
C02553,200,265000,53000000,0.9,Business,Medium,Small Business,1,0,0.0,0,,0.0,7,9.4,Monthly,53000000.0,1,1
C02554,100,275000,27500000,4.3,Government,Large,Government,3,1,1964476.0,0,,0.0,7,4.9,Monthly,29464476.0,2,0
C02555,50,300000,15000000,4.3,Personal,Small,Normal,0,0,0.0,0,,0.0,2,7.2,Monthly,15000000.0,1,0
C02556,30,290000,8700000,7.0,Personal,Small,Normal,0,0,0.0,0,,0.0,1,3.4,Annual,8700000.0,1,0
C02557,200,220000,44000000,7.6,Business,Small,Small Business,1,0,0.0,0,,0.0,5,6.9,Annual,44000000.0,1,1
C02558,20,325000,6500000,7.8,Personal,Small,Normal,0,0,0.0,0,,0.0,0,2.2,Annual,6500000.0,1,0
C02559,20,300000,6000000,6.0,Personal,Small,Normal,0,0,0.0,0,,0.0,0,0.6,Annual,6000000.0,1,0
C02560,30,290000,19027669,1.3,Personal,Small,Normal,0,0,0.0,0,,0.0,0,0.0,Monthly,19027669.0,1,0
C02561,10,335000,3350000,8.6,Personal,Small,Normal,0,0,0.0,0,,0.0,2,3.6,Annual,3350000.0,1,0
C02562,50,270000,13500000,9.9,Personal,Small,Normal,0,0,0.0,0,,0.0,0,3.5,Annual,13500000.0,1,0
C02563,20,310000,6200000,5.0,Personal,Small,Normal,0,0,0.0,0,,0.0,0,4.0,Monthly,6200000.0,1,0
C02564,200,240000,48000000,3.2,Business,Medium,Small Business,1,0,0.0,1,VPS,8639692.0,7,6.1,Monthly,56639692.0,2,1
C02565,50,300000,15000000,0.4,Business,Small,Small Business,1,1,540504.0,0,,0.0,7,6.3,Monthly,15540504.0,2,0
C02566,100,290000,29000000,6.1,Business,Large,University,2,1,990251.0,0,,0.0,5,3.6,Monthly,29990251.0,2,0
C02567,20,305000,6100000,8.4,Personal,Small,Normal,0,0,0.0,0,,0.0,3,4.7,Annual,6100000.0,1,0
C02568,50,295000,14750000,6.7,Personal,Small,Normal,0,0,0.0,0,,0.0,2,6.4,Annual,14750000.0,1,0
C02569,10,345000,3450000,1.8,Personal,Small,Normal,0,0,0.0,0,,0.0,0,3.2,Monthly,3450000.0,1,0
C02570,300,200000,60000000,9.4,Government,Large,Government,3,1,1394114.0,1,Dedicated,6972690.0,6,7.0,Annual,68366804.0,3,1
C02571,20,340000,6800000,6.2,Personal,Small,Normal,0,0,0.0,0,,0.0,0,7.8,Annual,6800000.0,1,0
C02572,100,265000,26500000,6.6,Business,Small,Small Business,1,0,0.0,0,,0.0,6,6.8,Monthly,26500000.0,1,0
C02573,20,325000,6500000,0.8,Personal,Small,Normal,0,0,0.0,0,,0.0,1,4.8,Monthly,6500000.0,1,0
C02574,10,320000,3200000,6.2,Personal,Small,Normal,0,0,0.0,0,,0.0,0,2.9,Annual,3200000.0,1,0
C02575,30,290000,8700000,8.1,Personal,Small,Normal,0,0,0.0,0,,0.0,0,4.7,Annual,8700000.0,1,0
C02576,50,290000,14500000,3.9,Business,Medium,Small Business,1,0,0.0,0,,0.0,2,1.4,Monthly,14500000.0,1,0
C02577,100,250000,25000000,10.0,Business,Large,University,2,1,1524014.0,0,,0.0,7,7.2,Annual,26524014.0,2,0
C02578,200,245000,49000000,4.3,Business,Medium,Small Business,1,0,0.0,0,,0.0,3,3.0,Monthly,49000000.0,1,1
C02579,10,320000,3200000,7.1,Business,Large,Hospital,3,1,871199.0,1,VPS,2106940.0,5,5.7,Annual,6178139.0,3,0
C02580,150,275000,41250000,5.1,Business,Large,ISP Partner,3,1,415151.0,0,,0.0,6,7.6,Monthly,41665151.0,2,0
C02581,20,335000,6700000,1.8,Business,Medium,Small Business,1,0,0.0,0,,0.0,0,0.9,Monthly,6700000.0,1,0
C02582,150,230000,34500000,6.5,Business,Large,Enterprise,2,1,1632863.0,0,,0.0,2,3.5,Annual,36132863.0,2,0
C02583,10,375000,3750000,1.1,Personal,Small,Normal,0,0,0.0,0,,0.0,1,4.3,Monthly,3750000.0,1,0
C02584,10,360000,3600000,3.8,Personal,Small,Normal,0,0,0.0,0,,0.0,0,2.4,Monthly,3600000.0,1,0
C02585,50,275000,13750000,4.0,Business,Small,Small Business,1,0,0.0,0,,0.0,3,8.6,Monthly,13750000.0,1,0
C02586,100,250000,25000000,8.6,Business,Medium,Small Business,1,0,0.0,0,,0.0,3,3.3,Monthly,25000000.0,1,0
C02587,20,315000,6300000,0.4,Business,Small,Small Business,1,1,757844.0,0,,0.0,4,5.4,Monthly,7057844.0,2,0
C02588,100,270000,27000000,2.4,Government,Large,Government,3,1,761926.0,1,Shared,17360538.0,9,11.1,Monthly,45122464.0,3,1
C02589,100,255000,25500000,3.2,Business,Medium,Small Business,1,0,0.0,0,,0.0,4,6.2,Monthly,25500000.0,1,0
C02590,20,320000,6400000,9.8,Personal,Small,Normal,0,0,0.0,0,,0.0,1,1.1,Annual,6400000.0,1,0
C02591,200,220000,44000000,5.6,Government,Large,Government,3,1,1380711.0,0,,0.0,3,4.5,Annual,45380711.0,2,1
C02592,300,215000,64500000,6.5,Business,Large,Hospital,3,1,1088083.0,0,,0.0,4,2.6,Monthly,65588083.0,2,1
C02593,300,225000,67500000,1.7,Business,Large,University,2,0,0.0,1,VPS,5359189.0,5,6.6,Monthly,72859189.0,2,1
C02594,100,315000,31500000,0.4,Business,Large,Hospital,3,1,837523.0,1,Dedicated,15468780.0,7,6.5,Monthly,47806303.0,3,1
C02595,150,260000,39000000,8.1,Business,Medium,Small Business,1,1,713736.0,0,,0.0,5,7.1,Annual,39713736.0,2,0
C02596,10,350000,3500000,7.6,Personal,Small,Normal,0,0,0.0,0,,0.0,2,4.0,Annual,3500000.0,1,0
C02597,200,220000,44000000,4.0,Government,Large,Government,3,1,938048.0,1,Dedicated,9874208.0,7,6.8,Monthly,54812256.0,3,1
C02598,200,225000,45000000,9.6,Business,Large,Enterprise,2,1,383648.0,0,,0.0,5,3.1,Annual,45383648.0,2,1
C02599,150,230000,34500000,7.7,Business,Large,ISP Partner,3,1,608599.0,1,Shared,10956742.0,9,11.2,Monthly,46065341.0,3,1
C02600,10,350000,3500000,9.0,Personal,Small,Normal,0,0,0.0,0,,0.0,1,3.4,Monthly,3500000.0,1,0
C02601,200,270000,54000000,0.3,Business,Small,Small Business,1,0,0.0,0,,0.0,5,5.6,Monthly,54000000.0,1,1
C02602,10,370000,3700000,6.3,Personal,Small,Normal,0,0,0.0,0,,0.0,0,2.8,Annual,3700000.0,1,0
C02603,300,200000,60000000,6.2,Business,Large,University,2,1,1985207.0,0,,0.0,3,6.0,Annual,61985207.0,2,1
C02604,10,320000,3200000,1.4,Personal,Small,Normal,0,0,0.0,0,,0.0,3,5.9,Monthly,3200000.0,1,0
C02605,100,270000,27000000,3.4,Business,Small,Small Business,1,1,1740470.0,0,,0.0,6,3.9,Monthly,28740470.0,2,0
C02606,50,270000,13500000,4.3,Personal,Small,Normal,0,0,0.0,0,,0.0,0,0.0,Monthly,13500000.0,1,0
C02607,30,290000,8700000,9.1,Personal,Small,Normal,0,0,0.0,0,,0.0,1,2.0,Annual,8700000.0,1,0
C02608,10,360000,3600000,4.9,Personal,Small,Normal,0,0,0.0,0,,0.0,2,4.7,Monthly,3600000.0,1,0
C02609,150,230000,34500000,5.1,Business,Small,Small Business,1,0,0.0,0,,0.0,3,6.1,Annual,34500000.0,1,0
C02610,10,320000,3200000,5.7,Personal,Small,Normal,0,0,0.0,0,,0.0,2,1.3,Annual,3200000.0,1,0
C02611,20,355000,7100000,5.1,Personal,Small,Normal,0,0,0.0,0,,0.0,2,6.6,Monthly,7100000.0,1,0
C02612,100,280000,28000000,8.9,Business,Large,University,2,1,1579780.0,0,,0.0,3,7.6,Annual,29579780.0,2,0
C02613,30,290000,8700000,9.5,Business,Small,Small Business,1,1,1170372.0,0,,0.0,3,5.1,Annual,9870372.0,2,0
C02614,50,290000,14500000,1.4,Business,Small,Small Business,1,1,1962479.0,0,,0.0,6,8.1,Monthly,16462479.0,2,0
C02615,150,230000,34500000,5.6,Government,Large,Government,3,1,1037659.0,1,Dedicated,5030275.0,11,9.5,Annual,40567934.0,3,0
C02616,30,350000,10500000,0.4,Business,Large,University,2,1,671605.0,0,,0.0,7,11.1,Monthly,11171605.0,2,0
C02617,100,275000,27500000,8.8,Business,Large,Hospital,3,1,512841.0,0,,0.0,2,6.0,Monthly,28012841.0,2,0
C02618,150,230000,34500000,8.6,Business,Small,Small Business,1,1,566974.0,0,,0.0,5,5.8,Annual,35066974.0,2,0
C02619,10,350000,3500000,1.7,Business,Medium,Small Business,1,0,0.0,0,,0.0,3,6.4,Monthly,3500000.0,1,0
C02620,200,220000,44000000,6.5,Business,Large,Hospital,3,1,1700749.0,1,Dedicated,14874782.0,7,6.4,Annual,60575531.0,3,1
C02621,200,255000,51000000,6.5,Business,Medium,Small Business,1,0,0.0,0,,0.0,6,9.5,Annual,51000000.0,1,1
C02622,20,300000,6000000,1.0,Personal,Small,Normal,0,0,0.0,0,,0.0,4,0.9,Monthly,6000000.0,1,0
C02623,200,220000,44000000,7.5,Government,Large,Government,3,1,1267846.0,1,VPS,5513751.0,6,8.8,Annual,50781597.0,3,1
C02624,100,285000,28500000,5.2,Business,Small,Small Business,1,0,0.0,0,,0.0,5,8.0,Monthly,28500000.0,1,0
C02625,10,355000,3550000,8.6,Personal,Small,Normal,0,0,0.0,0,,0.0,0,3.2,Annual,3550000.0,1,0
C02626,50,270000,13500000,5.2,Business,Medium,Small Business,1,0,0.0,0,,0.0,2,2.3,Annual,13500000.0,1,0
C02627,300,215000,64500000,3.8,Business,Large,Enterprise,2,0,0.0,0,,0.0,5,4.9,Monthly,64500000.0,1,1
C02628,20,340000,6800000,9.7,Personal,Small,Normal,0,0,0.0,0,,0.0,3,6.6,Annual,6800000.0,1,0
C02629,100,285000,28500000,3.3,Business,Small,Small Business,1,1,839197.0,0,,0.0,7,4.1,Monthly,29339197.0,2,0
C02630,20,325000,6500000,1.9,Personal,Small,Normal,0,0,0.0,0,,0.0,0,6.2,Monthly,6500000.0,1,0
C02631,20,315000,6300000,6.1,Business,Small,Small Business,1,0,0.0,0,,0.0,1,8.8,Annual,6300000.0,1,0
C02632,100,250000,25000000,2.4,Business,Medium,Small Business,1,0,0.0,0,,0.0,6,8.2,Monthly,25000000.0,1,0
C02633,10,370000,3700000,6.0,Personal,Small,Normal,0,0,0.0,0,,0.0,2,4.1,Monthly,3700000.0,1,0
C02634,100,250000,25000000,2.3,Business,Large,Hospital,3,1,349812.0,1,VPS,18704106.0,7,5.9,Monthly,44053918.0,3,1
C02635,10,375000,3750000,5.1,Business,Medium,Small Business,1,0,0.0,0,,0.0,4,7.9,Annual,3750000.0,1,0
C02636,100,250000,25000000,6.2,Business,Small,Small Business,1,1,555483.0,0,,0.0,6,3.6,Annual,25555483.0,2,0
C02637,300,210000,63000000,0.8,Business,Small,Small Business,1,0,0.0,0,,0.0,5,7.5,Monthly,63000000.0,1,1
C02638,30,350000,10500000,0.2,Personal,Small,Normal,0,0,0.0,0,,0.0,4,3.6,Monthly,10500000.0,1,0
C02639,10,355000,3550000,4.0,Personal,Small,Normal,0,0,0.0,0,,0.0,1,4.9,Monthly,3550000.0,1,0
C02640,30,325000,9750000,7.7,Personal,Small,Normal,0,0,0.0,0,,0.0,0,5.0,Monthly,9750000.0,1,0
C02641,150,235000,35250000,0.5,Business,Medium,Small Business,1,1,1370512.0,0,,0.0,5,7.3,Monthly,36620512.0,2,0
C02642,30,290000,8700000,4.8,Personal,Small,Normal,0,0,0.0,0,,0.0,0,2.1,Monthly,8700000.0,1,0
C02643,30,345000,10350000,3.3,Personal,Small,Normal,0,0,0.0,0,,0.0,3,3.5,Monthly,10350000.0,1,0
C02644,50,300000,15000000,6.6,Personal,Small,Normal,0,0,0.0,0,,0.0,0,2.4,Annual,15000000.0,1,0
C02645,300,200000,60000000,4.5,Business,Large,Enterprise,2,0,0.0,0,,0.0,0,7.3,Monthly,60000000.0,1,1
C02646,20,335000,6700000,9.8,Personal,Small,Normal,0,0,0.0,0,,0.0,2,0.9,Annual,6700000.0,1,0
C02647,200,220000,44000000,4.5,Business,Large,ISP Partner,3,1,444531.0,1,VPS,7408438.0,9,6.1,Monthly,51852969.0,3,1
C02648,300,210000,63000000,2.8,Business,Large,ISP Partner,3,1,1837598.0,1,VPS,5892284.0,8,9.6,Monthly,70729882.0,3,1
C02649,20,345000,6900000,7.2,Personal,Small,Normal,0,0,0.0,0,,0.0,1,6.4,Monthly,6900000.0,1,0
C02650,100,250000,25000000,5.2,Business,Medium,Small Business,1,0,0.0,0,,0.0,1,4.4,Annual,25000000.0,1,0
C02651,20,330000,6600000,5.5,Personal,Small,Normal,0,1,1877985.0,0,,0.0,2,7.5,Annual,8477985.0,2,0
C02652,20,310000,6200000,0.7,Personal,Small,Normal,0,0,0.0,0,,0.0,1,3.0,Monthly,6200000.0,1,0
C02653,20,370000,7400000,1.5,Business,Medium,Small Business,1,0,0.0,0,,0.0,0,7.2,Monthly,7400000.0,1,0
C02654,300,215000,64500000,2.9,Business,Small,Small Business,1,0,0.0,0,,0.0,7,6.7,Monthly,64500000.0,1,1
C02655,30,335000,10050000,0.2,Business,Medium,Small Business,1,0,0.0,0,,0.0,5,7.1,Monthly,10050000.0,1,0
C02656,100,280000,28000000,2.6,Business,Medium,Small Business,1,0,0.0,1,Dedicated,4495203.0,6,7.4,Monthly,32495203.0,2,0
C02657,10,320000,3200000,8.8,Business,Large,Enterprise,2,1,612404.0,0,,0.0,2,0.7,Annual,3812404.0,2,0
C02658,30,290000,8700000,5.1,Personal,Small,Normal,0,0,0.0,0,,0.0,1,4.5,Monthly,8700000.0,1,0
C02659,200,220000,44000000,5.4,Business,Large,ISP Partner,3,1,1833736.0,1,VPS,5101366.0,8,5.5,Annual,50935102.0,3,1
C02660,300,215000,64500000,2.8,Business,Small,Small Business,1,0,0.0,0,,0.0,0,1.7,Monthly,64500000.0,1,1
C02661,50,290000,14500000,9.6,Personal,Small,Normal,0,0,0.0,0,,0.0,0,3.8,Monthly,14500000.0,1,0
C02662,20,350000,7000000,4.2,Personal,Small,Normal,0,0,0.0,0,,0.0,1,6.5,Monthly,7000000.0,1,0
C02663,50,270000,13500000,3.4,Business,Large,Hospital,3,1,1368963.0,1,VPS,2876492.0,5,6.5,Monthly,17745455.0,3,0
C02664,20,320000,6400000,6.4,Personal,Small,Normal,0,0,0.0,0,,0.0,0,0.0,Annual,6400000.0,1,0
C02665,200,245000,49000000,7.1,Business,Small,Small Business,1,1,893973.0,0,,0.0,2,3.4,Annual,49893973.0,2,1
C02666,200,220000,44000000,1.3,Business,Medium,Small Business,1,1,1607913.0,1,VPS,13269002.0,5,6.8,Monthly,58876915.0,3,1
C02667,50,290000,14500000,1.8,Business,Medium,Small Business,1,0,0.0,0,,0.0,3,6.0,Monthly,14500000.0,1,0
C02668,30,340000,10200000,1.3,Personal,Small,Normal,0,0,0.0,0,,0.0,0,2.2,Monthly,10200000.0,1,0
C02669,50,280000,14000000,5.9,Business,Medium,Small Business,1,1,1101503.0,0,,0.0,6,7.0,Annual,15101503.0,2,0
C02670,10,385000,3850000,2.4,Personal,Small,Normal,0,0,0.0,0,,0.0,0,0.9,Monthly,3850000.0,1,0
C02671,10,325000,3250000,9.3,Personal,Small,Normal,0,0,0.0,0,,0.0,0,4.6,Monthly,3250000.0,1,0
C02672,50,305000,15250000,5.8,Business,Small,Small Business,1,1,1780260.0,1,Dedicated,3352553.0,7,11.9,Annual,20382813.0,3,0
C02673,100,250000,25000000,5.5,Business,Small,Small Business,1,0,0.0,0,,0.0,0,2.3,Annual,25000000.0,1,0
C02674,10,320000,3200000,5.0,Personal,Small,Normal,0,0,0.0,0,,0.0,5,7.2,Monthly,3200000.0,1,0
C02675,30,315000,9450000,9.6,Personal,Small,Normal,0,0,0.0,0,,0.0,2,3.6,Annual,9450000.0,1,0
C02676,20,340000,6800000,2.1,Personal,Small,Normal,0,0,0.0,0,,0.0,0,2.3,Monthly,6800000.0,1,0
C02677,10,320000,3200000,1.3,Personal,Small,Normal,0,0,0.0,0,,0.0,0,1.0,Monthly,3200000.0,1,0
C02678,150,230000,34500000,9.2,Business,Large,University,2,1,587477.0,0,,0.0,3,0.4,Annual,35087477.0,2,0
C02679,100,265000,26500000,5.9,Business,Large,University,2,0,0.0,0,,0.0,4,7.2,Annual,26500000.0,1,0
C02680,30,290000,8700000,6.4,Personal,Small,Normal,0,0,0.0,0,,0.0,2,2.9,Annual,8700000.0,1,0
C02681,10,375000,3750000,6.3,Personal,Small,Normal,0,0,0.0,0,,0.0,1,3.4,Annual,3750000.0,1,0
C02682,30,340000,10200000,2.7,Personal,Small,Normal,0,1,1434794.0,0,,0.0,3,3.6,Monthly,11634794.0,2,0
C02683,150,240000,36000000,8.3,Business,Large,Enterprise,2,0,0.0,1,VPS,3883729.0,5,6.2,Annual,39883729.0,2,0
C02684,150,250000,37500000,5.8,Business,Large,Hospital,3,1,1553642.0,1,VPS,6038199.0,11,7.0,Annual,45091841.0,3,1
C02685,10,320000,3200000,6.1,Business,Large,Hospital,3,1,1702381.0,1,VPS,11391256.0,10,5.7,Annual,16293637.0,3,0
C02686,10,385000,3850000,1.0,Business,Medium,Small Business,1,0,0.0,0,,0.0,2,2.4,Monthly,3850000.0,1,0
C02687,10,320000,3200000,8.7,Personal,Small,Normal,0,0,0.0,0,,0.0,1,7.0,Annual,3200000.0,1,0
C02688,20,320000,6400000,3.2,Personal,Small,Normal,0,0,0.0,0,,0.0,0,4.5,Monthly,6400000.0,1,0
C02689,10,320000,3200000,8.7,Personal,Small,Normal,0,0,0.0,0,,0.0,1,5.7,Monthly,3200000.0,1,0
C02690,50,270000,13500000,7.0,Business,Small,Small Business,1,0,0.0,0,,0.0,3,2.5,Annual,13500000.0,1,0
C02691,20,315000,6300000,6.2,Personal,Small,Normal,0,1,1605471.0,0,,0.0,6,5.5,Monthly,7905471.0,2,0
C02692,20,335000,6700000,1.9,Business,Medium,Small Business,1,0,0.0,0,,0.0,4,5.7,Monthly,6700000.0,1,0
C02693,20,335000,6700000,5.0,Personal,Small,Normal,0,0,0.0,0,,0.0,0,2.8,Monthly,6700000.0,1,0
C02694,300,210000,63000000,2.6,Business,Large,University,2,1,529292.0,0,,0.0,2,6.9,Monthly,63529292.0,2,1
C02695,10,320000,3200000,0.9,Personal,Small,Normal,0,0,0.0,0,,0.0,0,0.7,Monthly,3200000.0,1,0
C02696,10,350000,3500000,6.4,Personal,Small,Normal,0,0,0.0,0,,0.0,1,2.5,Monthly,3500000.0,1,0
C02697,30,295000,8850000,2.5,Business,Medium,Small Business,1,0,0.0,0,,0.0,3,9.0,Monthly,8850000.0,1,0
C02698,150,240000,36000000,2.6,Business,Medium,Small Business,1,0,0.0,1,Shared,15568853.0,5,5.9,Monthly,51568853.0,2,1
C02699,20,335000,6700000,1.4,Personal,Small,Normal,0,0,0.0,0,,0.0,2,3.4,Monthly,6700000.0,1,0
C02700,10,360000,3600000,9.8,Business,Small,Small Business,1,1,435413.0,1,VPS,16586850.0,6,7.0,Annual,20622263.0,3,0
C02701,20,325000,6500000,5.7,Personal,Small,Normal,0,0,0.0,0,,0.0,2,4.3,Annual,6500000.0,1,0
C02702,150,240000,36000000,8.9,Government,Large,Government,3,1,369185.0,1,VPS,6439837.0,11,7.8,Annual,42809022.0,3,0
C02703,10,360000,3600000,3.9,Personal,Small,Normal,0,0,0.0,0,,0.0,2,4.0,Monthly,3600000.0,1,0
C02704,150,265000,39750000,6.5,Government,Large,Government,3,1,1249557.0,1,Dedicated,6126338.0,6,3.9,Annual,47125895.0,3,1
C02705,30,295000,8850000,0.2,Personal,Small,Normal,0,0,0.0,0,,0.0,2,4.8,Monthly,8850000.0,1,0
C02706,20,300000,6000000,3.2,Personal,Small,Normal,0,0,0.0,0,,0.0,0,1.7,Monthly,6000000.0,1,0
C02707,200,220000,44000000,9.7,Business,Medium,Small Business,1,1,637480.0,0,,0.0,4,4.8,Annual,44637480.0,2,1
C02708,50,325000,16250000,1.7,Personal,Small,Normal,0,0,0.0,0,,0.0,5,3.9,Monthly,16250000.0,1,0
C02709,10,360000,3600000,1.4,Business,Small,Small Business,1,0,0.0,0,,0.0,6,4.0,Monthly,3600000.0,1,0
C02710,50,280000,14000000,6.9,Business,Small,Small Business,1,1,459723.0,0,,0.0,2,5.6,Annual,14459723.0,2,0
C02711,100,255000,25500000,9.6,Government,Large,Government,3,1,361614.0,1,VPS,17556234.0,9,6.4,Annual,43417848.0,3,0
C02712,100,250000,25000000,10.0,Business,Large,University,2,1,1101727.0,0,,0.0,8,6.7,Monthly,26101727.0,2,0
C02713,150,260000,39000000,3.1,Business,Small,Small Business,1,0,0.0,0,,0.0,2,2.1,Monthly,39000000.0,1,0
C02714,50,270000,13500000,7.9,Business,Medium,Small Business,1,0,0.0,0,,0.0,0,5.3,Monthly,13500000.0,1,0
C02715,200,275000,55000000,0.8,Business,Medium,Small Business,1,0,0.0,0,,0.0,3,5.7,Monthly,55000000.0,1,1
C02716,10,320000,3200000,9.0,Personal,Small,Normal,0,0,0.0,0,,0.0,0,3.5,Annual,3200000.0,1,0
C02717,100,275000,27500000,7.6,Business,Large,Enterprise,2,0,0.0,0,,0.0,1,3.0,Annual,27500000.0,1,0
C02718,100,250000,25000000,7.5,Business,Medium,Small Business,1,0,0.0,0,,0.0,3,3.6,Annual,25000000.0,1,0
C02719,10,320000,3200000,0.8,Personal,Small,Normal,0,0,0.0,0,,0.0,2,0.6,Monthly,3200000.0,1,0
C02720,10,320000,3200000,5.3,Personal,Small,Normal,0,0,0.0,0,,0.0,0,4.1,Annual,3200000.0,1,0
C02721,20,315000,6300000,7.6,Personal,Small,Normal,0,0,0.0,0,,0.0,1,2.7,Annual,6300000.0,1,0
C02722,10,325000,3250000,1.2,Personal,Small,Normal,0,0,0.0,0,,0.0,3,1.4,Monthly,3250000.0,1,0
C02723,20,300000,6000000,3.7,Personal,Small,Normal,0,0,0.0,0,,0.0,0,1.6,Monthly,6000000.0,1,0
C02724,200,220000,44000000,7.8,Business,Large,Hospital,3,1,1337710.0,1,Shared,12262472.0,10,7.9,Annual,57600182.0,3,1
C02725,20,310000,6200000,1.7,Personal,Small,Normal,0,0,0.0,0,,0.0,1,3.8,Monthly,6200000.0,1,0
C02726,100,290000,29000000,2.4,Business,Medium,Small Business,1,0,0.0,1,Dedicated,11933881.0,5,4.8,Monthly,40933881.0,2,0
C02727,50,270000,13500000,2.4,Personal,Small,Normal,0,0,0.0,0,,0.0,0,2.3,Monthly,13500000.0,1,0
C02728,100,260000,26000000,6.7,Government,Large,Government,3,1,1919082.0,1,Shared,8114250.0,8,9.4,Annual,36033332.0,3,0
C02729,150,275000,41250000,1.4,Business,Medium,Small Business,1,0,0.0,1,Shared,10451088.0,5,7.6,Monthly,51701088.0,2,1
C02730,50,305000,15250000,0.6,Personal,Small,Normal,0,0,0.0,0,,0.0,0,0.2,Monthly,15250000.0,1,0
C02731,150,275000,41250000,2.4,Business,Large,Hospital,3,1,668912.0,1,Shared,18624012.0,7,11.3,Monthly,60542924.0,3,1
C02732,100,250000,25000000,5.1,Business,Small,Small Business,1,1,788694.0,0,,0.0,9,4.8,Annual,25788694.0,2,0
C02733,200,255000,51000000,1.5,Government,Large,Government,3,1,1338530.0,1,Shared,11152083.0,10,12.3,Monthly,63490613.0,3,1
C02734,30,290000,8700000,3.6,Personal,Small,Normal,0,0,0.0,0,,0.0,0,0.6,Monthly,8700000.0,1,0
C02735,50,295000,14750000,2.0,Business,Medium,Small Business,1,0,0.0,0,,0.0,4,6.7,Monthly,14750000.0,1,0
C02736,20,355000,7100000,1.2,Personal,Small,Normal,0,0,0.0,0,,0.0,2,2.3,Monthly,7100000.0,1,0
C02737,300,220000,66000000,9.0,Government,Large,Government,3,1,593538.0,1,Dedicated,8841009.0,6,4.7,Monthly,75434547.0,3,1
C02738,30,295000,8850000,0.6,Personal,Small,Normal,0,0,0.0,0,,0.0,0,3.3,Monthly,8850000.0,1,0
C02739,150,265000,39750000,1.0,Business,Small,Small Business,1,0,0.0,0,,0.0,0,0.8,Monthly,39750000.0,1,0
C02740,150,235000,35250000,4.3,Business,Medium,Small Business,1,1,1208902.0,0,,0.0,4,7.6,Monthly,36458902.0,2,0
C02741,50,310000,15500000,3.4,Personal,Small,Normal,0,0,0.0,0,,0.0,0,0.8,Monthly,15500000.0,1,0
C02742,10,320000,3200000,6.8,Personal,Small,Normal,0,0,0.0,0,,0.0,0,0.9,Monthly,3200000.0,1,0
C02743,100,295000,29500000,2.1,Business,Medium,Small Business,1,1,1889179.0,1,VPS,16059253.0,8,6.9,Monthly,47448432.0,3,1
C02744,30,300000,9000000,3.2,Personal,Small,Normal,0,0,0.0,0,,0.0,1,4.5,Monthly,9000000.0,1,0
C02745,20,355000,7100000,2.5,Personal,Small,Normal,0,0,0.0,0,,0.0,0,2.4,Monthly,7100000.0,1,0
C02746,10,340000,3400000,1.1,Personal,Small,Normal,0,0,0.0,0,,0.0,0,2.6,Monthly,3400000.0,1,0
C02747,20,375000,7500000,0.3,Personal,Small,Normal,0,0,0.0,0,,0.0,2,0.5,Monthly,7500000.0,1,0
C02748,150,240000,36000000,5.8,Business,Small,Small Business,1,0,0.0,0,,0.0,5,6.0,Annual,36000000.0,1,0
C02749,10,320000,3200000,6.3,Personal,Small,Normal,0,0,0.0,0,,0.0,0,0.5,Annual,3200000.0,1,0
C02750,20,300000,6000000,8.4,Personal,Small,Normal,0,0,0.0,0,,0.0,0,0.0,Annual,6000000.0,1,0
C02751,20,325000,6500000,1.6,Personal,Small,Normal,0,0,0.0,0,,0.0,2,3.0,Monthly,6500000.0,1,0
C02752,100,285000,28500000,3.0,Business,Large,Hospital,3,0,0.0,1,VPS,18571756.0,3,5.8,Monthly,47071756.0,2,1
C02753,10,350000,3500000,2.4,Personal,Small,Normal,0,0,0.0,0,,0.0,0,0.0,Monthly,3500000.0,1,0
C02754,20,305000,6100000,8.7,Personal,Small,Normal,0,0,0.0,0,,0.0,1,8.7,Monthly,6100000.0,1,0
C02755,10,320000,3200000,8.2,Personal,Small,Normal,0,1,865724.0,0,,0.0,2,3.6,Annual,4065724.0,2,0
C02756,200,240000,48000000,4.8,Business,Small,Small Business,1,0,0.0,1,Shared,14495168.0,3,5.1,Monthly,62495168.0,2,1
C02757,50,280000,14000000,9.0,Business,Large,Enterprise,2,1,1756468.0,0,,0.0,2,5.0,Annual,15756468.0,2,0
C02758,30,290000,8700000,7.1,Personal,Small,Normal,0,0,0.0,0,,0.0,0,5.1,Annual,8700000.0,1,0
C02759,200,230000,46000000,1.8,Government,Large,Government,3,1,937806.0,1,Dedicated,12680387.0,10,6.4,Monthly,59618193.0,3,1
C02760,30,305000,9150000,7.2,Business,Large,ISP Partner,3,1,1235944.0,0,,0.0,5,7.5,Monthly,10385944.0,2,0
C02761,50,275000,13750000,1.6,Personal,Small,Normal,0,0,0.0,0,,0.0,3,5.0,Monthly,13750000.0,1,0
C02762,300,200000,60000000,9.9,Government,Large,Government,3,1,460407.0,0,,0.0,3,3.2,Annual,60460407.0,2,1
C02763,100,275000,27500000,5.0,Government,Large,Government,3,1,854532.0,1,Shared,17109580.0,10,6.7,Monthly,45464112.0,3,1
C02764,300,210000,63000000,9.2,Business,Medium,Small Business,1,0,0.0,0,,0.0,4,3.3,Monthly,63000000.0,1,1
C02765,20,325000,6500000,2.9,Personal,Small,Normal,0,1,919550.0,0,,0.0,2,2.5,Monthly,7419550.0,2,0
C02766,150,280000,42000000,2.2,Government,Large,Government,3,1,494071.0,1,VPS,15399552.0,8,7.8,Monthly,57893623.0,3,1
C02767,20,340000,6800000,5.1,Personal,Small,Normal,0,0,0.0,0,,0.0,0,4.7,Annual,6800000.0,1,0
C02768,50,300000,15000000,1.7,Business,Medium,Small Business,1,1,1600405.0,1,VPS,7558163.0,8,7.3,Monthly,24158568.0,3,0
C02769,200,265000,53000000,0.8,Business,Large,Hospital,3,1,1955222.0,1,VPS,6599950.0,10,10.2,Monthly,61555172.0,3,1
C02770,20,300000,6000000,7.4,Personal,Small,Normal,0,0,0.0,0,,0.0,0,2.8,Annual,6000000.0,1,0
C02771,10,375000,3750000,3.8,Personal,Small,Normal,0,0,0.0,0,,0.0,3,2.3,Monthly,3750000.0,1,0
C02772,100,295000,29500000,6.0,Government,Large,Government,3,1,1205291.0,0,,0.0,3,5.2,Annual,30705291.0,2,0
C02773,100,250000,25000000,6.7,Business,Large,University,2,0,0.0,0,,0.0,2,6.4,Monthly,25000000.0,1,0
C02774,30,290000,8700000,6.7,Personal,Small,Normal,0,0,0.0,0,,0.0,2,4.9,Monthly,8700000.0,1,0
C02775,20,305000,6100000,7.9,Personal,Small,Normal,0,0,0.0,0,,0.0,0,2.9,Annual,6100000.0,1,0
C02776,20,345000,6900000,1.4,Personal,Small,Normal,0,1,1727281.0,0,,0.0,4,8.2,Monthly,8627281.0,2,0
C02777,10,320000,3200000,3.0,Personal,Small,Normal,0,0,0.0,0,,0.0,1,3.3,Monthly,3200000.0,1,0
C02778,20,340000,6800000,8.9,Personal,Small,Normal,0,0,0.0,0,,0.0,5,7.9,Monthly,6800000.0,1,0
C02779,300,200000,60000000,4.2,Business,Large,Enterprise,2,1,448319.0,0,,0.0,6,6.8,Monthly,60448319.0,2,1
C02780,20,300000,6000000,7.7,Personal,Small,Normal,0,0,0.0,0,,0.0,3,6.0,Annual,6000000.0,1,0
C02781,30,290000,8700000,5.8,Business,Small,Small Business,1,1,632941.0,0,,0.0,3,4.7,Annual,9332941.0,2,0
C02782,30,305000,9150000,3.4,Personal,Small,Normal,0,0,0.0,0,,0.0,0,0.0,Monthly,9150000.0,1,0
C02783,50,305000,15250000,3.8,Personal,Small,Normal,0,0,0.0,0,,0.0,0,3.7,Monthly,15250000.0,1,0
C02784,20,355000,7100000,4.8,Personal,Small,Normal,0,0,0.0,0,,0.0,2,7.1,Monthly,7100000.0,1,0
C02785,50,270000,13500000,9.1,Business,Medium,Small Business,1,1,1069014.0,0,,0.0,2,3.4,Annual,14569014.0,2,0
C02786,20,300000,6000000,2.5,Personal,Small,Normal,0,0,0.0,0,,0.0,1,0.5,Monthly,6000000.0,1,0
C02787,100,250000,25000000,5.6,Business,Small,Small Business,1,0,0.0,1,Dedicated,17357557.0,3,3.0,Annual,42357557.0,2,0
C02788,150,285000,42750000,2.2,Business,Medium,Small Business,1,1,796067.0,0,,0.0,4,4.8,Monthly,43546067.0,2,0
C02789,200,235000,47000000,2.4,Government,Large,Government,3,1,1699740.0,1,Dedicated,19236319.0,7,7.4,Monthly,67936059.0,3,1
C02790,10,340000,3400000,4.9,Personal,Small,Normal,0,0,0.0,0,,0.0,2,3.2,Monthly,3400000.0,1,0
C02791,50,270000,13500000,2.0,Business,Small,Small Business,1,0,0.0,1,Dedicated,15065567.0,5,7.4,Monthly,28565567.0,2,0
C02792,300,230000,69000000,3.1,Government,Large,Government,3,0,0.0,1,Shared,17422830.0,4,4.7,Monthly,86422830.0,2,1
C02793,10,350000,3500000,1.4,Personal,Small,Normal,0,0,0.0,0,,0.0,3,0.8,Monthly,3500000.0,1,0
C02794,100,265000,26500000,4.1,Government,Large,Government,3,1,1091528.0,1,Shared,12370996.0,6,5.3,Monthly,39962524.0,3,0
C02795,20,315000,6300000,5.3,Personal,Small,Normal,0,0,0.0,0,,0.0,0,3.7,Annual,6300000.0,1,0
C02796,300,235000,144348281,5.5,Business,Large,ISP Partner,3,0,0.0,0,,0.0,2,7.4,Annual,144348281.0,1,1
C02797,20,355000,7100000,1.7,Business,Medium,Small Business,1,0,0.0,1,VPS,10006521.0,3,1.5,Monthly,17106521.0,2,0
C02798,200,240000,48000000,8.3,Government,Large,Government,3,1,729208.0,1,VPS,3877608.0,10,9.8,Monthly,52606816.0,3,1
C02799,20,300000,6000000,7.8,Personal,Small,Normal,0,0,0.0,0,,0.0,0,0.0,Annual,6000000.0,1,0
C02800,300,200000,60000000,4.7,Business,Medium,Small Business,1,1,1740681.0,0,,0.0,5,4.2,Monthly,61740681.0,2,1
C02801,200,255000,51000000,4.1,Government,Large,Government,3,1,1843536.0,0,,0.0,7,7.9,Monthly,52843536.0,2,1
C02802,150,230000,34500000,10.0,Business,Medium,Small Business,1,1,1353024.0,0,,0.0,4,4.8,Annual,35853024.0,2,0
C02803,10,375000,3750000,5.8,Personal,Small,Normal,0,0,0.0,0,,0.0,3,3.4,Monthly,3750000.0,1,0
C02804,300,210000,63000000,6.1,Business,Large,Hospital,3,1,848407.0,1,VPS,16411880.0,8,3.9,Annual,80260287.0,3,1
C02805,200,220000,44000000,4.6,Business,Small,Small Business,1,0,0.0,0,,0.0,2,3.5,Monthly,44000000.0,1,1
C02806,150,230000,34500000,9.8,Business,Large,Enterprise,2,0,0.0,1,VPS,13853620.0,5,2.2,Annual,48353620.0,2,1
C02807,150,230000,34500000,9.7,Business,Large,University,2,0,0.0,0,,0.0,4,8.7,Annual,34500000.0,1,0
C02808,10,335000,3350000,1.1,Personal,Small,Normal,0,0,0.0,0,,0.0,3,5.7,Monthly,3350000.0,1,0
C02809,30,300000,9000000,7.2,Personal,Small,Normal,0,0,0.0,0,,0.0,0,1.5,Monthly,9000000.0,1,0
C02810,10,360000,3600000,7.2,Personal,Small,Normal,0,0,0.0,0,,0.0,1,4.7,Annual,3600000.0,1,0
C02811,200,220000,44000000,7.6,Government,Large,Government,3,1,1489276.0,0,,0.0,5,7.4,Annual,45489276.0,2,1
C02812,100,255000,25500000,3.9,Business,Small,Small Business,1,0,0.0,0,,0.0,3,4.7,Monthly,25500000.0,1,0
C02813,20,300000,6000000,3.6,Personal,Small,Normal,0,0,0.0,0,,0.0,3,8.5,Monthly,6000000.0,1,0
C02814,10,335000,3350000,7.0,Personal,Small,Normal,0,0,0.0,0,,0.0,4,1.0,Annual,3350000.0,1,0
C02815,30,290000,8700000,7.6,Personal,Small,Normal,0,0,0.0,0,,0.0,0,3.7,Annual,8700000.0,1,0
C02816,150,240000,36000000,6.7,Business,Medium,Small Business,1,1,756742.0,0,,0.0,4,6.2,Annual,36756742.0,2,0
C02817,50,310000,15500000,6.0,Personal,Small,Normal,0,0,0.0,0,,0.0,0,4.8,Monthly,15500000.0,1,0
C02818,10,365000,3650000,4.3,Personal,Small,Normal,0,0,0.0,0,,0.0,0,0.1,Monthly,3650000.0,1,0
C02819,100,280000,28000000,2.3,Business,Medium,Small Business,1,0,0.0,0,,0.0,2,3.7,Monthly,28000000.0,1,0
C02820,10,350000,3500000,5.4,Personal,Small,Normal,0,0,0.0,0,,0.0,2,4.8,Annual,3500000.0,1,0
C02821,20,315000,6300000,0.9,Personal,Small,Normal,0,0,0.0,0,,0.0,0,4.2,Monthly,6300000.0,1,0
C02822,150,270000,40500000,6.9,Business,Small,Small Business,1,0,0.0,1,Dedicated,6369981.0,10,9.7,Monthly,46869981.0,2,1
C02823,150,260000,39000000,5.6,Government,Large,Government,3,1,1264320.0,1,VPS,9775253.0,8,7.4,Annual,50039573.0,3,1
C02824,30,305000,9150000,9.7,Personal,Small,Normal,0,0,0.0,0,,0.0,3,4.0,Monthly,9150000.0,1,0
C02825,30,325000,9750000,2.7,Personal,Small,Normal,0,0,0.0,0,,0.0,3,2.6,Monthly,9750000.0,1,0
C02826,30,290000,8700000,4.1,Personal,Small,Normal,0,0,0.0,0,,0.0,2,4.1,Monthly,8700000.0,1,0
C02827,30,320000,9600000,4.3,Personal,Small,Normal,0,0,0.0,0,,0.0,0,4.4,Monthly,9600000.0,1,0
C02828,20,365000,7300000,1.7,Personal,Small,Normal,0,0,0.0,0,,0.0,0,3.5,Monthly,7300000.0,1,0
C02829,100,295000,29500000,3.1,Business,Small,Small Business,1,0,0.0,0,,0.0,6,6.1,Monthly,29500000.0,1,0
C02830,200,235000,47000000,3.2,Business,Large,Enterprise,2,1,1020075.0,0,,0.0,6,7.1,Monthly,48020075.0,2,1
C02831,20,350000,7000000,1.3,Personal,Small,Normal,0,0,0.0,0,,0.0,2,5.3,Monthly,7000000.0,1,0
C02832,20,330000,6600000,7.9,Personal,Small,Normal,0,0,0.0,0,,0.0,0,0.0,Annual,6600000.0,1,0
C02833,200,235000,47000000,9.8,Government,Large,Government,3,1,531845.0,0,,0.0,3,6.3,Annual,47531845.0,2,1
C02834,200,220000,44000000,1.3,Business,Medium,Small Business,1,0,0.0,0,,0.0,2,4.7,Monthly,44000000.0,1,1
C02835,50,285000,14250000,4.9,Business,Large,Hospital,3,1,819573.0,1,VPS,7583549.0,10,11.7,Monthly,22653122.0,3,0
C02836,10,320000,3200000,2.3,Personal,Small,Normal,0,0,0.0,0,,0.0,5,5.8,Monthly,3200000.0,1,0
C02837,30,290000,8700000,3.2,Business,Small,Small Business,1,0,0.0,0,,0.0,1,1.9,Monthly,8700000.0,1,0
C02838,20,320000,6400000,8.1,Personal,Small,Normal,0,0,0.0,0,,0.0,2,4.8,Annual,6400000.0,1,0
C02839,20,360000,7200000,4.0,Personal,Small,Normal,0,0,0.0,0,,0.0,3,7.0,Monthly,7200000.0,1,0
C02840,10,320000,3200000,9.9,Personal,Small,Normal,0,0,0.0,0,,0.0,0,1.5,Annual,3200000.0,1,0
C02841,10,350000,3500000,8.2,Personal,Small,Normal,0,0,0.0,1,Dedicated,19486202.0,5,7.2,Annual,22986202.0,2,0
C02842,50,305000,15250000,5.9,Personal,Small,Normal,0,0,0.0,0,,0.0,0,5.5,Annual,15250000.0,1,0
C02843,100,265000,26500000,6.9,Business,Large,Enterprise,2,0,0.0,0,,0.0,4,6.2,Monthly,26500000.0,1,0
C02844,200,220000,44000000,2.9,Business,Large,Hospital,3,1,1220229.0,1,VPS,11118665.0,7,12.1,Monthly,56338894.0,3,1
C02845,10,320000,3200000,9.6,Business,Large,Enterprise,2,0,0.0,0,,0.0,2,2.9,Annual,3200000.0,1,0
C02846,200,230000,46000000,7.4,Government,Large,Government,3,1,1132832.0,0,,0.0,6,8.6,Annual,47132832.0,2,1
C02847,10,320000,3200000,9.4,Personal,Small,Normal,0,0,0.0,0,,0.0,2,3.3,Annual,3200000.0,1,0
C02848,20,335000,6700000,6.4,Business,Medium,Small Business,1,1,1060124.0,0,,0.0,2,2.9,Annual,7760124.0,2,0
C02849,200,255000,51000000,6.1,Business,Medium,Small Business,1,0,0.0,0,,0.0,3,1.0,Annual,51000000.0,1,1
C02850,200,220000,44000000,5.4,Business,Large,University,2,0,0.0,1,Dedicated,4703649.0,4,4.6,Annual,48703649.0,2,1
C02851,30,290000,8700000,5.2,Personal,Small,Normal,0,0,0.0,0,,0.0,1,3.6,Annual,8700000.0,1,0
C02852,100,250000,25000000,8.2,Business,Medium,Small Business,1,1,923136.0,0,,0.0,3,4.6,Monthly,25923136.0,2,0
C02853,30,335000,10050000,5.9,Personal,Small,Normal,0,0,0.0,0,,0.0,0,5.6,Monthly,10050000.0,1,0
C02854,100,250000,25000000,8.1,Business,Small,Small Business,1,1,1036187.0,0,,0.0,5,8.7,Annual,26036187.0,2,0
C02855,200,230000,46000000,3.2,Business,Large,Hospital,3,1,372737.0,1,Dedicated,10309423.0,9,7.6,Monthly,56682160.0,3,1
C02856,150,230000,34500000,0.3,Business,Medium,Small Business,1,0,0.0,0,,0.0,5,5.4,Monthly,34500000.0,1,0
C02857,30,290000,8700000,4.8,Business,Medium,Small Business,1,1,1252687.0,0,,0.0,2,0.0,Monthly,9952687.0,2,0
C02858,50,275000,13750000,0.2,Business,Medium,Small Business,1,1,982066.0,0,,0.0,6,3.8,Monthly,14732066.0,2,0
C02859,10,320000,3200000,9.3,Personal,Small,Normal,0,0,0.0,0,,0.0,2,5.0,Annual,3200000.0,1,0
C02860,10,320000,3200000,7.8,Personal,Small,Normal,0,0,0.0,0,,0.0,3,9.7,Annual,3200000.0,1,0
C02861,10,320000,3200000,6.4,Personal,Small,Normal,0,0,0.0,0,,0.0,0,2.4,Annual,3200000.0,1,0
C02862,20,310000,6200000,4.9,Personal,Small,Normal,0,0,0.0,0,,0.0,1,4.5,Monthly,6200000.0,1,0
C02863,20,370000,7400000,0.9,Business,Large,Enterprise,2,0,0.0,1,Shared,9594105.0,5,9.8,Monthly,16994105.0,2,0
C02864,20,355000,7100000,3.0,Personal,Small,Normal,0,0,0.0,0,,0.0,0,3.0,Monthly,7100000.0,1,0
C02865,10,345000,3450000,7.2,Personal,Small,Normal,0,0,0.0,0,,0.0,0,3.5,Annual,3450000.0,1,0
C02866,30,290000,8700000,9.1,Personal,Small,Normal,0,0,0.0,0,,0.0,1,4.3,Annual,8700000.0,1,0
C02867,150,230000,34500000,8.6,Business,Medium,Small Business,1,0,0.0,0,,0.0,0,0.0,Annual,34500000.0,1,0
C02868,300,200000,60000000,8.4,Business,Large,University,2,0,0.0,0,,0.0,0,3.2,Monthly,60000000.0,1,1
C02869,50,270000,13500000,2.9,Personal,Small,Normal,0,0,0.0,0,,0.0,0,4.7,Monthly,13500000.0,1,0
C02870,20,300000,6000000,3.7,Personal,Small,Normal,0,0,0.0,0,,0.0,3,3.2,Monthly,6000000.0,1,0
C02871,10,345000,3450000,3.9,Personal,Small,Normal,0,0,0.0,0,,0.0,1,3.4,Monthly,3450000.0,1,0
C02872,10,360000,3600000,2.6,Personal,Small,Normal,0,0,0.0,0,,0.0,0,0.7,Monthly,3600000.0,1,0
C02873,200,220000,44000000,6.3,Government,Large,Government,3,0,0.0,1,Shared,8000561.0,3,8.6,Annual,52000561.0,2,1
C02874,150,270000,40500000,7.0,Business,Medium,Small Business,1,0,0.0,0,,0.0,2,4.0,Annual,40500000.0,1,0
C02875,150,230000,34500000,8.9,Government,Large,Government,3,1,647817.0,1,Shared,19490313.0,7,5.8,Monthly,54638130.0,3,1
C02876,30,315000,9450000,8.1,Personal,Small,Normal,0,0,0.0,0,,0.0,2,2.7,Monthly,9450000.0,1,0
C02877,20,300000,6000000,3.6,Personal,Small,Normal,0,0,0.0,0,,0.0,0,0.3,Monthly,6000000.0,1,0
C02878,100,250000,25000000,8.1,Business,Medium,Small Business,1,0,0.0,0,,0.0,2,1.7,Annual,25000000.0,1,0
C02879,100,250000,25000000,5.5,Business,Medium,Small Business,1,1,663877.0,0,,0.0,3,3.6,Annual,25663877.0,2,0
C02880,10,320000,3200000,8.9,Personal,Small,Normal,0,0,0.0,0,,0.0,1,3.4,Monthly,3200000.0,1,0
C02881,300,215000,64500000,8.5,Business,Small,Small Business,1,0,0.0,0,,0.0,5,5.9,Annual,64500000.0,1,1
C02882,100,285000,28500000,0.5,Business,Small,Small Business,1,0,0.0,1,Dedicated,5262985.0,5,8.0,Monthly,33762985.0,2,0
C02883,30,295000,8850000,3.0,Personal,Small,Normal,0,0,0.0,0,,0.0,0,2.8,Monthly,8850000.0,1,0
C02884,10,320000,3200000,7.1,Personal,Small,Normal,0,0,0.0,0,,0.0,1,2.7,Monthly,3200000.0,1,0
C02885,300,235000,70500000,2.5,Business,Large,University,2,1,1527305.0,0,,0.0,2,4.2,Monthly,72027305.0,2,1
C02886,50,270000,13500000,7.2,Business,Small,Small Business,1,1,1544751.0,1,Shared,8841810.0,8,5.1,Annual,23886561.0,3,0
C02887,10,360000,3600000,4.4,Personal,Small,Normal,0,0,0.0,0,,0.0,3,6.5,Monthly,3600000.0,1,0
C02888,100,250000,25000000,5.4,Business,Large,University,2,1,1381222.0,0,,0.0,4,7.5,Monthly,26381222.0,2,0
C02889,200,235000,47000000,5.6,Business,Medium,Small Business,1,1,1039879.0,0,,0.0,6,7.4,Annual,48039879.0,2,1
C02890,30,290000,8700000,5.6,Personal,Small,Normal,0,0,0.0,0,,0.0,4,6.7,Annual,8700000.0,1,0
C02891,200,235000,47000000,8.2,Government,Large,Government,3,1,1260323.0,1,VPS,19221125.0,9,7.5,Annual,67481448.0,3,1
C02892,30,300000,9000000,8.9,Personal,Small,Normal,0,0,0.0,0,,0.0,0,3.2,Annual,9000000.0,1,0
C02893,10,320000,3200000,1.8,Personal,Small,Normal,0,0,0.0,0,,0.0,4,5.4,Monthly,3200000.0,1,0
C02894,20,325000,6500000,9.4,Personal,Small,Normal,0,0,0.0,0,,0.0,0,4.3,Annual,6500000.0,1,0
C02895,30,290000,8700000,9.8,Business,Medium,Small Business,1,0,0.0,0,,0.0,1,0.0,Annual,8700000.0,1,0
C02896,300,210000,63000000,8.2,Government,Large,Government,3,1,1873637.0,1,Shared,13948832.0,6,8.9,Annual,78822469.0,3,1
C02897,100,250000,25000000,9.7,Business,Large,ISP Partner,3,1,1793302.0,1,Shared,11432995.0,6,7.0,Annual,38226297.0,3,0
C02898,20,315000,6300000,4.6,Personal,Small,Normal,0,0,0.0,0,,0.0,1,6.0,Monthly,6300000.0,1,0
C02899,10,320000,3200000,8.3,Personal,Small,Normal,0,0,0.0,0,,0.0,0,0.0,Annual,3200000.0,1,0
C02900,50,270000,13500000,1.8,Business,Medium,Small Business,1,0,0.0,0,,0.0,0,2.4,Monthly,13500000.0,1,0
C02901,10,320000,3200000,2.0,Personal,Small,Normal,0,0,0.0,0,,0.0,0,2.6,Monthly,3200000.0,1,0
C02902,20,300000,6000000,2.9,Business,Small,Small Business,1,0,0.0,0,,0.0,3,7.1,Monthly,6000000.0,1,0
C02903,300,215000,64500000,4.8,Business,Large,Hospital,3,1,1048599.0,1,Shared,8430136.0,8,10.8,Monthly,73978735.0,3,1
C02904,10,385000,3850000,5.1,Personal,Small,Normal,0,0,0.0,0,,0.0,0,3.0,Monthly,3850000.0,1,0
C02905,10,380000,3800000,1.2,Personal,Small,Normal,0,0,0.0,0,,0.0,0,4.2,Monthly,3800000.0,1,0
C02906,20,300000,6000000,2.6,Personal,Small,Normal,0,0,0.0,0,,0.0,2,4.4,Monthly,6000000.0,1,0
C02907,50,270000,13500000,4.9,Business,Large,ISP Partner,3,1,1427392.0,0,,0.0,6,11.3,Monthly,14927392.0,2,0
C02908,20,300000,6000000,8.4,Personal,Small,Normal,0,0,0.0,0,,0.0,0,1.8,Annual,6000000.0,1,0
C02909,20,300000,6000000,7.3,Personal,Small,Normal,0,0,0.0,0,,0.0,3,1.2,Annual,6000000.0,1,0
C02910,30,320000,9600000,9.0,Personal,Small,Normal,0,0,0.0,0,,0.0,0,3.5,Annual,9600000.0,1,0
C02911,10,375000,3750000,1.7,Personal,Small,Normal,0,0,0.0,0,,0.0,0,0.0,Monthly,3750000.0,1,0
C02912,20,300000,6000000,2.2,Personal,Small,Normal,0,0,0.0,0,,0.0,3,5.2,Monthly,6000000.0,1,0
C02913,300,255000,76500000,0.9,Government,Large,Government,3,1,1652849.0,0,,0.0,7,7.3,Monthly,78152849.0,2,1
C02914,300,200000,60000000,2.8,Government,Large,Government,3,1,1408133.0,1,VPS,10345280.0,15,14.7,Monthly,71753413.0,3,1
C02915,10,320000,3200000,5.7,Personal,Small,Normal,0,0,0.0,0,,0.0,1,2.5,Annual,3200000.0,1,0
C02916,200,220000,44000000,6.6,Business,Medium,Small Business,1,0,0.0,0,,0.0,2,0.1,Annual,44000000.0,1,1
C02917,20,355000,7100000,3.5,Personal,Small,Normal,0,0,0.0,0,,0.0,1,5.4,Monthly,7100000.0,1,0
C02918,100,250000,25000000,6.9,Business,Large,Enterprise,2,0,0.0,0,,0.0,4,5.1,Annual,25000000.0,1,0
C02919,20,345000,6900000,7.2,Personal,Small,Normal,0,0,0.0,0,,0.0,1,1.2,Monthly,6900000.0,1,0
C02920,200,220000,44000000,7.6,Business,Medium,Small Business,1,0,0.0,1,VPS,17125154.0,5,3.4,Annual,61125154.0,2,1
C02921,30,330000,9900000,1.9,Personal,Small,Normal,0,0,0.0,0,,0.0,0,3.4,Monthly,9900000.0,1,0
C02922,200,220000,44000000,7.5,Government,Large,Government,3,1,1656518.0,1,Shared,4105251.0,7,6.4,Annual,49761769.0,3,1
C02923,10,370000,3700000,0.2,Personal,Small,Normal,0,0,0.0,0,,0.0,0,3.3,Monthly,3700000.0,1,0
C02924,50,270000,13500000,3.7,Personal,Small,Normal,0,1,1226990.0,0,,0.0,5,4.7,Monthly,14726990.0,2,0
C02925,20,300000,6000000,8.0,Business,Medium,Small Business,1,0,0.0,0,,0.0,2,2.4,Monthly,6000000.0,1,0
C02926,20,320000,6400000,9.2,Personal,Small,Normal,0,0,0.0,0,,0.0,0,2.7,Annual,6400000.0,1,0
C02927,50,330000,16500000,0.6,Personal,Small,Normal,0,0,0.0,0,,0.0,0,2.3,Monthly,16500000.0,1,0
C02928,50,275000,13750000,0.8,Personal,Small,Normal,0,0,0.0,0,,0.0,0,0.0,Monthly,13750000.0,1,0
C02929,50,270000,13500000,5.7,Business,Large,Hospital,3,1,1450640.0,1,Dedicated,2651744.0,8,7.6,Annual,17602384.0,3,0
C02930,200,235000,47000000,5.8,Business,Medium,Small Business,1,1,685078.0,1,VPS,11773490.0,6,8.3,Annual,59458568.0,3,1
C02931,200,220000,44000000,9.2,Business,Large,University,2,1,883465.0,0,,0.0,4,9.7,Annual,44883465.0,2,1
C02932,200,255000,51000000,3.8,Government,Large,Government,3,1,1192979.0,1,Shared,6185151.0,6,7.8,Monthly,58378130.0,3,1
C02933,100,300000,30000000,2.0,Business,Medium,Small Business,1,0,0.0,0,,0.0,3,1.9,Monthly,30000000.0,1,0
C02934,100,315000,31500000,1.0,Business,Large,University,2,1,1795933.0,0,,0.0,4,3.9,Monthly,33295933.0,2,0
C02935,10,350000,3500000,6.4,Personal,Small,Normal,0,0,0.0,0,,0.0,0,0.6,Annual,3500000.0,1,0
C02936,30,290000,8700000,6.3,Business,Large,Hospital,3,0,0.0,1,VPS,13185466.0,5,6.4,Monthly,21885466.0,2,0
C02937,50,270000,13500000,0.5,Business,Medium,Small Business,1,1,1476851.0,0,,0.0,4,7.4,Monthly,14976851.0,2,0
C02938,50,270000,13500000,9.9,Business,Medium,Small Business,1,0,0.0,1,VPS,17094963.0,8,6.7,Annual,30594963.0,2,0
C02939,100,285000,28500000,8.6,Business,Small,Small Business,1,1,1559127.0,0,,0.0,6,5.6,Annual,30059127.0,2,0
C02940,100,265000,26500000,1.8,Business,Medium,Small Business,1,0,0.0,0,,0.0,3,5.6,Monthly,26500000.0,1,0
C02941,300,225000,67500000,2.6,Government,Large,Government,3,1,1174909.0,1,Shared,16287294.0,6,3.3,Monthly,84962203.0,3,1
C02942,20,320000,6400000,2.2,Personal,Small,Normal,0,0,0.0,0,,0.0,0,2.9,Monthly,6400000.0,1,0
C02943,100,285000,28500000,0.7,Business,Medium,Small Business,1,1,605085.0,0,,0.0,5,6.7,Monthly,29105085.0,2,0
C02944,300,200000,60000000,7.0,Business,Small,Small Business,1,1,1877983.0,0,,0.0,5,8.4,Annual,61877983.0,2,1
C02945,20,300000,6000000,8.9,Personal,Small,Normal,0,0,0.0,0,,0.0,0,3.4,Annual,6000000.0,1,0
C02946,50,290000,14500000,8.6,Business,Small,Small Business,1,1,743681.0,0,,0.0,6,6.9,Annual,15243681.0,2,0
C02947,150,250000,37500000,6.0,Government,Large,Government,3,1,1617366.0,1,VPS,12080026.0,10,4.0,Annual,51197392.0,3,1
C02948,30,335000,10050000,0.4,Personal,Small,Normal,0,0,0.0,0,,0.0,3,5.8,Monthly,10050000.0,1,0
C02949,50,270000,13500000,2.7,Business,Small,Small Business,1,0,0.0,0,,0.0,4,8.5,Monthly,13500000.0,1,0
C02950,20,300000,6000000,1.7,Personal,Small,Normal,0,0,0.0,0,,0.0,3,3.2,Monthly,6000000.0,1,0
C02951,20,365000,7300000,1.8,Personal,Small,Normal,0,0,0.0,0,,0.0,1,2.2,Monthly,7300000.0,1,0
C02952,10,360000,3600000,6.2,Personal,Small,Normal,0,0,0.0,0,,0.0,2,8.7,Annual,3600000.0,1,0
C02953,50,305000,15250000,1.9,Personal,Small,Normal,0,0,0.0,0,,0.0,0,4.2,Monthly,15250000.0,1,0
C02954,20,300000,6000000,1.3,Business,Large,ISP Partner,3,1,1199665.0,1,Dedicated,16177742.0,5,2.7,Monthly,23377407.0,3,0
C02955,30,290000,8700000,0.5,Personal,Small,Normal,0,0,0.0,0,,0.0,2,9.0,Monthly,8700000.0,1,0
C02956,50,300000,15000000,1.7,Business,Medium,Small Business,1,1,1952992.0,0,,0.0,2,2.8,Monthly,16952992.0,2,0
C02957,30,290000,8700000,7.8,Personal,Small,Normal,0,0,0.0,0,,0.0,1,4.7,Annual,8700000.0,1,0
C02958,30,295000,8850000,7.1,Business,Medium,Small Business,1,0,0.0,0,,0.0,1,4.1,Monthly,8850000.0,1,0
C02959,150,260000,39000000,4.2,Business,Small,Small Business,1,0,0.0,0,,0.0,1,3.5,Monthly,39000000.0,1,0
C02960,20,350000,7000000,3.4,Personal,Small,Normal,0,0,0.0,0,,0.0,0,6.1,Monthly,7000000.0,1,0
C02961,30,310000,9300000,4.4,Business,Medium,Small Business,1,1,1106439.0,0,,0.0,2,2.9,Monthly,10406439.0,2,0
C02962,20,300000,11278465,4.0,Personal,Small,Normal,0,0,0.0,0,,0.0,0,1.1,Monthly,11278465.0,1,0
C02963,10,385000,3850000,2.2,Personal,Small,Normal,0,0,0.0,0,,0.0,0,3.4,Monthly,3850000.0,1,0
C02964,50,310000,15500000,6.8,Business,Large,Hospital,3,1,1454946.0,1,Dedicated,4641161.0,5,7.9,Annual,21596107.0,3,0
C02965,10,320000,3200000,0.5,Business,Medium,Small Business,1,0,0.0,0,,0.0,6,7.0,Monthly,3200000.0,1,0
C02966,150,280000,42000000,1.9,Business,Small,Small Business,1,1,384623.0,0,,0.0,3,5.9,Monthly,42384623.0,2,0
C02967,10,345000,3450000,1.7,Personal,Small,Normal,0,0,0.0,0,,0.0,2,6.4,Monthly,3450000.0,1,0
C02968,300,215000,64500000,1.5,Government,Large,Government,3,0,0.0,1,Dedicated,15818802.0,4,5.1,Monthly,80318802.0,2,1
C02969,100,250000,25000000,8.4,Business,Large,University,2,1,1135973.0,0,,0.0,3,3.0,Annual,26135973.0,2,0
C02970,100,250000,25000000,6.8,Government,Large,Government,3,1,438236.0,1,VPS,14495305.0,7,9.1,Annual,39933541.0,3,0
C02971,30,315000,9450000,5.1,Business,Medium,Small Business,1,0,0.0,1,Dedicated,5444110.0,8,5.6,Annual,14894110.0,2,0
C02972,300,200000,60000000,5.8,Business,Medium,Small Business,1,1,1719719.0,0,,0.0,6,6.6,Annual,61719719.0,2,1
C02973,30,305000,9150000,3.4,Personal,Small,Normal,0,0,0.0,0,,0.0,2,2.9,Monthly,9150000.0,1,0
C02974,30,335000,10050000,2.0,Personal,Small,Normal,0,0,0.0,0,,0.0,1,1.1,Monthly,10050000.0,1,0
C02975,150,265000,39750000,5.6,Government,Large,Government,3,1,1170101.0,0,,0.0,9,9.6,Annual,40920101.0,2,0
C02976,10,320000,3200000,8.1,Personal,Small,Normal,0,0,0.0,0,,0.0,1,0.0,Monthly,3200000.0,1,0
C02977,100,250000,25000000,8.5,Business,Small,Small Business,1,0,0.0,1,Shared,11136058.0,8,7.8,Annual,36136058.0,2,0
C02978,150,255000,38250000,9.4,Business,Large,Enterprise,2,1,1187054.0,0,,0.0,5,5.0,Annual,39437054.0,2,0
C02979,50,330000,16500000,1.0,Business,Large,ISP Partner,3,1,855222.0,1,VPS,11919323.0,7,4.4,Monthly,29274545.0,3,0
C02980,300,220000,66000000,7.7,Business,Large,ISP Partner,3,1,425681.0,0,,0.0,3,3.2,Annual,66425681.0,2,1
C02981,50,280000,14000000,5.1,Personal,Small,Normal,0,0,0.0,0,,0.0,0,2.0,Monthly,14000000.0,1,0
C02982,10,370000,3700000,0.9,Personal,Small,Normal,0,0,0.0,0,,0.0,3,4.8,Monthly,3700000.0,1,0
C02983,30,335000,10050000,6.2,Personal,Small,Normal,0,0,0.0,0,,0.0,0,1.3,Annual,10050000.0,1,0
C02984,20,340000,6800000,6.0,Personal,Small,Normal,0,0,0.0,0,,0.0,2,0.2,Annual,6800000.0,1,0
C02985,50,310000,15500000,2.9,Business,Medium,Small Business,1,0,0.0,0,,0.0,4,7.1,Monthly,15500000.0,1,0
C02986,300,225000,67500000,4.1,Business,Large,University,2,0,0.0,1,VPS,9748701.0,9,13.8,Monthly,77248701.0,2,1
C02987,100,250000,25000000,5.9,Government,Large,Government,3,0,0.0,1,Shared,16017955.0,3,0.8,Annual,41017955.0,2,0
C02988,20,345000,6900000,5.9,Personal,Small,Normal,0,0,0.0,0,,0.0,1,4.3,Annual,6900000.0,1,0
C02989,10,335000,3350000,2.4,Personal,Small,Normal,0,0,0.0,0,,0.0,1,4.8,Monthly,3350000.0,1,0
C02990,150,230000,34500000,5.7,Business,Medium,Small Business,1,0,0.0,0,,0.0,2,1.2,Annual,34500000.0,1,0
C02991,150,250000,37500000,0.4,Business,Small,Small Business,1,0,0.0,0,,0.0,1,5.3,Monthly,37500000.0,1,0
C02992,30,300000,9000000,3.5,Business,Medium,Small Business,1,1,1716398.0,1,Shared,5410393.0,8,5.5,Monthly,16126791.0,3,0
C02993,200,230000,46000000,0.3,Business,Large,Enterprise,2,1,322106.0,0,,0.0,2,3.1,Monthly,46322106.0,2,1
C02994,150,240000,36000000,1.0,Business,Medium,Small Business,1,1,681232.0,0,,0.0,5,5.6,Monthly,36681232.0,2,0
C02995,50,325000,16250000,2.1,Business,Small,Small Business,1,1,1584128.0,0,,0.0,6,8.7,Monthly,17834128.0,2,0
C02996,30,300000,9000000,9.4,Personal,Small,Normal,0,0,0.0,0,,0.0,0,0.0,Annual,9000000.0,1,0
C02997,20,350000,7000000,7.8,Personal,Small,Normal,0,0,0.0,0,,0.0,0,5.3,Annual,7000000.0,1,0
C02998,10,325000,3250000,2.3,Personal,Small,Normal,0,1,1975504.0,0,,0.0,2,2.8,Monthly,5225504.0,2,0
C02999,150,260000,39000000,3.4,Business,Large,Enterprise,2,1,1011908.0,0,,0.0,8,7.0,Monthly,40011908.0,2,0
C03000,20,305000,6100000,2.3,Personal,Small,Normal,0,0,0.0,0,,0.0,1,5.2,Monthly,6100000.0,1,0
