Customer_ID,Bandwidth_Mbps,Price_Per_Mbps,Monthly_Internet_Fee,Years_With_Company,Customer_Type,Company_Size,Strategic_Category,Strategic_Level,Has_VoIP,Monthly_VoIP_Fee,Has_Server,Server_Type,Monthly_Server_Fee,Support_Tickets_Last_Year,Downtime_Hours_Last_Year,Contract_Type,Total_Monthly_Revenue,Number_of_Services,High_Value,Revenue_Score,Strategic_Score,Services_Score,Company_Size_Score,Customer_Priority_Score
C00006,100,285000,28500000,8.0,Business,Medium,Small Business,1,0,0.0,0,,0.0,0,2.8,Annual,28500000.0,1,0,17.92441241278737,26.0,27.5,26.2,22.217206206393683
C00007,100,280000,28000000,2.8,Business,Small,Small Business,1,1,453701.0,0,,0.0,4,3.4,Monthly,28453701.0,2,0,17.891610738071968,26.0,35.6,25.8,23.355805369035984
C00008,100,265000,26500000,8.3,Business,Small,Small Business,1,1,780519.0,0,,0.0,3,6.1,Monthly,27280519.0,2,0,17.06044085652024,26.0,35.6,25.8,22.940220428260123
C00012,100,250000,25000000,6.4,Business,Small,Small Business,1,0,0.0,0,,0.0,0,3.6,Annual,25000000.0,1,0,15.444750616551964,26.0,27.5,25.8,20.917375308275982
C00014,300,200000,60000000,5.5,Government,Large,Government,3,0,0.0,0,,0.0,2,7.9,Annual,60000000.0,1,1,40.24136857890604,63.6,27.5,56.8,45.48568428945302
C00015,20,370000,7400000,1.8,Business,Small,Small Business,1,1,1033037.0,1,Shared,2691635.0,5,7.0,Monthly,11124672.0,3,0,5.614430401741839,26.0,63.2,25.8,21.35721520087092
C00016,100,250000,25000000,4.4,Business,Medium,Small Business,1,1,1383897.0,0,,0.0,3,4.7,Monthly,26383897.0,2,0,16.425206765359047,26.0,35.6,26.2,22.682603382679524
C00017,50,280000,14000000,9.0,Business,Medium,Small Business,1,1,810109.0,0,,0.0,5,7.7,Annual,14810109.0,2,0,8.225469639265391,26.0,35.6,26.2,18.582734819632694
C00018,150,230000,34500000,5.2,Government,Large,Government,3,1,475617.0,1,Shared,12637701.0,6,8.7,Monthly,47613318.0,3,1,31.465716539615524,63.6,63.2,56.8,46.45285826980776
C00019,200,250000,50000000,4.9,Business,Medium,Small Business,1,1,1014125.0,1,VPS,18311479.0,6,7.5,Monthly,69325604.0,3,1,46.84832399765464,26.0,63.2,26.2,42.03416199882732
C00020,150,260000,39000000,9.0,Business,Small,Small Business,1,1,1749697.0,0,,0.0,8,9.1,Annual,40749697.0,2,0,26.60301403174722,26.0,35.6,25.8,27.71150701587361
C00021,50,285000,14250000,7.7,Business,Medium,Small Business,1,0,0.0,1,Dedicated,14830358.0,6,6.5,Annual,29080358.0,2,0,18.335581430141538,26.0,35.6,26.2,23.637790715070768
C00022,30,315000,9450000,3.8,Business,Large,ISP Partner,3,1,415157.0,1,Dedicated,12812379.0,8,7.6,Monthly,22677536.0,3,0,13.7993434011428,63.6,63.2,56.8,37.6196717005714
C00024,200,220000,44000000,9.6,Business,Large,University,2,1,1341148.0,0,,0.0,4,3.1,Annual,45341148.0,2,1,29.855941355743465,43.8,35.6,56.8,37.54797067787173
C00025,200,245000,49000000,8.7,Government,Large,Government,3,0,0.0,1,Shared,18915334.0,9,5.9,Monthly,67915334.0,2,1,45.84918324297552,63.6,35.6,56.8,49.50459162148776
C00027,300,210000,63000000,6.1,Business,Large,Enterprise,2,0,0.0,1,Shared,7567635.0,6,2.0,Monthly,70567635.0,2,1,47.72827166063751,43.8,35.6,56.8,46.48413583031875
C00029,300,200000,60000000,6.4,Business,Medium,Small Business,1,1,532674.0,0,,0.0,6,7.4,Annual,60532674.0,2,1,40.618754683948296,26.0,35.6,26.2,34.77937734197415
C00030,30,290000,8700000,9.3,Business,Small,Small Business,1,0,0.0,1,Shared,15544269.0,6,6.5,Annual,24244269.0,2,0,14.909334248286026,26.0,35.6,25.8,21.864667124143015
C00031,300,230000,69000000,7.4,Business,Small,Small Business,1,0,0.0,0,,0.0,4,4.6,Annual,69000000.0,1,1,46.617641769225656,26.0,27.5,25.8,36.50382088461283
C00032,100,250000,25000000,7.5,Business,Small,Small Business,1,0,0.0,0,,0.0,0,2.7,Annual,25000000.0,1,0,15.444750616551964,26.0,27.5,25.8,20.917375308275982
C00034,100,265000,26500000,5.3,Business,Large,ISP Partner,3,1,1879175.0,1,Shared,19063101.0,10,10.7,Annual,47442276.0,3,1,31.344537593057897,63.6,63.2,56.8,46.39226879652895
C00035,100,295000,29500000,4.3,Business,Small,Small Business,1,1,640925.0,0,,0.0,5,5.2,Monthly,30140925.0,2,0,19.086966422212395,26.0,35.6,25.8,23.9534832111062
C00040,300,200000,60000000,3.8,Business,Large,University,2,0,0.0,0,,0.0,1,2.5,Monthly,60000000.0,1,1,40.24136857890604,43.8,27.5,56.8,41.525684289453025
C00041,50,280000,14000000,7.6,Business,Small,Small Business,1,1,1579282.0,0,,0.0,3,8.3,Annual,15579282.0,2,0,8.77040932577847,26.0,35.6,25.8,18.795204662889237
C00042,300,200000,60000000,6.4,Government,Large,Government,3,1,894122.0,1,VPS,18135184.0,6,4.5,Annual,79029306.0,3,1,53.72315232092696,63.6,63.2,56.8,57.58157616046347
C00044,200,220000,44000000,0.9,Business,Small,Small Business,1,0,0.0,0,,0.0,2,5.1,Monthly,44000000.0,1,1,28.9057717961156,26.0,27.5,25.8,27.6478858980578
C00046,50,280000,14000000,1.1,Business,Medium,Small Business,1,0,0.0,0,,0.0,1,4.3,Monthly,14000000.0,1,0,7.651527828383542,26.0,27.5,26.2,17.08076391419177
C00047,150,270000,40500000,4.0,Business,Large,Hospital,3,1,1993812.0,0,,0.0,2,6.0,Monthly,42493812.0,2,0,27.838675555673255,63.6,35.6,56.8,40.49933777783663
C00050,200,220000,44000000,3.0,Government,Large,Government,3,1,656838.0,1,VPS,7165951.0,6,4.4,Monthly,51822789.0,3,1,34.448020659918626,63.6,63.2,56.8,47.94401032995931
C00051,300,200000,60000000,5.9,Government,Large,Government,3,1,1065728.0,1,Dedicated,19944867.0,11,11.3,Annual,81010595.0,3,1,55.12684564681309,63.6,63.2,56.8,58.28342282340654
C00054,10,330000,3300000,1.7,Business,Small,Small Business,1,0,0.0,0,,0.0,2,6.5,Monthly,3300000.0,1,0,0.07084747989244056,26.0,27.5,25.8,13.230423739946222
C00055,200,255000,51000000,5.4,Business,Small,Small Business,1,0,0.0,0,,0.0,7,7.0,Monthly,51000000.0,1,1,33.86509538858642,26.0,27.5,25.8,30.12754769429321
C00056,150,230000,34500000,9.4,Business,Small,Small Business,1,0,0.0,0,,0.0,0,0.3,Annual,34500000.0,1,0,22.175261206333783,26.0,27.5,25.8,24.282630603166893
C00058,150,230000,34500000,0.6,Government,Large,Government,3,1,1691036.0,1,VPS,16138998.0,8,8.6,Monthly,52330034.0,3,1,34.807390959299035,63.6,63.2,56.8,48.12369547964951
C00059,100,280000,28000000,9.8,Business,Small,Small Business,1,0,0.0,1,Dedicated,19638982.0,6,2.5,Monthly,47638982.0,2,1,31.483898836855122,26.0,35.6,25.8,30.151949418427563
C00062,150,230000,34500000,7.5,Business,Small,Small Business,1,0,0.0,0,,0.0,0,2.8,Monthly,34500000.0,1,0,22.175261206333783,26.0,27.5,25.8,24.282630603166893
C00066,150,245000,36750000,8.3,Business,Medium,Small Business,1,0,0.0,1,Shared,17058725.0,6,9.5,Annual,53808725.0,2,1,35.85500626819536,26.0,35.6,26.2,32.397503134097676
C00067,300,200000,60000000,9.3,Business,Small,Small Business,1,0,0.0,0,,0.0,2,4.9,Annual,60000000.0,1,1,40.24136857890604,26.0,27.5,25.8,33.31568428945302
C00071,300,200000,60000000,4.3,Business,Large,Enterprise,2,0,0.0,0,,0.0,0,5.4,Monthly,60000000.0,1,1,40.24136857890604,43.8,27.5,56.8,41.525684289453025
C00072,20,300000,6000000,6.1,Business,Small,Small Business,1,1,973920.0,0,,0.0,6,6.9,Annual,6973920.0,2,0,2.6737272131567797,26.0,35.6,25.8,15.74686360657839
C00073,150,230000,34500000,3.7,Business,Small,Small Business,1,0,0.0,0,,0.0,3,6.2,Monthly,34500000.0,1,0,22.175261206333783,26.0,27.5,25.8,24.282630603166893
C00076,300,200000,60000000,2.5,Business,Large,Hospital,3,1,1573805.0,1,VPS,11150648.0,8,9.4,Monthly,72724453.0,3,1,49.256322859504046,63.6,63.2,56.8,55.348161429752025
C00077,300,200000,60000000,8.1,Government,Large,Government,3,1,652816.0,1,VPS,6525554.0,6,8.8,Annual,67178370.0,3,1,45.327062821260995,63.6,63.2,56.8,53.383531410630496
C00078,300,210000,63000000,1.8,Business,Large,Hospital,3,1,1533295.0,1,Shared,8417940.0,5,4.7,Monthly,72951235.0,3,1,49.416992191353714,63.6,63.2,56.8,55.42849609567685
C00081,150,260000,39000000,6.6,Business,Small,Small Business,1,0,0.0,1,VPS,17118459.0,6,4.0,Annual,56118459.0,2,1,37.491394599414214,26.0,35.6,25.8,33.15569729970711
C00082,200,240000,48000000,4.4,Business,Large,ISP Partner,3,1,1860295.0,1,Shared,12044963.0,6,4.7,Monthly,61905258.0,3,1,41.591195857355146,63.6,63.2,56.8,51.515597928677565
C00084,100,275000,27500000,7.7,Business,Medium,Small Business,1,1,785994.0,0,,0.0,5,4.0,Annual,28285994.0,2,0,17.772794554968755,26.0,35.6,26.2,23.356397277484376
C00085,200,220000,44000000,2.8,Business,Large,University,2,0,0.0,0,,0.0,6,6.8,Monthly,44000000.0,1,1,28.9057717961156,43.8,27.5,56.8,35.8578858980578
C00088,50,270000,13500000,8.5,Business,Medium,Small Business,1,0,0.0,0,,0.0,2,2.7,Annual,13500000.0,1,0,7.2972904289213405,26.0,27.5,26.2,16.90364521446067
C00091,300,200000,60000000,7.1,Business,Large,Enterprise,2,0,0.0,1,VPS,7193083.0,7,6.8,Monthly,67193083.0,2,1,45.33748661097757,43.8,35.6,56.8,45.28874330548878
C00092,10,320000,3200000,3.5,Business,Large,ISP Partner,3,1,1330814.0,1,Dedicated,8118345.0,9,11.5,Monthly,12649159.0,3,0,6.6944910225297045,63.6,63.2,56.8,34.06724551126486
C00093,150,255000,38250000,1.9,Government,Large,Government,3,1,844517.0,1,Shared,16072083.0,11,9.1,Monthly,55166600.0,3,1,36.81702648578484,63.6,63.2,56.8,49.12851324289241
C00095,300,200000,60000000,6.3,Business,Large,ISP Partner,3,1,1385475.0,1,VPS,5453963.0,5,6.2,Annual,66839438.0,3,1,45.08693804071195,63.6,63.2,56.8,53.26346902035597
C00096,300,205000,61500000,1.5,Business,Medium,Small Business,1,1,438266.0,0,,0.0,7,8.3,Monthly,61938266.0,2,1,41.61458119351804,26.0,35.6,26.2,35.277290596759016
C00098,10,335000,3350000,6.3,Business,Large,Hospital,3,1,972656.0,1,Shared,15122774.0,8,8.6,Monthly,19445430.0,3,0,11.509477752690447,63.6,63.2,56.8,36.47473887634523
C00099,20,300000,6000000,8.6,Business,Large,ISP Partner,3,1,1484011.0,0,,0.0,7,7.9,Monthly,7484011.0,2,0,3.035113831814926,63.6,35.6,56.8,28.097556915907465
C00100,20,315000,6300000,6.4,Business,Small,Small Business,1,0,0.0,1,VPS,12410378.0,6,8.3,Monthly,18710378.0,2,0,10.988711934791468,26.0,35.6,25.8,19.904355967395734
C00101,50,295000,14750000,6.3,Business,Medium,Small Business,1,0,0.0,0,,0.0,0,3.6,Annual,14750000.0,1,0,8.182883927576842,26.0,27.5,26.2,17.346441963788422
C00106,300,230000,69000000,2.0,Business,Small,Small Business,1,1,1050302.0,0,,0.0,2,3.6,Monthly,70050302.0,2,1,47.36175426748555,26.0,35.6,25.8,38.09087713374277
C00107,100,295000,29500000,3.5,Business,Small,Small Business,1,0,0.0,0,,0.0,3,4.8,Monthly,29500000.0,1,0,18.632887211711772,26.0,27.5,25.8,22.511443605855888
C00108,300,240000,72000000,0.8,Government,Large,Government,3,0,0.0,1,VPS,10573498.0,6,9.9,Monthly,82573498.0,2,1,56.23412303547643,63.6,35.6,56.8,54.697061517738206
C00110,50,315000,15750000,4.3,Business,Medium,Small Business,1,1,1686329.0,0,,0.0,5,5.2,Monthly,17436329.0,2,0,10.086080325696635,26.0,35.6,26.2,19.513040162848316
C00113,100,260000,26000000,7.1,Government,Large,Government,3,1,1131356.0,1,VPS,19328703.0,8,11.7,Monthly,46460059.0,3,1,30.648661601482768,63.6,63.2,56.8,46.04433080074138
C00114,300,200000,60000000,5.0,Government,Large,Government,3,1,1119462.0,1,Shared,17892137.0,9,12.0,Monthly,79011599.0,3,1,53.710607357662404,63.6,63.2,56.8,57.575303678831204
C00115,200,220000,44000000,7.3,Business,Medium,Small Business,1,0,0.0,0,,0.0,5,10.1,Monthly,44000000.0,1,1,28.9057717961156,26.0,27.5,26.2,27.7078858980578
C00116,100,255000,25500000,7.0,Business,Medium,Small Business,1,1,1237183.0,0,,0.0,5,6.1,Monthly,26737183.0,2,0,16.675500993171852,26.0,35.6,26.2,22.807750496585925
C00118,200,250000,50000000,6.4,Business,Large,ISP Partner,3,0,0.0,0,,0.0,4,8.4,Monthly,50000000.0,1,1,33.15662058966202,63.6,27.5,56.8,41.94331029483101
C00120,300,210000,63000000,6.8,Business,Medium,Small Business,1,0,0.0,0,,0.0,2,4.7,Annual,63000000.0,1,1,42.366792975679246,26.0,27.5,26.2,34.438396487839626
C00124,200,235000,47000000,4.7,Government,Large,Government,3,1,1374244.0,1,Shared,7652487.0,9,7.1,Monthly,56026731.0,3,1,37.42640762305848,63.6,63.2,56.8,49.43320381152924
C00128,150,230000,34500000,7.7,Government,Large,Government,3,1,1946311.0,1,Shared,7975143.0,5,5.2,Annual,44421454.0,3,1,29.20436133402149,63.6,63.2,56.8,45.32218066701074
C00129,20,345000,6900000,4.8,Business,Small,Small Business,1,0,0.0,0,,0.0,3,2.4,Monthly,6900000.0,1,0,2.6213567560202877,26.0,27.5,25.8,14.505678378010145
C00131,100,250000,25000000,5.5,Business,Medium,Small Business,1,1,673275.0,0,,0.0,2,4.2,Annual,25673275.0,2,0,15.921748986797791,26.0,35.6,26.2,22.430874493398896
C00132,200,220000,44000000,4.7,Business,Medium,Small Business,1,0,0.0,0,,0.0,3,1.2,Monthly,44000000.0,1,1,28.9057717961156,26.0,27.5,26.2,27.7078858980578
C00134,100,260000,26000000,4.6,Business,Large,ISP Partner,3,1,1025260.0,1,VPS,14635827.0,9,9.2,Monthly,41661087.0,3,0,27.248710878738933,63.6,63.2,56.8,44.344355439369465
C00136,10,355000,3550000,5.7,Business,Medium,Small Business,1,0,0.0,1,VPS,15652633.0,10,8.2,Annual,19202633.0,2,0,11.337462196936002,26.0,35.6,26.2,20.138731098468
C00138,200,260000,52000000,2.2,Government,Large,Government,3,1,311116.0,0,,0.0,10,5.6,Monthly,52311116.0,2,1,34.79398803305298,63.6,35.6,56.8,43.97699401652649
C00139,20,350000,7000000,6.7,Business,Large,University,2,0,0.0,0,,0.0,2,5.3,Annual,7000000.0,1,0,2.692204235912728,43.8,27.5,56.8,22.751102117956364
C00140,200,235000,47000000,3.0,Government,Large,Government,3,1,844684.0,1,Shared,4860688.0,10,7.6,Monthly,52705372.0,3,1,35.07330847337772,63.6,63.2,56.8,48.25665423668886
C00142,30,310000,9300000,2.1,Business,Small,Small Business,1,0,0.0,0,,0.0,2,4.4,Monthly,9300000.0,1,0,4.321696273438852,26.0,27.5,25.8,15.355848136719427
C00143,300,200000,60000000,9.8,Business,Large,Enterprise,2,0,0.0,1,VPS,14268476.0,5,4.2,Monthly,74268476.0,2,1,50.350224243963694,43.8,35.6,56.8,47.795112121981845
C00144,100,250000,25000000,6.5,Government,Large,Government,3,0,0.0,1,Shared,13235114.0,8,6.1,Annual,38235114.0,2,0,24.821495346443502,63.6,35.6,56.8,38.99074767322175
C00146,150,230000,34500000,5.0,Business,Medium,Small Business,1,0,0.0,0,,0.0,5,4.5,Monthly,34500000.0,1,0,22.175261206333783,26.0,27.5,26.2,24.342630603166892
C00147,200,220000,44000000,5.0,Business,Small,Small Business,1,1,602921.0,1,Dedicated,13988752.0,10,8.3,Monthly,58591673.0,3,1,39.243604390761234,26.0,63.2,25.8,38.171802195380614
C00148,150,230000,34500000,2.3,Business,Medium,Small Business,1,1,1696903.0,0,,0.0,4,4.8,Monthly,36196903.0,2,0,23.377474218053,26.0,35.6,26.2,26.1587371090265
C00150,100,250000,25000000,2.6,Government,Large,Government,3,1,793198.0,0,,0.0,3,5.1,Monthly,25793198.0,2,0,16.0067114101092,63.6,35.6,56.8,34.5833557050546
C00152,20,340000,6800000,3.6,Business,Large,Enterprise,2,0,0.0,0,,0.0,4,5.9,Monthly,6800000.0,1,0,2.5505092761278476,43.8,27.5,56.8,22.68025463806392
C00153,100,250000,25000000,8.4,Business,Small,Small Business,1,1,472249.0,0,,0.0,7,5.4,Annual,25472249.0,2,0,15.779327131869213,26.0,35.6,25.8,22.29966356593461
C00154,100,305000,30500000,1.5,Business,Large,Enterprise,2,0,0.0,1,VPS,16227008.0,5,7.1,Monthly,46727008.0,2,1,30.83778824058084,43.8,35.6,56.8,38.03889412029042
C00156,50,270000,13500000,5.0,Business,Medium,Small Business,1,0,0.0,0,,0.0,3,6.7,Monthly,13500000.0,1,0,7.2972904289213405,26.0,27.5,26.2,16.90364521446067
C00157,100,285000,28500000,3.2,Business,Medium,Small Business,1,0,0.0,0,,0.0,5,4.3,Monthly,28500000.0,1,0,17.92441241278737,26.0,27.5,26.2,22.217206206393683
C00159,150,265000,39750000,7.3,Business,Large,ISP Partner,3,1,1249984.0,1,VPS,2098464.0,8,8.1,Annual,43098448.0,3,0,28.26704492419571,63.6,63.2,56.8,44.85352246209786
C00161,150,260000,39000000,8.5,Business,Large,ISP Partner,3,1,594299.0,1,Shared,10713501.0,8,5.9,Annual,50307800.0,3,1,33.374689132770946,63.6,63.2,56.8,47.407344566385476
C00162,100,305000,30500000,1.4,Government,Large,Government,3,1,1095742.0,1,Dedicated,6314476.0,6,4.2,Monthly,37910218.0,3,0,24.59131471817216,63.6,63.2,56.8,43.01565735908608
C00164,200,225000,45000000,5.9,Business,Large,University,2,0,0.0,0,,0.0,6,8.1,Annual,45000000.0,1,1,29.614246595040004,43.8,27.5,56.8,36.21212329752
C00167,200,265000,53000000,0.7,Business,Large,Hospital,3,0,0.0,1,Shared,17304822.0,8,8.6,Monthly,70304822.0,2,1,47.542075273307795,63.6,35.6,56.8,50.3510376366539
C00169,300,200000,60000000,8.1,Business,Small,Small Business,1,0,0.0,0,,0.0,0,1.5,Annual,60000000.0,1,1,40.24136857890604,26.0,27.5,25.8,33.31568428945302
C00170,300,230000,69000000,6.4,Government,Large,Government,3,1,1173551.0,1,VPS,14799987.0,6,8.6,Annual,84973538.0,3,1,57.93449089188695,63.6,63.2,56.8,59.687245445943475
C00176,150,230000,34500000,7.4,Business,Small,Small Business,1,0,0.0,0,,0.0,4,2.2,Monthly,34500000.0,1,0,22.175261206333783,26.0,27.5,25.8,24.282630603166893
C00177,300,225000,67500000,3.4,Business,Large,University,2,1,632515.0,0,,0.0,5,4.4,Monthly,68132515.0,2,1,46.00305050828072,43.8,35.6,56.8,45.62152525414035
C00179,150,245000,36750000,5.4,Business,Medium,Small Business,1,1,1296101.0,1,Shared,10493421.0,9,9.3,Annual,48539522.0,3,1,32.121908732278506,26.0,63.2,26.2,34.670954366139256
C00185,300,235000,70500000,4.4,Business,Medium,Small Business,1,0,0.0,0,,0.0,0,3.4,Monthly,70500000.0,1,1,47.68035396761226,26.0,27.5,26.2,37.095176983806134
C00189,100,250000,25000000,8.7,Business,Medium,Small Business,1,0,0.0,0,,0.0,3,5.5,Monthly,25000000.0,1,0,15.444750616551964,26.0,27.5,26.2,20.97737530827598
C00194,150,255000,38250000,4.0,Business,Small,Small Business,1,0,0.0,1,Dedicated,11137389.0,8,7.8,Monthly,49387389.0,2,1,32.72260113461814,26.0,35.6,25.8,30.77130056730907
C00195,150,275000,41250000,1.3,Government,Large,Government,3,1,1014446.0,1,Shared,18054618.0,6,5.4,Monthly,60319064.0,3,1,40.46741738215005,63.6,63.2,56.8,50.95370869107502
C00199,100,275000,27500000,3.7,Business,Large,University,2,0,0.0,0,,0.0,1,2.2,Monthly,27500000.0,1,0,17.21593761386297,43.8,27.5,56.8,30.012968806931486
C00201,150,235000,35250000,5.7,Business,Large,Hospital,3,1,1513623.0,1,VPS,2459801.0,5,2.1,Monthly,39223424.0,3,0,25.521688074968477,63.6,63.2,56.8,43.48084403748423
C00202,100,250000,25000000,4.6,Business,Small,Small Business,1,1,1162332.0,1,Shared,12882860.0,7,5.7,Monthly,39045192.0,3,0,25.395415194606585,26.0,63.2,25.8,31.247707597303293
C00203,150,230000,34500000,2.9,Government,Large,Government,3,1,1925786.0,1,Dedicated,4039856.0,6,6.9,Monthly,40465642.0,3,0,26.40176822273875,63.6,63.2,56.8,43.920884111369375
C00207,300,205000,61500000,7.8,Business,Medium,Small Business,1,0,0.0,0,,0.0,2,1.7,Monthly,61500000.0,1,1,41.30408077729264,26.0,27.5,26.2,33.90704038864632
C00208,300,200000,60000000,7.2,Business,Medium,Small Business,1,1,1326128.0,0,,0.0,5,4.6,Monthly,61326128.0,2,1,41.18089684705406,26.0,35.6,26.2,35.06044842352703
C00209,20,325000,6500000,3.0,Business,Medium,Small Business,1,0,0.0,1,VPS,12927111.0,4,3.2,Monthly,19427111.0,2,0,11.496499202848952,26.0,35.6,26.2,20.218249601424475
C00210,300,245000,73500000,0.4,Business,Small,Small Business,1,0,0.0,0,,0.0,4,4.3,Monthly,73500000.0,1,1,49.80577836438547,26.0,27.5,25.8,38.09788918219273
C00219,150,230000,34500000,9.3,Business,Medium,Small Business,1,1,1441156.0,1,VPS,6814910.0,5,9.2,Monthly,42756066.0,3,0,28.024475905590375,26.0,63.2,26.2,32.62223795279519
C00220,300,210000,63000000,0.8,Government,Large,Government,3,1,443145.0,1,VPS,10906362.0,8,9.0,Monthly,74349507.0,3,1,50.40763266539534,63.6,63.2,56.8,55.92381633269767
C00221,30,315000,9450000,7.2,Business,Medium,Small Business,1,1,1164180.0,1,Dedicated,9967745.0,6,6.5,Annual,20581925.0,3,0,12.314655819294035,26.0,63.2,26.2,24.76732790964702
C00226,20,325000,6500000,3.9,Business,Large,Hospital,3,1,1753089.0,1,Dedicated,3951040.0,8,11.5,Monthly,12204129.0,3,0,6.3791984827643775,63.6,63.2,56.8,33.90959924138219
C00228,50,270000,13500000,9.9,Business,Medium,Small Business,1,0,0.0,1,Dedicated,3660075.0,5,8.2,Annual,17160075.0,2,0,9.890361328594572,26.0,35.6,26.2,19.415180664297285
C00229,300,205000,61500000,6.8,Business,Large,Enterprise,2,0,0.0,1,Shared,5395359.0,3,2.3,Monthly,66895359.0,2,1,45.1265566599426,43.8,35.6,56.8,45.1832783299713
C00230,100,255000,25500000,2.9,Business,Large,ISP Partner,3,1,618053.0,1,VPS,8199321.0,5,6.6,Monthly,34317374.0,3,0,22.045875287705414,63.6,63.2,56.8,41.7429376438527
C00231,100,290000,29000000,3.2,Government,Large,Government,3,1,1883186.0,1,Dedicated,12679326.0,5,6.9,Monthly,43562512.0,3,0,28.595822573283762,63.6,63.2,56.8,45.017911286641876
C00237,150,275000,41250000,0.7,Business,Large,ISP Partner,3,1,1013655.0,1,Shared,16198033.0,10,11.1,Monthly,58461688.0,3,1,39.15151329402304,63.6,63.2,56.8,50.295756647011515
C00238,150,255000,38250000,3.2,Business,Large,Enterprise,2,0,0.0,0,,0.0,5,4.0,Monthly,38250000.0,1,0,24.83204170230029,43.8,27.5,56.8,33.821020851150145
C00239,30,315000,9450000,0.5,Business,Large,Enterprise,2,1,770516.0,0,,0.0,5,8.0,Monthly,10220516.0,2,0,4.973858661445547,43.8,35.6,56.8,25.106929330722775
C00242,10,335000,3350000,6.4,Business,Large,Hospital,3,1,1442411.0,1,Dedicated,12041108.0,11,7.5,Annual,16833519.0,3,0,9.659004632157014,63.6,63.2,56.8,35.54950231607851
C00243,150,230000,34500000,3.0,Business,Large,Hospital,3,1,1517378.0,1,VPS,2701298.0,5,9.9,Monthly,38718676.0,3,0,25.164086837160983,63.6,63.2,56.8,43.302043418580496
C00244,100,280000,28000000,5.1,Government,Large,Government,3,1,684835.0,1,Shared,14800338.0,5,3.1,Monthly,43485173.0,3,0,28.54102984080975,63.6,63.2,56.8,44.99051492040488
C00245,100,300000,30000000,2.8,Business,Large,University,2,1,1671160.0,0,,0.0,8,6.3,Monthly,31671160.0,2,0,20.171099356144477,43.8,35.6,56.8,32.70554967807224
C00247,50,305000,15250000,1.6,Business,Small,Small Business,1,0,0.0,1,Shared,9677475.0,5,5.9,Monthly,24927475.0,2,0,15.393368481759971,26.0,35.6,25.8,22.106684240879986
C00248,100,290000,29000000,1.8,Business,Small,Small Business,1,1,542645.0,1,VPS,2705102.0,6,7.6,Monthly,32247747.0,3,0,20.5795967150319,26.0,63.2,25.8,28.839798357515953
C00250,100,295000,29500000,3.9,Business,Medium,Small Business,1,1,1705319.0,0,,0.0,7,7.5,Monthly,31205319.0,2,0,19.841062747338736,26.0,35.6,26.2,24.39053137366937
C00252,200,220000,44000000,3.4,Business,Medium,Small Business,1,1,1949401.0,0,,0.0,11,13.8,Monthly,45949401.0,2,1,30.286873277613633,26.0,35.6,26.2,29.613436638806817
C00253,100,265000,26500000,1.9,Business,Large,ISP Partner,3,1,1154836.0,1,Dedicated,8358401.0,6,5.2,Monthly,36013237.0,3,0,23.247351485633747,63.6,63.2,56.8,42.34367574281687
C00254,20,325000,6500000,6.1,Business,Medium,Small Business,1,0,0.0,0,,0.0,5,6.9,Monthly,6500000.0,1,0,2.3379668364505273,26.0,27.5,26.2,14.423983418225264
C00257,200,220000,44000000,5.5,Business,Large,Hospital,3,1,1950766.0,1,VPS,6746504.0,12,11.8,Annual,52697270.0,3,1,35.06756841055684,63.6,63.2,56.8,48.25378420527842
C00261,150,280000,42000000,1.1,Business,Large,ISP Partner,3,1,394268.0,1,VPS,16960424.0,6,6.1,Monthly,59354692.0,3,1,39.78418412336173,63.6,63.2,56.8,50.61209206168087
C00263,30,305000,9150000,9.3,Business,Medium,Small Business,1,1,661101.0,0,,0.0,2,3.7,Annual,9811101.0,2,0,4.683798451643914,26.0,35.6,26.2,16.811899225821957
C00265,150,230000,34500000,5.3,Business,Medium,Small Business,1,1,548026.0,1,VPS,4132342.0,7,5.3,Annual,39180368.0,3,0,25.491183984025987,26.0,63.2,26.2,31.355591992012993
C00270,300,205000,61500000,7.1,Business,Medium,Small Business,1,1,1801226.0,0,,0.0,5,4.9,Annual,63301226.0,2,1,42.58020400546005,26.0,35.6,26.2,35.76010200273002
C00271,100,295000,29500000,4.6,Government,Large,Government,3,1,327767.0,1,Shared,18487136.0,9,8.8,Monthly,48314903.0,3,1,31.9627718314189,63.6,63.2,56.8,46.70138591570945
C00275,200,230000,46000000,5.4,Business,Small,Small Business,1,1,1574536.0,0,,0.0,5,5.4,Annual,47574536.0,2,1,31.43824046996364,26.0,35.6,25.8,30.129120234981823
C00279,150,235000,35250000,4.5,Business,Medium,Small Business,1,0,0.0,0,,0.0,1,5.7,Monthly,35250000.0,1,0,22.706617305527086,26.0,27.5,26.2,24.608308652763544
C00281,200,255000,51000000,4.3,Business,Small,Small Business,1,0,0.0,0,,0.0,1,3.3,Monthly,51000000.0,1,1,33.86509538858642,26.0,27.5,25.8,30.12754769429321
C00284,100,250000,25000000,2.1,Business,Small,Small Business,1,1,1410906.0,0,,0.0,9,8.2,Monthly,26410906.0,2,0,16.444341961203197,26.0,35.6,25.8,22.6321709806016
C00286,50,280000,14000000,1.2,Business,Small,Small Business,1,0,0.0,0,,0.0,0,0.5,Monthly,14000000.0,1,0,7.651527828383542,26.0,27.5,25.8,17.02076391419177
C00287,50,310000,15500000,3.7,Business,Small,Small Business,1,0,0.0,1,Dedicated,12570149.0,6,5.7,Monthly,28070149.0,2,0,17.619873811994918,26.0,35.6,25.8,23.21993690599746
C00290,150,230000,34500000,4.3,Business,Small,Small Business,1,0,0.0,0,,0.0,2,6.6,Monthly,34500000.0,1,0,22.175261206333783,26.0,27.5,25.8,24.282630603166893
C00291,100,250000,25000000,7.3,Business,Small,Small Business,1,0,0.0,0,,0.0,2,5.4,Annual,25000000.0,1,0,15.444750616551964,26.0,27.5,25.8,20.917375308275982
C00293,300,200000,60000000,3.3,Business,Large,ISP Partner,3,0,0.0,0,,0.0,3,2.5,Monthly,60000000.0,1,1,40.24136857890604,63.6,27.5,56.8,45.48568428945302
C00297,50,280000,14000000,9.1,Business,Medium,Small Business,1,0,0.0,0,,0.0,6,8.6,Annual,14000000.0,1,0,7.651527828383542,26.0,27.5,26.2,17.08076391419177
C00301,20,335000,6700000,8.8,Business,Medium,Small Business,1,1,987671.0,0,,0.0,3,5.5,Annual,7687671.0,2,0,3.1794018093638705,26.0,35.6,26.2,16.059700904681936
C00302,150,260000,39000000,6.9,Business,Large,University,2,1,1364879.0,0,,0.0,5,4.2,Annual,40364879.0,2,0,26.33038017657473,43.8,35.6,56.8,35.785190088287365
C00303,20,340000,6800000,9.2,Business,Small,Small Business,1,0,0.0,0,,0.0,0,1.9,Monthly,6800000.0,1,0,2.5505092761278476,26.0,27.5,25.8,14.470254638063924
C00304,200,250000,50000000,1.7,Government,Large,Government,3,1,433989.0,0,,0.0,4,4.4,Monthly,50433989.0,2,1,33.46409085917242,63.6,35.6,56.8,43.312045429586206
C00306,100,250000,25000000,2.7,Business,Small,Small Business,1,0,0.0,0,,0.0,1,4.4,Monthly,25000000.0,1,0,15.444750616551964,26.0,27.5,25.8,20.917375308275982
C00308,300,200000,60000000,9.9,Business,Large,University,2,1,482517.0,0,,0.0,7,3.9,Annual,60482517.0,2,1,40.58321971345865,43.8,35.6,56.8,42.911609856729314
C00318,20,350000,7000000,5.4,Business,Small,Small Business,1,0,0.0,0,,0.0,2,2.4,Annual,7000000.0,1,0,2.692204235912728,26.0,27.5,25.8,14.541102117956363
C00324,150,230000,68000270,8.9,Business,Large,ISP Partner,3,0,0.0,1,Dedicated,11532290.0,3,8.0,Annual,79532560.0,2,1,54.07969509738486,63.6,35.6,56.8,53.61984754869242
C00325,30,290000,8700000,9.4,Business,Medium,Small Business,1,0,0.0,0,,0.0,0,3.6,Annual,8700000.0,1,0,3.8966113940842115,26.0,27.5,26.2,15.203305697042106
C00328,150,230000,34500000,9.9,Business,Small,Small Business,1,0,0.0,1,VPS,11532759.0,10,8.7,Annual,46032759.0,2,1,30.34593031990237,26.0,35.6,25.8,29.582965159951186
C00330,150,230000,34500000,1.1,Business,Medium,Small Business,1,0,0.0,0,,0.0,1,3.0,Monthly,34500000.0,1,0,22.175261206333783,26.0,27.5,26.2,24.342630603166892
C00332,20,305000,6100000,4.8,Business,Large,University,2,0,0.0,0,,0.0,4,5.8,Monthly,6100000.0,1,0,2.054576916880766,43.8,27.5,56.8,22.432288458440382
C00334,30,290000,8700000,7.2,Business,Medium,Small Business,1,0,0.0,0,,0.0,0,2.9,Annual,8700000.0,1,0,3.8966113940842115,26.0,27.5,26.2,15.203305697042106
C00338,100,255000,25500000,7.5,Government,Large,Government,3,1,1129142.0,1,Dedicated,10944810.0,7,2.5,Annual,37573952.0,3,0,24.353078731437048,63.6,63.2,56.8,42.896539365718525
C00339,150,280000,42000000,4.6,Government,Large,Government,3,1,1910556.0,0,,0.0,3,7.9,Monthly,43910556.0,2,0,28.842402976200606,63.6,35.6,56.8,41.00120148810031
C00340,100,295000,29500000,0.3,Government,Large,Government,3,1,1203526.0,1,VPS,4619620.0,7,9.2,Monthly,35323146.0,3,0,22.75843940316921,63.6,63.2,56.8,42.0992197015846
C00342,150,245000,36750000,6.3,Business,Small,Small Business,1,1,1453457.0,0,,0.0,3,5.3,Annual,38203457.0,2,0,24.79906715973395,26.0,35.6,25.8,26.809533579866976
C00343,150,265000,39750000,0.5,Business,Large,University,2,1,1471473.0,0,,0.0,7,11.4,Monthly,41221473.0,2,0,26.93725543848458,43.8,35.6,56.8,36.08862771924229
C00344,20,310000,6200000,8.7,Business,Small,Small Business,1,1,1920526.0,0,,0.0,6,8.2,Monthly,8120526.0,2,0,3.486068668452292,26.0,35.6,25.8,16.153034334226145
C00345,300,210000,63000000,3.0,Business,Large,Enterprise,2,0,0.0,1,Dedicated,4024103.0,9,9.5,Monthly,67024103.0,2,1,45.21776853945533,43.8,35.6,56.8,45.22888426972766
C00349,200,245000,49000000,6.8,Business,Large,Hospital,3,1,1505268.0,1,Shared,9947880.0,8,6.5,Annual,60453148.0,3,1,40.56241251708903,63.6,63.2,56.8,51.001206258544514
C00351,150,230000,34500000,0.7,Business,Large,Hospital,3,0,0.0,1,VPS,18427731.0,7,8.6,Monthly,52927731.0,2,1,35.23084422119176,63.6,35.6,56.8,44.19542211059587
C00353,100,250000,25000000,1.7,Business,Large,Hospital,3,1,1907733.0,0,,0.0,3,5.3,Monthly,26907733.0,2,0,16.79633137012841,63.6,35.6,56.8,34.978165685064205
C00354,300,240000,72000000,3.6,Business,Medium,Small Business,1,1,1709085.0,0,,0.0,5,8.2,Monthly,73709085.0,2,1,49.953909817718575,26.0,35.6,26.2,39.44695490885929
C00357,200,235000,47000000,5.1,Business,Medium,Small Business,1,1,1981942.0,1,Shared,6159699.0,7,11.0,Monthly,55141641.0,3,1,36.79934366327848,26.0,63.2,26.2,37.00967183163924
C00358,150,280000,42000000,3.0,Government,Large,Government,3,0,0.0,1,VPS,7202222.0,6,6.5,Monthly,49202222.0,2,1,32.59141498152571,63.6,35.6,56.8,42.87570749076285
C00360,150,235000,35250000,2.4,Business,Large,Hospital,3,1,341708.0,1,Dedicated,13176781.0,7,3.9,Monthly,48768489.0,3,1,32.28412608156383,63.6,63.2,56.8,46.862063040781905
C00361,50,270000,13500000,2.0,Business,Small,Small Business,1,1,1585000.0,0,,0.0,4,2.4,Monthly,15085000.0,2,0,8.420222985216519,26.0,35.6,25.8,18.62011149260826
C00362,50,270000,13500000,9.9,Business,Small,Small Business,1,1,1891600.0,0,,0.0,2,1.7,Annual,15391600.0,2,0,8.63744135856674,26.0,35.6,25.8,18.72872067928337
C00364,200,220000,44000000,9.0,Government,Large,Government,3,1,669064.0,0,,0.0,6,4.4,Annual,44669064.0,2,1,29.379786778983156,63.6,35.6,56.8,41.26989338949157
C00365,150,290000,43500000,0.3,Business,Medium,Small Business,1,1,1934113.0,0,,0.0,3,5.4,Monthly,45434113.0,2,1,29.92180471542547,26.0,35.6,26.2,29.430902357712736
C00366,20,310000,6200000,4.0,Business,Small,Small Business,1,1,1679183.0,0,,0.0,4,4.5,Monthly,7879183.0,2,0,3.3150832350554804,26.0,35.6,25.8,16.06754161752774
C00367,100,250000,25000000,9.7,Government,Large,Government,3,1,1879034.0,1,VPS,13407452.0,9,6.9,Annual,40286486.0,3,0,26.27484071166265,63.6,63.2,56.8,43.85742035583132
C00369,20,365000,7300000,3.1,Business,Small,Small Business,1,0,0.0,0,,0.0,3,7.3,Monthly,7300000.0,1,0,2.904746675590048,26.0,27.5,25.8,14.647373337795024
C00375,200,225000,45000000,8.3,Government,Large,Government,3,0,0.0,1,VPS,8758126.0,8,4.7,Annual,53758126.0,2,1,35.81915815184458,63.6,35.6,56.8,44.48957907592229
C00377,100,275000,27500000,9.3,Business,Large,Hospital,3,1,1321280.0,0,,0.0,7,7.0,Annual,28821280.0,2,0,18.152031196185803,63.6,35.6,56.8,35.6560155980929
C00381,150,260000,39000000,4.7,Business,Large,University,2,1,1069283.0,0,,0.0,4,0.9,Monthly,40069283.0,2,0,26.120957859911872,43.8,35.6,56.8,35.68047892995594
C00382,150,250000,37500000,1.3,Government,Large,Government,3,1,1096108.0,1,Shared,12154710.0,6,6.2,Monthly,50750818.0,3,1,33.68855622124084,63.6,63.2,56.8,47.56427811062042
C00383,200,250000,50000000,6.5,Business,Large,ISP Partner,3,1,1255780.0,1,Shared,17495518.0,10,6.2,Annual,68751298.0,3,1,46.44144266978356,63.6,63.2,56.8,53.94072133489178
C00384,50,275000,13750000,5.2,Business,Medium,Small Business,1,0,0.0,1,VPS,12930678.0,5,5.5,Monthly,26680678.0,2,0,16.63546862465863,26.0,35.6,26.2,22.787734312329313
C00385,100,250000,25000000,9.2,Business,Large,Enterprise,2,0,0.0,1,VPS,2539599.0,8,10.1,Annual,27539599.0,2,0,17.243992507425578,43.8,35.6,56.8,31.241996253712788
C00386,300,200000,60000000,9.5,Business,Large,University,2,0,0.0,0,,0.0,3,4.4,Annual,60000000.0,1,1,40.24136857890604,43.8,27.5,56.8,41.525684289453025
C00387,100,255000,25500000,5.8,Government,Large,Government,3,1,1771196.0,1,Dedicated,11104442.0,7,3.0,Annual,38375638.0,3,0,24.921053059087555,63.6,63.2,56.8,43.18052652954377
C00391,200,250000,50000000,5.8,Business,Medium,Small Business,1,1,579858.0,1,VPS,9177785.0,9,10.2,Annual,59757643.0,3,1,40.06966475206312,26.0,63.2,26.2,38.64483237603156
C00394,200,265000,53000000,1.4,Business,Large,Hospital,3,1,794255.0,1,Shared,6356483.0,10,9.4,Monthly,60150738.0,3,1,40.348162653146304,63.6,63.2,56.8,50.89408132657314
C00398,300,200000,60000000,8.1,Business,Large,Enterprise,2,1,1932563.0,1,Dedicated,18841312.0,5,4.2,Monthly,80773875.0,3,1,54.9591354924117,43.8,63.2,56.8,54.23956774620585
C00400,10,325000,3250000,3.9,Business,Large,ISP Partner,3,1,724034.0,1,Shared,3913204.0,8,5.7,Monthly,7887238.0,3,0,3.3207899995608168,63.6,63.2,56.8,32.38039499978041
C00401,100,250000,25000000,5.0,Business,Large,University,2,0,0.0,1,VPS,3076395.0,6,4.2,Monthly,28076395.0,2,0,17.624298945589,43.8,35.6,56.8,31.4321494727945
C00403,200,220000,44000000,9.8,Business,Small,Small Business,1,0,0.0,0,,0.0,1,7.8,Annual,44000000.0,1,1,28.9057717961156,26.0,27.5,25.8,27.6478858980578
C00407,200,220000,44000000,3.7,Business,Large,University,2,1,1488025.0,0,,0.0,4,10.6,Monthly,45488025.0,2,1,29.960000008785084,43.8,35.6,56.8,37.60000000439254
C00409,100,285000,28500000,2.1,Business,Small,Small Business,1,0,0.0,1,VPS,11791349.0,6,3.9,Monthly,40291349.0,2,0,26.27828602460982,26.0,35.6,25.8,27.54914301230491
C00411,10,335000,3350000,7.1,Business,Small,Small Business,1,0,0.0,0,,0.0,1,4.1,Annual,3350000.0,1,0,0.10627121983866061,26.0,27.5,25.8,13.24813560991933
C00413,150,255000,38250000,2.0,Business,Small,Small Business,1,0,0.0,0,,0.0,4,5.2,Monthly,38250000.0,1,0,24.83204170230029,26.0,27.5,25.8,25.611020851150148
C00414,20,350000,7000000,7.6,Business,Small,Small Business,1,0,0.0,1,Dedicated,17261547.0,7,6.1,Monthly,24261547.0,2,0,14.92157527586184,26.0,35.6,25.8,21.87078763793092
C00416,150,230000,34500000,1.5,Business,Medium,Small Business,1,0,0.0,0,,0.0,1,1.8,Monthly,34500000.0,1,0,22.175261206333783,26.0,27.5,26.2,24.342630603166892
C00418,100,285000,28500000,5.4,Business,Large,ISP Partner,3,1,334673.0,0,,0.0,3,5.1,Annual,28834673.0,2,0,18.161519799167795,63.6,35.6,56.8,35.660759899583894
C00419,300,245000,73500000,0.3,Business,Large,Enterprise,2,1,1332892.0,1,VPS,9474010.0,5,5.8,Monthly,84306902.0,3,1,57.46219608583118,43.8,63.2,56.8,55.49109804291558
C00421,100,275000,27500000,4.1,Business,Small,Small Business,1,0,0.0,0,,0.0,1,5.7,Monthly,27500000.0,1,0,17.21593761386297,26.0,27.5,25.8,21.802968806931485
C00422,100,290000,29000000,5.1,Business,Medium,Small Business,1,1,519204.0,0,,0.0,4,6.2,Annual,29519204.0,2,0,18.646492761750316,26.0,35.6,26.2,23.793246380875157
C00424,150,260000,39000000,7.9,Business,Small,Small Business,1,1,1775344.0,0,,0.0,4,10.1,Annual,40775344.0,2,0,26.621184284915234,26.0,35.6,25.8,27.72059214245762
C00425,100,250000,25000000,9.0,Business,Large,ISP Partner,3,1,1008633.0,1,Shared,13782921.0,9,5.4,Annual,39791554.0,3,0,25.9241938624814,63.6,63.2,56.8,43.68209693124069
C00426,10,355000,3550000,8.2,Business,Medium,Small Business,1,1,408882.0,0,,0.0,8,8.5,Annual,3958882.0,2,0,0.5376487723573482,26.0,35.6,26.2,14.738824386178674
C00430,200,225000,45000000,5.5,Business,Small,Small Business,1,0,0.0,1,VPS,8575302.0,4,3.8,Annual,53575302.0,2,1,35.68963195520603,26.0,35.6,25.8,32.254815977603016
C00431,200,220000,44000000,6.4,Business,Medium,Small Business,1,0,0.0,0,,0.0,4,5.5,Monthly,44000000.0,1,1,28.9057717961156,26.0,27.5,26.2,27.7078858980578
C00438,300,200000,60000000,9.3,Government,Large,Government,3,1,1603590.0,1,VPS,17337188.0,7,9.3,Monthly,78940778.0,3,1,53.660432463927776,63.6,63.2,56.8,57.55021623196389
C00442,100,290000,29000000,2.0,Government,Large,Government,3,1,1343252.0,1,Dedicated,10222941.0,5,6.4,Monthly,40566193.0,3,0,26.473006072245397,63.6,63.2,56.8,43.9565030361227
C00444,150,285000,42750000,3.4,Business,Small,Small Business,1,0,0.0,0,,0.0,4,8.2,Monthly,42750000.0,1,0,28.0201782974601,26.0,27.5,25.8,27.20508914873005
C00445,50,330000,16500000,1.3,Business,Small,Small Business,1,1,1335598.0,0,,0.0,8,10.4,Monthly,17835598.0,2,0,10.36895235018838,26.0,35.6,25.8,19.59447617509419
C00447,100,250000,25000000,6.1,Business,Large,University,2,0,0.0,0,,0.0,7,4.5,Monthly,25000000.0,1,0,15.444750616551964,43.8,27.5,56.8,29.127375308275983
C00448,200,245000,49000000,1.0,Government,Large,Government,3,0,0.0,1,VPS,2483984.0,6,8.0,Monthly,51483984.0,2,1,34.20798585566905,63.6,35.6,56.8,43.683992927834524
C00453,10,320000,3200000,5.4,Business,Small,Small Business,1,0,0.0,0,,0.0,8,9.0,Monthly,3200000.0,1,0,0.0,26.0,27.5,25.8,13.195
C00459,150,230000,34500000,8.9,Business,Small,Small Business,1,1,1925574.0,1,Shared,18260790.0,10,11.4,Monthly,54686364.0,3,1,36.47679138224857,26.0,63.2,25.8,36.788395691124286
C00460,150,245000,36750000,8.1,Business,Large,University,2,0,0.0,0,,0.0,2,5.1,Annual,36750000.0,1,0,23.76932950391369,43.8,27.5,56.8,33.28966475195685
C00462,20,335000,6700000,3.5,Business,Medium,Small Business,1,0,0.0,0,,0.0,5,9.9,Monthly,6700000.0,1,0,2.4796617962354075,26.0,27.5,26.2,14.494830898117703
C00463,100,285000,28500000,1.6,Business,Large,Enterprise,2,0,0.0,1,Shared,4645003.0,4,7.7,Monthly,33145003.0,2,0,21.215279979215616,43.8,35.6,56.8,33.22763998960781
C00465,10,360000,3600000,6.4,Business,Medium,Small Business,1,0,0.0,0,,0.0,3,9.6,Monthly,3600000.0,1,0,0.2833899195697609,26.0,27.5,26.2,13.396694959784881
C00466,50,290000,14500000,6.4,Business,Small,Small Business,1,1,1590893.0,0,,0.0,3,3.1,Annual,16090893.0,2,0,9.132872826130981,26.0,35.6,25.8,18.976436413065493
C00468,300,235000,70500000,4.0,Business,Small,Small Business,1,0,0.0,0,,0.0,3,3.1,Monthly,70500000.0,1,1,47.68035396761226,26.0,27.5,25.8,37.03517698380613
C00470,200,235000,47000000,4.3,Business,Medium,Small Business,1,1,399113.0,1,Dedicated,8868676.0,7,11.0,Monthly,56267789.0,3,1,37.5971911411376,26.0,63.2,26.2,37.4085955705688
C00471,100,250000,25000000,5.1,Business,Large,Enterprise,2,1,734084.0,0,,0.0,9,10.0,Annual,25734084.0,2,0,15.964830630845583,43.8,35.6,56.8,30.60241531542279
C00476,150,250000,37500000,5.3,Business,Large,Hospital,3,1,1103582.0,1,VPS,18649729.0,9,6.3,Annual,57253311.0,3,1,38.295408641923174,63.6,63.2,56.8,49.86770432096158
C00478,300,200000,60000000,8.6,Business,Large,Enterprise,2,1,358372.0,0,,0.0,3,5.1,Annual,60358372.0,2,1,40.49526610954617,43.8,35.6,56.8,42.86763305477308
C00482,10,320000,3200000,3.1,Business,Medium,Small Business,1,0,0.0,1,Shared,3622205.0,7,8.1,Monthly,6822205.0,2,0,2.5662409590379642,26.0,35.6,26.2,15.753120479518982
C00484,50,305000,15250000,1.8,Business,Large,University,2,1,613754.0,0,,0.0,6,5.9,Monthly,15863754.0,2,0,8.971950568778091,43.8,35.6,56.8,27.105975284389043
C00485,200,250000,50000000,3.0,Government,Large,Government,3,1,795441.0,1,Dedicated,19222455.0,11,7.1,Monthly,70017896.0,3,1,47.33879543315161,63.6,63.2,56.8,54.3893977165758
C00486,200,220000,44000000,5.0,Business,Large,Enterprise,2,0,0.0,1,Dedicated,11574198.0,7,7.1,Monthly,55574198.0,2,1,37.10579939687682,43.8,35.6,56.8,41.1728996984384
C00490,20,315000,6300000,7.2,Business,Large,Hospital,3,1,1584412.0,1,Shared,3495259.0,8,8.9,Annual,11379671.0,3,0,5.795090766992762,63.6,63.2,56.8,33.61754538349638
C00492,300,200000,60000000,7.2,Business,Small,Small Business,1,0,0.0,0,,0.0,4,4.6,Monthly,60000000.0,1,1,40.24136857890604,26.0,27.5,25.8,33.31568428945302
C00493,150,230000,34500000,8.5,Government,Large,Government,3,1,401075.0,1,VPS,19144689.0,7,7.4,Monthly,54045764.0,3,1,36.022942426057604,63.6,63.2,56.8,48.7314712130288
C00499,100,250000,25000000,7.7,Business,Large,University,2,0,0.0,1,Dedicated,10022194.0,9,4.6,Annual,35022194.0,2,0,22.545222495483312,43.8,35.6,56.8,33.892611247741655
C00502,300,200000,60000000,2.2,Government,Large,Government,3,0,0.0,0,,0.0,6,8.9,Monthly,60000000.0,1,1,40.24136857890604,63.6,27.5,56.8,45.48568428945302
C00503,150,245000,36750000,1.9,Government,Large,Government,3,1,746309.0,1,Dedicated,17028958.0,6,6.7,Monthly,54525267.0,3,1,36.36265821756625,63.6,63.2,56.8,48.901329108783116
C00504,200,220000,44000000,8.7,Business,Large,Enterprise,2,0,0.0,0,,0.0,2,6.6,Annual,44000000.0,1,1,28.9057717961156,43.8,27.5,56.8,35.8578858980578
C00505,50,270000,13500000,8.4,Business,Medium,Small Business,1,1,865142.0,0,,0.0,6,5.5,Annual,14365142.0,2,0,7.9102217334123965,26.0,35.6,26.2,18.4251108667062
C00506,100,250000,25000000,5.9,Business,Medium,Small Business,1,1,1416059.0,0,,0.0,2,3.6,Monthly,26416059.0,2,0,16.447992731842053,26.0,35.6,26.2,22.693996365921027
C00507,100,300000,30000000,4.9,Business,Large,Enterprise,2,1,1323677.0,0,,0.0,7,8.5,Monthly,31323677.0,2,0,19.92491640758983,43.8,35.6,56.8,32.582458203794914
C00511,100,250000,25000000,5.9,Business,Medium,Small Business,1,0,0.0,0,,0.0,1,4.6,Annual,25000000.0,1,0,15.444750616551964,26.0,27.5,26.2,20.97737530827598
C00514,150,280000,42000000,0.6,Business,Large,University,2,0,0.0,1,Dedicated,4840755.0,3,4.7,Monthly,46840755.0,2,1,30.918375123534094,43.8,35.6,56.8,38.07918756176704
C00515,200,220000,44000000,7.3,Government,Large,Government,3,0,0.0,1,Dedicated,18460272.0,5,3.6,Annual,62460272.0,2,1,41.98440928940538,63.6,35.6,56.8,47.57220464470268
C00517,50,325000,16250000,2.3,Business,Small,Small Business,1,0,0.0,0,,0.0,2,4.8,Monthly,16250000.0,1,0,9.245596125963445,26.0,27.5,25.8,17.817798062981723
C00522,100,285000,28500000,4.3,Business,Medium,Small Business,1,1,482584.0,0,,0.0,4,8.5,Monthly,28982584.0,2,0,18.266311015151505,26.0,35.6,26.2,23.603155507575753
C00523,100,285000,28500000,5.2,Government,Large,Government,3,1,1636968.0,1,Dedicated,2162211.0,10,9.1,Annual,32299179.0,3,0,20.61603499089018,63.6,63.2,56.8,41.028017495445084
C00524,150,270000,40500000,2.4,Business,Medium,Small Business,1,0,0.0,0,,0.0,2,1.5,Monthly,40500000.0,1,0,26.426109999880193,26.0,27.5,26.2,26.468054999940097
C00526,150,250000,37500000,6.8,Business,Large,ISP Partner,3,1,1866436.0,1,Dedicated,8350436.0,11,10.2,Annual,47716872.0,3,1,31.539081938943344,63.6,63.2,56.8,46.489540969471676
C00528,150,265000,39750000,4.1,Business,Small,Small Business,1,0,0.0,0,,0.0,2,4.3,Monthly,39750000.0,1,0,25.894753900686894,26.0,27.5,25.8,26.142376950343447
C00532,200,220000,44000000,7.8,Business,Small,Small Business,1,0,0.0,0,,0.0,5,7.1,Annual,44000000.0,1,1,28.9057717961156,26.0,27.5,25.8,27.6478858980578
C00534,100,275000,27500000,4.6,Business,Large,Enterprise,2,0,0.0,0,,0.0,3,9.2,Monthly,27500000.0,1,0,17.21593761386297,43.8,27.5,56.8,30.012968806931486
C00541,150,230000,95441968,6.6,Business,Large,ISP Partner,3,1,1913770.0,1,Dedicated,15645701.0,7,7.5,Monthly,113001439.0,3,1,77.791552417135,63.6,63.2,56.8,69.6157762085675
C00544,200,220000,44000000,9.2,Business,Medium,Small Business,1,1,1003245.0,0,,0.0,8,7.2,Annual,45003245.0,2,1,29.616545595762513,26.0,35.6,26.2,29.278272797881257
C00552,150,250000,37500000,1.8,Business,Small,Small Business,1,0,0.0,0,,0.0,0,4.6,Monthly,37500000.0,1,0,24.300685603106988,26.0,27.5,25.8,25.345342801553496
C00554,300,200000,60000000,2.7,Business,Large,ISP Partner,3,1,1975646.0,1,Shared,6941109.0,10,10.5,Monthly,68916755.0,3,1,46.5586647845892,63.6,63.2,56.8,53.99933239229459
C00555,200,230000,46000000,9.3,Business,Small,Small Business,1,0,0.0,0,,0.0,0,0.3,Annual,46000000.0,1,1,30.322721393964404,26.0,27.5,25.8,28.356360696982204
C00556,300,210000,63000000,7.2,Government,Large,Government,3,1,1147382.0,1,Dedicated,13874978.0,10,6.9,Annual,78022360.0,3,1,53.009756456049224,63.6,63.2,56.8,57.22487822802461
C00557,100,265000,26500000,9.9,Business,Small,Small Business,1,0,0.0,0,,0.0,0,6.9,Monthly,26500000.0,1,0,16.507462814938567,26.0,27.5,25.8,21.448731407469285
C00559,100,250000,25000000,6.7,Business,Medium,Small Business,1,0,0.0,1,Shared,2932097.0,5,6.7,Annual,27932097.0,2,0,17.522067449053807,26.0,35.6,26.2,23.231033724526903
C00561,200,235000,47000000,3.6,Business,Medium,Small Business,1,0,0.0,0,,0.0,3,4.5,Monthly,47000000.0,1,1,31.03119619288881,26.0,27.5,26.2,28.770598096444406
C00562,150,260000,39000000,3.5,Business,Small,Small Business,1,1,850667.0,0,,0.0,4,2.6,Monthly,39850667.0,2,0,25.966073933270216,26.0,35.6,25.8,27.39303696663511
C00563,200,220000,44000000,7.7,Business,Small,Small Business,1,0,0.0,0,,0.0,3,1.0,Annual,44000000.0,1,1,28.9057717961156,26.0,27.5,25.8,27.6478858980578
C00564,200,240000,48000000,0.3,Business,Large,University,2,1,363445.0,0,,0.0,4,8.5,Monthly,48363445.0,2,1,31.99716261510829,43.8,35.6,56.8,38.618581307554145
C00565,100,260000,26000000,5.5,Business,Small,Small Business,1,0,0.0,1,VPS,6529992.0,5,4.0,Annual,32529992.0,2,0,20.77956018465432,26.0,35.6,25.8,24.79978009232716
C00566,100,265000,26500000,2.5,Business,Medium,Small Business,1,0,0.0,0,,0.0,1,5.8,Monthly,26500000.0,1,0,16.507462814938567,26.0,27.5,26.2,21.508731407469284
C00569,150,265000,39750000,1.0,Business,Medium,Small Business,1,1,1345377.0,0,,0.0,6,5.8,Monthly,41095377.0,2,0,26.847919600239408,26.0,35.6,26.2,27.893959800119703
C00570,200,230000,46000000,2.7,Business,Medium,Small Business,1,0,0.0,0,,0.0,1,1.6,Monthly,46000000.0,1,1,30.322721393964404,26.0,27.5,26.2,28.416360696982203
C00574,100,250000,25000000,9.9,Government,Large,Government,3,1,1903585.0,1,Dedicated,15309692.0,10,1.8,Annual,42213277.0,3,0,27.639923577957,63.6,63.2,56.8,44.5399617889785
C00576,150,230000,34500000,5.4,Business,Small,Small Business,1,1,1937260.0,0,,0.0,7,10.4,Annual,36437260.0,2,0,23.54776109529807,26.0,35.6,25.8,26.183880547649036
C00577,100,285000,28500000,8.6,Business,Small,Small Business,1,0,0.0,0,,0.0,0,4.3,Monthly,28500000.0,1,0,17.92441241278737,26.0,27.5,25.8,22.157206206393685
C00580,100,250000,25000000,2.1,Business,Medium,Small Business,1,1,829917.0,0,,0.0,6,6.1,Monthly,25829917.0,2,0,16.032725896250906,26.0,35.6,26.2,22.486362948125453
C00582,10,360000,3600000,1.2,Business,Small,Small Business,1,1,1550267.0,1,Dedicated,19011574.0,7,10.2,Monthly,24161841.0,3,0,14.850936087560285,26.0,63.2,25.8,25.975468043780143
C00583,300,205000,61500000,8.1,Business,Medium,Small Business,1,0,0.0,0,,0.0,3,2.2,Annual,61500000.0,1,1,41.30408077729264,26.0,27.5,26.2,33.90704038864632
C00584,150,230000,34500000,2.8,Business,Small,Small Business,1,1,1301598.0,1,Shared,11214499.0,7,6.6,Monthly,47016097.0,3,1,31.04260051172709,26.0,63.2,25.8,34.07130025586355
C00585,200,245000,49000000,0.8,Business,Large,Hospital,3,1,1977351.0,1,Dedicated,6963887.0,6,7.0,Monthly,57941238.0,3,1,38.782787584922836,63.6,63.2,56.8,50.11139379246141
C00587,200,220000,44000000,9.2,Business,Large,Enterprise,2,1,1491752.0,0,,0.0,2,3.8,Annual,45491752.0,2,1,29.962640494360674,43.8,35.6,56.8,37.60132024718034
C00589,150,250000,37500000,9.6,Government,Large,Government,3,0,0.0,1,Dedicated,13091391.0,8,8.2,Monthly,50591391.0,2,1,33.57560620947272,63.6,35.6,56.8,43.36780310473635
C00590,150,230000,34500000,3.4,Business,Large,ISP Partner,3,1,920630.0,1,Shared,18378400.0,5,6.0,Monthly,53799030.0,3,1,35.84813760501979,63.6,63.2,56.8,48.64406880250989
C00594,20,340000,6800000,7.1,Business,Small,Small Business,1,0,0.0,0,,0.0,4,5.3,Annual,6800000.0,1,0,2.5505092761278476,26.0,27.5,25.8,14.470254638063924
C00598,200,220000,44000000,4.3,Business,Medium,Small Business,1,0,0.0,0,,0.0,3,7.7,Monthly,44000000.0,1,1,28.9057717961156,26.0,27.5,26.2,27.7078858980578
C00599,100,280000,28000000,6.6,Business,Small,Small Business,1,1,436405.0,0,,0.0,6,5.6,Annual,28436405.0,2,0,17.879356957949774,26.0,35.6,25.8,23.349678478974887
C00601,150,265000,39750000,8.0,Business,Large,ISP Partner,3,1,1379808.0,1,Shared,2221599.0,8,7.1,Monthly,43351407.0,3,0,28.446260000856828,63.6,63.2,56.8,44.94313000042841
C00602,50,335000,16750000,0.7,Business,Medium,Small Business,1,1,1348896.0,0,,0.0,6,3.9,Monthly,18098896.0,2,0,10.555492347795578,26.0,35.6,26.2,19.747746173897788
C00604,50,330000,16500000,2.4,Business,Small,Small Business,1,0,0.0,0,,0.0,3,7.9,Monthly,16500000.0,1,0,9.422714825694548,26.0,27.5,25.8,17.906357412847274
C00605,50,315000,15750000,0.9,Business,Medium,Small Business,1,1,434145.0,1,VPS,2743514.0,6,8.5,Monthly,18927659.0,3,0,11.142650047576563,26.0,63.2,26.2,24.181325023788283
C00606,100,285000,28500000,2.7,Business,Medium,Small Business,1,0,0.0,1,Shared,3760137.0,7,5.5,Monthly,32260137.0,2,0,20.588374717790575,26.0,35.6,26.2,24.76418735889529
C00610,300,220000,66000000,7.1,Business,Small,Small Business,1,1,1363733.0,1,Shared,19894178.0,7,7.9,Annual,87257911.0,3,1,59.552911593730286,26.0,63.2,25.8,48.32645579686514
C00611,150,240000,36000000,2.0,Business,Small,Small Business,1,0,0.0,0,,0.0,3,0.2,Monthly,36000000.0,1,0,23.237973404720385,26.0,27.5,25.8,24.813986702360193
C00612,150,250000,37500000,0.4,Business,Small,Small Business,1,0,0.0,0,,0.0,2,4.2,Monthly,37500000.0,1,0,24.300685603106988,26.0,27.5,25.8,25.345342801553496
C00614,50,270000,13500000,6.9,Business,Large,University,2,0,0.0,1,Shared,15516601.0,7,8.3,Annual,29016601.0,2,0,18.290411202386515,43.8,35.6,56.8,31.76520560119326
C00616,150,265000,39750000,6.5,Business,Medium,Small Business,1,0,0.0,0,,0.0,4,2.4,Monthly,39750000.0,1,0,25.894753900686894,26.0,27.5,26.2,26.202376950343446
C00617,200,245000,49000000,6.6,Business,Small,Small Business,1,1,1200658.0,0,,0.0,4,5.4,Annual,50200658.0,2,1,33.29878172586459,26.0,35.6,25.8,31.059390862932297
C00619,50,320000,16000000,1.2,Business,Small,Small Business,1,1,1617440.0,0,,0.0,2,5.7,Monthly,17617440.0,2,0,10.21439290500463,26.0,35.6,25.8,19.517196452502315
C00620,300,210000,63000000,6.3,Business,Small,Small Business,1,0,0.0,0,,0.0,5,7.5,Annual,63000000.0,1,1,42.366792975679246,26.0,27.5,25.8,34.37839648783962
C00633,100,260000,26000000,8.1,Business,Large,Hospital,3,1,1531192.0,0,,0.0,7,2.0,Annual,27531192.0,2,0,17.238036359791018,63.6,35.6,56.8,35.19901817989551
C00634,150,245000,36750000,8.4,Government,Large,Government,3,1,655891.0,1,VPS,2433093.0,10,10.0,Monthly,39838984.0,3,0,25.957796822194382,63.6,63.2,56.8,43.69889841109719
C00637,20,345000,6900000,7.2,Business,Medium,Small Business,1,1,1674663.0,0,,0.0,5,4.1,Annual,8574663.0,2,0,3.807813288211424,26.0,35.6,26.2,16.373906644105713
C00638,50,270000,13500000,9.7,Business,Large,ISP Partner,3,1,326566.0,1,Dedicated,3348658.0,7,5.8,Annual,17175224.0,3,0,9.901094013323476,63.6,63.2,56.8,35.670547006661735
C00640,50,295000,14750000,4.4,Business,Large,University,2,0,0.0,0,,0.0,3,1.9,Monthly,14750000.0,1,0,8.182883927576842,43.8,27.5,56.8,25.49644196378842
C00642,20,320000,6400000,1.0,Business,Small,Small Business,1,0,0.0,0,,0.0,4,4.1,Monthly,6400000.0,1,0,2.2671193565580863,26.0,27.5,25.8,14.328559678279042
C00643,200,255000,51000000,3.7,Business,Large,University,2,1,343554.0,0,,0.0,5,6.2,Monthly,51343554.0,2,1,34.108494739656095,43.8,35.6,56.8,39.674247369828045
C00644,10,320000,3200000,9.1,Business,Medium,Small Business,1,0,0.0,1,Dedicated,15746221.0,6,5.9,Annual,18946221.0,2,0,11.155800756794196,26.0,35.6,26.2,20.0479003783971
C00646,300,200000,60000000,5.6,Business,Small,Small Business,1,0,0.0,0,,0.0,0,2.3,Annual,60000000.0,1,1,40.24136857890604,26.0,27.5,25.8,33.31568428945302
C00647,30,290000,8700000,8.5,Business,Medium,Small Business,1,1,783446.0,0,,0.0,5,6.0,Annual,9483446.0,2,0,4.451663141402339,26.0,35.6,26.2,16.69583157070117
C00649,300,215000,64500000,0.5,Government,Large,Government,3,1,1919246.0,1,VPS,18284977.0,7,8.9,Monthly,84704223.0,3,1,57.743688001414625,63.6,63.2,56.8,59.59184400070731
C00651,10,365000,3650000,5.1,Business,Small,Small Business,1,0,0.0,0,,0.0,6,6.9,Annual,3650000.0,1,0,0.31881365951598095,26.0,27.5,25.8,13.354406829757991
C00652,100,295000,29500000,2.5,Business,Medium,Small Business,1,0,0.0,0,,0.0,4,6.7,Monthly,29500000.0,1,0,18.632887211711772,26.0,27.5,26.2,22.571443605855887
C00654,150,235000,35250000,1.7,Government,Large,Government,3,1,920422.0,0,,0.0,2,4.2,Monthly,36170422.0,2,0,23.35871309690268,63.6,35.6,56.8,38.259356548451336
C00655,300,215000,64500000,0.2,Government,Large,Government,3,1,508681.0,1,Shared,12122210.0,9,8.0,Monthly,77130891.0,3,1,52.378173135526886,63.6,63.2,56.8,56.90908656776344
C00658,100,280000,28000000,8.1,Business,Large,Hospital,3,1,912827.0,0,,0.0,3,5.3,Annual,28912827.0,2,0,18.216889938602936,63.6,35.6,56.8,35.68844496930147
C00659,100,260000,26000000,8.7,Business,Small,Small Business,1,0,0.0,1,Dedicated,4699766.0,6,3.6,Annual,30699766.0,2,0,19.482891187318106,26.0,35.6,25.8,24.151445593659055
C00661,300,240000,72000000,2.2,Business,Large,University,2,1,1757880.0,1,VPS,11899661.0,10,7.9,Monthly,85657541.0,3,1,58.41908977977564,43.8,63.2,56.8,55.969544889887814
C00665,100,295000,29500000,2.7,Business,Medium,Small Business,1,0,0.0,0,,0.0,0,2.4,Monthly,29500000.0,1,0,18.632887211711772,26.0,27.5,26.2,22.571443605855887
C00666,300,225000,67500000,0.6,Business,Medium,Small Business,1,1,1024615.0,1,VPS,13963476.0,8,10.2,Monthly,82488091.0,3,1,56.173614328324696,26.0,63.2,26.2,46.696807164162344
C00667,30,290000,8700000,6.2,Business,Small,Small Business,1,0,0.0,0,,0.0,1,0.0,Monthly,8700000.0,1,0,3.8966113940842115,26.0,27.5,25.8,15.143305697042106
C00669,50,280000,14000000,5.9,Business,Large,Enterprise,2,0,0.0,0,,0.0,3,3.6,Annual,14000000.0,1,0,7.651527828383542,43.8,27.5,56.8,25.230763914191773
C00671,100,250000,25000000,6.2,Business,Small,Small Business,1,1,805504.0,0,,0.0,7,7.4,Monthly,25805504.0,2,0,16.015429900984763,26.0,35.6,25.8,22.417714950492382
C00673,150,270000,40500000,3.7,Business,Medium,Small Business,1,1,1056972.0,0,,0.0,5,4.7,Monthly,41556972.0,2,0,27.174948025048916,26.0,35.6,26.2,28.05747401252446
C00675,100,260000,26000000,8.7,Business,Large,ISP Partner,3,1,921314.0,1,Dedicated,11445909.0,5,7.7,Annual,38367223.0,3,0,24.915091243654604,63.6,63.2,56.8,43.177545621827306
C00676,150,260000,39000000,3.9,Business,Small,Small Business,1,1,851059.0,0,,0.0,6,9.2,Monthly,39851059.0,2,0,25.966351655391396,26.0,35.6,25.8,27.3931758276957
C00677,150,245000,36750000,5.5,Business,Large,Enterprise,2,0,0.0,0,,0.0,2,5.8,Annual,36750000.0,1,0,23.76932950391369,43.8,27.5,56.8,33.28966475195685
C00678,300,200000,60000000,5.3,Government,Large,Government,3,1,1624198.0,1,VPS,12029278.0,7,4.9,Monthly,73653476.0,3,1,49.914512242625186,63.6,63.2,56.8,55.677256121312595
C00679,300,225000,67500000,4.2,Business,Medium,Small Business,1,0,0.0,0,,0.0,3,3.6,Monthly,67500000.0,1,1,45.55492957083905,26.0,27.5,26.2,36.03246478541953
C00682,150,255000,38250000,2.5,Government,Large,Government,3,1,1962550.0,1,Dedicated,17927390.0,5,3.4,Monthly,58139940.0,3,1,38.92356294441871,63.6,63.2,56.8,50.18178147220935
C00683,200,245000,49000000,0.6,Government,Large,Government,3,1,862920.0,1,Dedicated,11980002.0,6,5.6,Monthly,61842922.0,3,1,41.547032372289394,63.6,63.2,56.8,51.49351618614469
C00684,100,250000,25000000,8.1,Business,Large,Enterprise,2,1,1871550.0,0,,0.0,5,3.7,Annual,26871550.0,2,0,16.770696626478927,43.8,35.6,56.8,31.005348313239462
C00685,50,270000,13500000,7.9,Business,Small,Small Business,1,0,0.0,1,VPS,14825156.0,6,6.7,Annual,28325156.0,2,0,17.80053984504423,26.0,35.6,25.8,23.310269922522117
C00686,150,255000,38250000,5.1,Business,Small,Small Business,1,1,1279161.0,1,VPS,15574868.0,7,4.8,Annual,55104029.0,3,1,36.77269650914133,26.0,63.2,25.8,36.93634825457067
C00689,100,300000,30000000,4.6,Business,Medium,Small Business,1,0,0.0,0,,0.0,2,1.6,Monthly,30000000.0,1,0,18.987124611173975,26.0,27.5,26.2,22.748562305586987
C00690,300,200000,60000000,9.4,Business,Medium,Small Business,1,0,0.0,0,,0.0,6,2.4,Annual,60000000.0,1,1,40.24136857890604,26.0,27.5,26.2,33.37568428945302
C00692,150,230000,34500000,7.8,Business,Medium,Small Business,1,1,1264811.0,0,,0.0,5,8.2,Annual,35764811.0,2,0,23.071347925236154,26.0,35.6,26.2,26.005673962618076
C00699,300,205000,61500000,7.4,Business,Small,Small Business,1,0,0.0,0,,0.0,6,4.5,Annual,61500000.0,1,1,41.30408077729264,26.0,27.5,25.8,33.84704038864632
C00702,20,345000,6900000,7.4,Business,Medium,Small Business,1,0,0.0,0,,0.0,1,6.4,Annual,6900000.0,1,0,2.6213567560202877,26.0,27.5,26.2,14.565678378010144
C00704,150,265000,39750000,5.2,Business,Large,ISP Partner,3,1,1995575.0,1,VPS,17476964.0,10,5.7,Annual,59222539.0,3,1,39.690557053259475,63.6,63.2,56.8,50.56527852662974
C00705,100,255000,25500000,3.0,Business,Small,Small Business,1,0,0.0,0,,0.0,1,4.6,Monthly,25500000.0,1,0,15.798988016014164,26.0,27.5,25.8,21.094494008007082
C00707,150,230000,34500000,8.5,Government,Large,Government,3,1,584357.0,0,,0.0,2,5.2,Monthly,35084357.0,2,0,22.58926341440885,63.6,35.6,56.8,37.87463170720443
C00715,300,225000,67500000,8.5,Government,Large,Government,3,1,1693603.0,0,,0.0,9,11.0,Monthly,69193603.0,2,1,46.75480461572182,63.6,35.6,56.8,49.9574023078609
C00716,30,315000,9450000,6.7,Business,Large,ISP Partner,3,1,1763188.0,1,VPS,10866274.0,11,6.5,Annual,22079462.0,3,0,13.37562304425089,63.6,63.2,56.8,37.40781152212544
C00718,200,220000,44000000,2.3,Business,Large,ISP Partner,3,1,412708.0,0,,0.0,4,7.6,Monthly,44412708.0,2,1,29.198165013430096,63.6,35.6,56.8,41.17908250671505
C00720,100,250000,25000000,1.8,Business,Small,Small Business,1,1,1552184.0,0,,0.0,2,3.2,Monthly,26552184.0,2,0,16.544433863845637,26.0,35.6,25.8,22.68221693192282
C00721,200,225000,45000000,8.1,Government,Large,Government,3,1,339670.0,1,VPS,19394591.0,7,7.4,Annual,64734261.0,3,1,43.59547318893668,63.6,63.2,56.8,52.51773659446833
C00722,150,230000,34500000,5.9,Government,Large,Government,3,1,1982017.0,1,VPS,13633238.0,5,5.4,Monthly,50115255.0,3,1,33.23827585261205,63.6,63.2,56.8,47.33913792630602
C00723,100,250000,25000000,5.2,Business,Small,Small Business,1,1,470524.0,1,Shared,11403988.0,6,6.2,Annual,36874512.0,3,0,23.857543118077363,26.0,63.2,25.8,30.478771559038684
C00726,50,290000,14500000,8.9,Business,Large,Enterprise,2,1,1728286.0,0,,0.0,5,10.6,Annual,16228286.0,2,0,9.230212304179602,43.8,35.6,56.8,27.235106152089802
C00727,200,220000,44000000,9.5,Government,Large,Government,3,1,1170423.0,1,Dedicated,4514850.0,7,12.7,Annual,49685273.0,3,1,32.933644441620935,63.6,63.2,56.8,47.18682222081047
C00728,150,230000,34500000,9.5,Business,Medium,Small Business,1,1,470786.0,0,,0.0,3,6.2,Annual,34970786.0,2,0,22.508801223020207,26.0,35.6,26.2,25.724400611510102
C00729,100,260000,26000000,0.3,Business,Large,University,2,0,0.0,0,,0.0,4,3.3,Monthly,26000000.0,1,0,16.153225415476367,43.8,27.5,56.8,29.481612707738183
C00732,100,250000,25000000,8.3,Business,Small,Small Business,1,1,929613.0,0,,0.0,5,6.2,Annual,25929613.0,2,0,16.103357999804473,26.0,35.6,25.8,22.461678999902237
C00734,100,250000,25000000,8.0,Business,Medium,Small Business,1,1,606956.0,1,VPS,2973877.0,8,9.2,Annual,28580833.0,3,0,17.981680556208826,26.0,63.2,26.2,27.600840278104414
C00735,150,260000,39000000,8.3,Business,Medium,Small Business,1,1,1598827.0,1,VPS,18402295.0,8,9.5,Annual,59001122.0,3,1,39.53368868870603,26.0,63.2,26.2,38.37684434435301
C00738,150,245000,36750000,1.2,Business,Medium,Small Business,1,0,0.0,0,,0.0,2,0.0,Monthly,36750000.0,1,0,23.76932950391369,26.0,27.5,26.2,25.139664751956843
C00741,300,230000,69000000,3.5,Government,Large,Government,3,0,0.0,1,VPS,6675441.0,6,5.2,Monthly,75675441.0,2,1,51.34702348943237,63.6,35.6,56.8,52.25351174471618
C00742,100,250000,25000000,3.0,Government,Large,Government,3,1,771654.0,0,,0.0,3,8.0,Monthly,25771654.0,2,0,15.991448029041173,63.6,35.6,56.8,34.57572401452059
C00743,200,220000,44000000,5.1,Business,Large,Enterprise,2,1,1602854.0,0,,0.0,6,3.9,Annual,45602854.0,2,1,30.041353461470774,43.8,35.6,56.8,37.640676730735386
C00745,10,360000,3600000,7.5,Business,Small,Small Business,1,0,0.0,0,,0.0,1,5.3,Monthly,3600000.0,1,0,0.2833899195697609,26.0,27.5,25.8,13.336694959784882
C00746,20,345000,6900000,1.2,Business,Small,Small Business,1,1,1233544.0,0,,0.0,2,2.0,Monthly,8133544.0,2,0,3.4952915933846906,26.0,35.6,25.8,16.157645796692346
C00748,300,240000,72000000,3.8,Business,Medium,Small Business,1,0,0.0,0,,0.0,3,6.6,Monthly,72000000.0,1,1,48.74306616599886,26.0,27.5,26.2,37.62653308299943
C00752,20,330000,6600000,4.4,Business,Medium,Small Business,1,0,0.0,0,,0.0,2,2.9,Monthly,6600000.0,1,0,2.4088143163429674,26.0,27.5,26.2,14.459407158171484
C00753,30,345000,10350000,0.7,Business,Small,Small Business,1,0,0.0,1,Dedicated,7761991.0,7,8.3,Monthly,18111991.0,2,0,10.564769825287492,26.0,35.6,25.8,19.692384912643746
C00755,300,220000,131261751,0.8,Government,Large,Government,3,1,1620122.0,0,,0.0,5,7.5,Monthly,132881873.0,2,1,91.87633889781485,63.6,35.6,56.8,72.51816944890741
C00759,150,235000,35250000,4.1,Government,Large,Government,3,1,1685534.0,1,Shared,13133622.0,6,6.2,Monthly,50069156.0,3,1,33.205615872856434,63.6,63.2,56.8,47.32280793642822
C00761,150,240000,36000000,2.8,Government,Large,Government,3,0,0.0,1,VPS,15484821.0,6,5.7,Monthly,51484821.0,2,1,34.20857884907575,63.6,35.6,56.8,43.684289424537866
C00764,100,250000,25000000,8.1,Business,Small,Small Business,1,0,0.0,0,,0.0,3,6.9,Monthly,25000000.0,1,0,15.444750616551964,26.0,27.5,25.8,20.917375308275982
C00767,150,285000,42750000,5.1,Business,Large,Hospital,3,1,865005.0,1,Dedicated,19192413.0,7,6.7,Monthly,62807418.0,3,1,42.23035348195278,63.6,63.2,56.8,51.835176740976394
C00770,50,295000,14750000,2.7,Business,Medium,Small Business,1,0,0.0,1,Dedicated,19182344.0,7,6.4,Monthly,33932344.0,2,0,21.77309123587555,26.0,35.6,26.2,25.356545617937776
C00772,300,220000,66000000,8.6,Business,Medium,Small Business,1,0,0.0,0,,0.0,8,8.6,Annual,66000000.0,1,1,44.49221737245245,26.0,27.5,26.2,35.501108686226225
C00773,50,275000,13750000,3.9,Business,Medium,Small Business,1,1,1821838.0,1,VPS,5726591.0,5,6.5,Monthly,21298429.0,3,0,12.822280846622565,26.0,63.2,26.2,25.021140423311284
C00774,30,335000,10050000,5.7,Business,Small,Small Business,1,0,0.0,0,,0.0,4,5.5,Annual,10050000.0,1,0,4.853052372632154,26.0,27.5,25.8,15.621526186316078
C00775,100,270000,27000000,7.2,Business,Medium,Small Business,1,1,1406865.0,0,,0.0,3,4.2,Annual,28406865.0,2,0,17.858428612389545,26.0,35.6,26.2,23.39921430619477
C00778,300,200000,60000000,7.3,Business,Large,Hospital,3,1,1566800.0,1,Shared,8280881.0,9,7.9,Annual,69847681.0,3,1,47.21820239525269,63.6,63.2,56.8,54.32910119762634
C00779,150,275000,41250000,1.3,Government,Large,Government,3,1,502709.0,0,,0.0,4,7.0,Monthly,41752709.0,2,0,27.313622756765984,63.6,35.6,56.8,40.236811378382995
C00780,100,250000,25000000,4.7,Business,Large,ISP Partner,3,1,1822537.0,1,VPS,7902797.0,8,5.7,Monthly,34725334.0,3,0,22.334904666674614,63.6,63.2,56.8,41.88745233333731
C00781,300,210000,63000000,8.2,Government,Large,Government,3,1,315505.0,1,VPS,14916495.0,8,9.3,Monthly,78232000.0,3,1,53.158281112895736,63.6,63.2,56.8,57.29914055644787
C00784,10,360000,3600000,6.4,Business,Medium,Small Business,1,1,1872284.0,0,,0.0,6,5.8,Annual,5472284.0,2,0,1.6098559499991363,26.0,35.6,26.2,15.274927974999567
C00785,200,220000,44000000,7.6,Business,Large,Enterprise,2,0,0.0,0,,0.0,5,3.4,Annual,44000000.0,1,1,28.9057717961156,43.8,27.5,56.8,35.8578858980578
C00788,20,300000,6000000,3.6,Business,Small,Small Business,1,0,0.0,1,Dedicated,17496389.0,5,9.1,Monthly,23496389.0,2,0,14.379480115666443,26.0,35.6,25.8,21.599740057833223
C00794,150,275000,41250000,0.8,Business,Small,Small Business,1,1,1542395.0,0,,0.0,5,7.3,Monthly,42792395.0,2,0,28.050214086560498,26.0,35.6,25.8,28.43510704328025
C00795,300,225000,67500000,0.6,Government,Large,Government,3,1,305952.0,1,VPS,15212240.0,6,9.0,Monthly,83018192.0,3,1,56.54917752770932,63.6,63.2,56.8,58.99458876385465
C00797,20,305000,6100000,7.2,Business,Large,University,2,1,789601.0,1,VPS,15707937.0,7,5.6,Annual,22597538.0,3,0,13.742666834178447,43.8,63.2,56.8,33.63133341708922
C00800,100,250000,25000000,3.3,Business,Small,Small Business,1,0,0.0,1,Dedicated,14682614.0,7,8.8,Monthly,39682614.0,2,0,25.847012617886573,26.0,35.6,25.8,27.33350630894329
C00802,100,295000,29500000,2.1,Business,Medium,Small Business,1,1,1822680.0,0,,0.0,7,12.1,Monthly,31322680.0,2,0,19.9242100582153,26.0,35.6,26.2,24.43210502910765
C00807,300,220000,66000000,5.3,Government,Large,Government,3,1,364382.0,1,Shared,5740261.0,8,5.8,Annual,72104643.0,3,1,48.817203094382705,63.6,63.2,56.8,55.12860154719135
C00808,150,270000,40500000,5.0,Business,Large,University,2,1,1545042.0,1,Dedicated,14574260.0,5,3.0,Monthly,56619302.0,3,1,37.84622924313191,43.8,63.2,56.8,45.68311462156595
C00809,100,295000,29500000,5.4,Business,Large,Hospital,3,0,0.0,1,VPS,17545285.0,8,5.1,Annual,47045285.0,2,1,31.063279474158097,63.6,35.6,56.8,42.111639737079045
C00810,150,235000,35250000,2.9,Government,Large,Government,3,1,998873.0,1,Dedicated,9917080.0,11,11.7,Monthly,46165953.0,3,1,30.440294912270307,63.6,63.2,56.8,45.94014745613515
C00811,50,270000,13500000,9.0,Business,Medium,Small Business,1,0,0.0,0,,0.0,5,6.0,Annual,13500000.0,1,0,7.2972904289213405,26.0,27.5,26.2,16.90364521446067
C00812,150,260000,39000000,5.5,Business,Small,Small Business,1,1,616702.0,1,VPS,19308460.0,7,8.6,Annual,58925162.0,3,1,39.47987294297973,26.0,63.2,25.8,38.28993647148986
C00813,200,220000,44000000,1.8,Business,Medium,Small Business,1,1,756687.0,1,Dedicated,11393048.0,6,7.8,Monthly,56149735.0,3,1,37.51355285722538,26.0,63.2,26.2,37.36677642861269
C00815,300,235000,70500000,0.5,Government,Large,Government,3,1,972575.0,1,VPS,3810618.0,9,10.5,Monthly,75283193.0,3,1,51.069125666503865,63.6,63.2,56.8,56.254562833251924
C00820,30,335000,10050000,2.6,Business,Small,Small Business,1,1,1320622.0,0,,0.0,2,4.1,Monthly,11370622.0,2,0,5.788679778537296,26.0,35.6,25.8,17.304339889268647
C00822,50,275000,13750000,1.1,Business,Medium,Small Business,1,1,716383.0,0,,0.0,5,3.8,Monthly,14466383.0,2,0,7.981948430530301,26.0,35.6,26.2,18.46097421526515
C00823,10,320000,3200000,4.8,Business,Small,Small Business,1,0,0.0,1,VPS,12453518.0,6,6.5,Monthly,15653518.0,2,0,8.823003660951422,26.0,35.6,25.8,18.82150183047571
C00824,300,220000,66000000,7.5,Business,Large,University,2,0,0.0,1,Shared,9576399.0,4,6.4,Annual,75576399.0,2,1,51.276854728397296,43.8,35.6,56.8,48.25842736419864
C00825,20,320000,6400000,0.5,Business,Small,Small Business,1,0,0.0,1,Shared,8095520.0,6,3.8,Monthly,14495520.0,2,0,8.002591260746563,26.0,35.6,25.8,18.41129563037328
C00827,50,270000,13500000,8.9,Business,Medium,Small Business,1,1,647131.0,0,,0.0,5,4.9,Annual,14147131.0,2,0,7.755766434024088,26.0,35.6,26.2,18.347883217012043
C00828,200,220000,44000000,6.6,Business,Small,Small Business,1,0,0.0,0,,0.0,2,2.5,Annual,44000000.0,1,1,28.9057717961156,26.0,27.5,25.8,27.6478858980578
C00829,200,225000,45000000,0.2,Business,Small,Small Business,1,0,0.0,0,,0.0,0,4.9,Monthly,45000000.0,1,1,29.614246595040004,26.0,27.5,25.8,28.002123297520004
C00830,100,255000,25500000,1.5,Business,Small,Small Business,1,0,0.0,0,,0.0,1,0.1,Monthly,25500000.0,1,0,15.798988016014164,26.0,27.5,25.8,21.094494008007082
C00831,100,285000,28500000,0.4,Business,Medium,Small Business,1,1,372955.0,0,,0.0,3,3.0,Monthly,28872955.0,2,0,18.18864163142022,26.0,35.6,26.2,23.56432081571011
C00832,200,230000,46000000,7.5,Government,Large,Government,3,1,667468.0,0,,0.0,4,2.0,Annual,46667468.0,2,1,30.795605651052878,63.6,35.6,56.8,41.97780282552644
C00833,150,230000,34500000,4.9,Business,Large,University,2,1,907481.0,0,,0.0,2,1.8,Monthly,35407481.0,2,0,22.818188625336497,43.8,35.6,56.8,34.02909431266825
C00835,150,235000,35250000,7.8,Government,Large,Government,3,0,0.0,1,VPS,19395953.0,5,3.9,Annual,54645953.0,2,1,36.44816120714924,63.6,35.6,56.8,44.80408060357462
C00837,200,220000,44000000,5.2,Business,Medium,Small Business,1,0,0.0,0,,0.0,2,3.6,Annual,44000000.0,1,1,28.9057717961156,26.0,27.5,26.2,27.7078858980578
C00840,100,250000,25000000,8.0,Business,Large,Enterprise,2,1,815201.0,0,,0.0,4,6.2,Annual,25815201.0,2,0,16.022299981109935,43.8,35.6,56.8,30.631149990554967
C00842,50,270000,13500000,8.9,Business,Medium,Small Business,1,0,0.0,0,,0.0,4,5.7,Annual,13500000.0,1,0,7.2972904289213405,26.0,27.5,26.2,16.90364521446067
C00844,200,255000,51000000,1.5,Government,Large,Government,3,1,1548629.0,1,Dedicated,15371185.0,7,9.1,Monthly,67919814.0,3,1,45.8523572100747,63.6,63.2,56.8,53.64617860503735
C00845,300,205000,61500000,9.9,Business,Large,Enterprise,2,1,666498.0,0,,0.0,3,4.8,Annual,62166498.0,2,1,41.776277813826155,43.8,35.6,56.8,43.508138906913075
C00846,50,285000,14250000,9.8,Business,Small,Small Business,1,0,0.0,0,,0.0,4,3.8,Annual,14250000.0,1,0,7.828646528114642,26.0,27.5,25.8,17.10932326405732
C00850,20,300000,6000000,7.5,Business,Medium,Small Business,1,1,1996266.0,0,,0.0,7,5.6,Monthly,7996266.0,2,0,3.3980335899379464,26.0,35.6,26.2,16.169016794968975
C00852,30,300000,9000000,7.3,Business,Small,Small Business,1,1,1314166.0,0,,0.0,6,5.6,Annual,10314166.0,2,0,5.0402073263648175,26.0,35.6,25.8,16.930103663182408
C00855,200,245000,49000000,1.2,Business,Small,Small Business,1,1,942808.0,0,,0.0,2,2.3,Monthly,49942808.0,2,1,33.11610149896193,26.0,35.6,25.8,30.968050749480966
C00858,50,285000,14250000,8.1,Business,Medium,Small Business,1,0,0.0,0,,0.0,3,3.4,Annual,14250000.0,1,0,7.828646528114642,26.0,27.5,26.2,17.16932326405732
C00859,200,245000,49000000,7.5,Business,Small,Small Business,1,1,1479757.0,0,,0.0,2,5.5,Monthly,50479757.0,2,1,33.49651633376959,26.0,35.6,25.8,31.158258166884796
C00860,100,255000,25500000,6.2,Business,Large,ISP Partner,3,1,693278.0,1,Shared,7739462.0,7,11.1,Annual,33932740.0,3,0,21.773371791895926,63.6,63.2,56.8,41.60668589594796
C00861,50,310000,15500000,2.3,Business,Small,Small Business,1,1,510691.0,0,,0.0,2,3.6,Monthly,16010691.0,2,0,9.076051730307647,26.0,35.6,25.8,18.948025865153824
C00862,300,200000,60000000,2.7,Government,Large,Government,3,1,1604374.0,1,VPS,14982031.0,9,7.9,Monthly,76586405.0,3,1,51.99241852615973,63.6,63.2,56.8,56.71620926307986
C00863,10,325000,3250000,2.1,Business,Small,Small Business,1,1,1696872.0,0,,0.0,5,6.5,Monthly,4946872.0,2,0,1.2376147889466682,26.0,35.6,25.8,15.028807394473336
C00864,100,250000,25000000,4.2,Business,Small,Small Business,1,0,0.0,1,VPS,14067977.0,4,5.8,Monthly,39067977.0,2,0,25.411557792900076,26.0,35.6,25.8,27.11577889645004
C00866,200,265000,53000000,1.6,Business,Medium,Small Business,1,1,1344059.0,0,,0.0,5,5.5,Monthly,54344059.0,2,1,36.23427691620276,26.0,35.6,26.2,32.58713845810138
C00867,150,245000,36750000,7.2,Business,Small,Small Business,1,0,0.0,0,,0.0,2,7.4,Monthly,36750000.0,1,0,23.76932950391369,26.0,27.5,25.8,25.079664751956845
C00868,100,280000,28000000,2.7,Business,Small,Small Business,1,0,0.0,0,,0.0,3,4.1,Monthly,28000000.0,1,0,17.57017501332517,26.0,27.5,25.8,21.980087506662585
C00869,200,230000,46000000,7.6,Business,Large,Enterprise,2,1,1447106.0,0,,0.0,4,4.8,Annual,47447106.0,2,1,31.347959526336705,43.8,35.6,56.8,38.29397976316835
C00872,100,250000,25000000,8.5,Business,Large,Hospital,3,1,1160329.0,1,Shared,8250511.0,6,6.0,Annual,34410840.0,3,0,22.112093593261683,63.6,63.2,56.8,41.77604679663084
C00873,200,220000,44000000,5.6,Business,Large,University,2,0,0.0,1,Dedicated,10268628.0,4,4.0,Annual,54268628.0,2,1,36.180835953645094,43.8,35.6,56.8,40.71041797682254
C00874,150,230000,34500000,0.7,Business,Small,Small Business,1,0,0.0,0,,0.0,5,5.3,Monthly,34500000.0,1,0,22.175261206333783,26.0,27.5,25.8,24.282630603166893
C00875,200,220000,44000000,9.7,Business,Medium,Small Business,1,1,515436.0,1,VPS,5451912.0,8,9.6,Annual,49967348.0,3,1,33.13348747052754,26.0,63.2,26.2,35.17674373526377
C00876,150,230000,34500000,6.5,Business,Large,ISP Partner,3,1,466482.0,1,VPS,18711585.0,5,1.2,Annual,53678067.0,3,1,35.7624383679175,63.6,63.2,56.8,48.60121918395875
C00877,200,220000,44000000,9.0,Business,Medium,Small Business,1,1,1834591.0,0,,0.0,7,5.5,Annual,45834591.0,2,1,30.20553328594912,26.0,35.6,26.2,29.57276664297456
C00878,200,225000,45000000,0.6,Government,Large,Government,3,0,0.0,0,,0.0,3,7.2,Monthly,45000000.0,1,1,29.614246595040004,63.6,27.5,56.8,40.17212329752
C00879,100,250000,25000000,4.8,Business,Small,Small Business,1,0,0.0,0,,0.0,3,0.0,Monthly,25000000.0,1,0,15.444750616551964,26.0,27.5,25.8,20.917375308275982
C00882,100,250000,25000000,8.7,Business,Small,Small Business,1,1,1598246.0,0,,0.0,6,7.3,Annual,26598246.0,2,0,16.577067630033692,26.0,35.6,25.8,22.698533815016848
C00883,50,270000,13500000,2.9,Business,Small,Small Business,1,0,0.0,0,,0.0,2,7.5,Monthly,13500000.0,1,0,7.2972904289213405,26.0,27.5,25.8,16.843645214460672
C00885,150,245000,36750000,4.5,Business,Small,Small Business,1,0,0.0,0,,0.0,3,6.1,Monthly,36750000.0,1,0,23.76932950391369,26.0,27.5,25.8,25.079664751956845
C00887,100,285000,28500000,0.3,Business,Large,ISP Partner,3,1,579369.0,1,VPS,17811637.0,7,6.7,Monthly,46891006.0,3,1,30.953976690654844,63.6,63.2,56.8,46.196988345327426
C00888,10,375000,3750000,5.0,Business,Large,ISP Partner,3,1,387052.0,1,VPS,12401306.0,7,5.2,Monthly,16538358.0,3,0,9.449890502031689,63.6,63.2,56.8,35.444945251015845
C00890,200,240000,48000000,2.2,Business,Large,Enterprise,2,0,0.0,0,,0.0,6,9.4,Monthly,48000000.0,1,1,31.73967099181321,43.8,27.5,56.8,37.2748354959066
C00892,300,200000,60000000,7.8,Government,Large,Government,3,1,1911039.0,1,Shared,13271909.0,9,7.9,Annual,75182948.0,3,1,50.99810461028569,63.6,63.2,56.8,56.21905230514284
C00894,20,300000,6000000,10.0,Business,Medium,Small Business,1,0,0.0,1,Dedicated,17687643.0,5,6.0,Annual,23687643.0,2,0,14.514978754859932,26.0,35.6,26.2,21.727489377429965
C00896,300,200000,60000000,6.1,Business,Large,Enterprise,2,0,0.0,0,,0.0,2,2.7,Monthly,60000000.0,1,1,40.24136857890604,43.8,27.5,56.8,41.525684289453025
C00898,150,240000,36000000,8.1,Government,Large,Government,3,0,0.0,1,Shared,5636527.0,5,5.9,Annual,41636527.0,2,0,27.231310737677347,63.6,35.6,56.8,40.19565536883867
C00900,20,300000,6000000,0.9,Business,Small,Small Business,1,1,314625.0,0,,0.0,4,4.1,Monthly,6314625.0,2,0,2.2066333205999156,26.0,35.6,25.8,15.513316660299957
C00901,150,265000,39750000,0.5,Business,Small,Small Business,1,0,0.0,0,,0.0,0,3.3,Monthly,39750000.0,1,0,25.894753900686894,26.0,27.5,25.8,26.142376950343447
C00903,100,250000,25000000,3.6,Government,Large,Government,3,1,1702876.0,0,,0.0,7,4.5,Monthly,26702876.0,2,0,16.651195348245153,63.6,35.6,56.8,34.905597674122575
C00904,10,355000,3550000,2.2,Business,Medium,Small Business,1,0,0.0,0,,0.0,3,2.2,Monthly,3550000.0,1,0,0.24796617962354084,26.0,27.5,26.2,13.37898308981177
C00905,50,275000,13750000,3.9,Business,Large,Hospital,3,1,1500087.0,1,VPS,3678016.0,9,7.7,Monthly,18928103.0,3,0,11.142964610387285,63.6,63.2,56.8,36.29148230519364
C00906,200,255000,51000000,6.0,Business,Large,Enterprise,2,0,0.0,0,,0.0,4,7.1,Monthly,51000000.0,1,1,33.86509538858642,43.8,27.5,56.8,38.33754769429321
C00907,50,280000,14000000,3.1,Business,Small,Small Business,1,1,792101.0,0,,0.0,3,4.5,Monthly,14792101.0,2,0,8.212711425086361,26.0,35.6,25.8,18.51635571254318
C00910,30,290000,8700000,8.0,Business,Large,Enterprise,2,1,935989.0,0,,0.0,3,3.6,Annual,9635989.0,2,0,4.559736012654663,43.8,35.6,56.8,24.89986800632733
C00915,300,200000,60000000,7.3,Business,Medium,Small Business,1,1,626420.0,1,Shared,13907276.0,5,2.7,Annual,74533696.0,3,1,50.53812593013443,26.0,63.2,26.2,43.87906296506721
C00919,200,225000,45000000,6.6,Business,Small,Small Business,1,1,1608561.0,1,VPS,11795355.0,9,8.6,Annual,58403916.0,3,1,39.11058328793958,26.0,63.2,25.8,38.105291643969785
C00921,100,250000,25000000,5.7,Business,Medium,Small Business,1,0,0.0,0,,0.0,0,5.8,Annual,25000000.0,1,0,15.444750616551964,26.0,27.5,26.2,20.97737530827598
C00922,100,260000,26000000,2.4,Business,Large,ISP Partner,3,0,0.0,1,Dedicated,13489078.0,7,10.2,Monthly,39489078.0,2,0,25.70989723920194,63.6,35.6,56.8,39.43494861960097
C00924,100,290000,29000000,2.3,Business,Large,Enterprise,2,1,1577460.0,0,,0.0,2,4.5,Monthly,30577460.0,2,0,19.39624046856086,43.8,35.6,56.8,32.31812023428043
C00925,300,245000,73500000,2.6,Business,Medium,Small Business,1,0,0.0,0,,0.0,1,3.5,Monthly,73500000.0,1,1,49.80577836438547,26.0,27.5,26.2,38.15788918219273
C00928,300,200000,60000000,9.5,Government,Large,Government,3,1,1321279.0,0,,0.0,3,3.8,Annual,61321279.0,2,1,41.17746145275407,63.6,35.6,56.8,47.168730726377035
C00930,100,250000,25000000,7.5,Business,Small,Small Business,1,1,461131.0,0,,0.0,2,4.8,Annual,25461131.0,2,0,15.77145030905477,26.0,35.6,25.8,22.295725154527386
C00933,100,250000,25000000,4.8,Business,Large,Hospital,3,1,1734343.0,1,VPS,2219880.0,7,8.7,Monthly,28954223.0,3,0,18.24621796137921,63.6,63.2,56.8,39.84310898068961
C00940,20,305000,6100000,2.3,Business,Small,Small Business,1,0,0.0,1,VPS,6893311.0,4,5.1,Monthly,12993311.0,2,0,6.938314041529135,26.0,35.6,25.8,17.879157020764566
C00941,50,305000,15250000,6.5,Business,Large,Hospital,3,1,864607.0,0,,0.0,4,1.0,Annual,16114607.0,2,0,9.149673597512674,63.6,35.6,56.8,31.154836798756335
C00942,300,200000,60000000,6.0,Government,Large,Government,3,1,1357304.0,0,,0.0,2,7.1,Monthly,61357304.0,2,1,41.202984257385324,63.6,35.6,56.8,47.18149212869265
C00943,300,215000,64500000,5.0,Government,Large,Government,3,1,360899.0,1,VPS,11852653.0,9,8.0,Monthly,76713552.0,3,1,52.08249897141857,63.6,63.2,56.8,56.761249485709286
C00944,150,285000,42750000,0.2,Government,Large,Government,3,1,914425.0,1,Shared,19404395.0,9,7.5,Monthly,63068820.0,3,1,42.41555021134122,63.6,63.2,56.8,51.927775105670605
C00948,200,230000,46000000,7.1,Business,Small,Small Business,1,0,0.0,0,,0.0,6,5.2,Annual,46000000.0,1,1,30.322721393964404,26.0,27.5,25.8,28.356360696982204
C00952,150,245000,36750000,9.4,Business,Small,Small Business,1,0,0.0,0,,0.0,2,4.6,Annual,36750000.0,1,0,23.76932950391369,26.0,27.5,25.8,25.079664751956845
C00958,100,250000,25000000,8.8,Government,Large,Government,3,1,1921546.0,1,Dedicated,10824021.0,5,10.0,Annual,37745567.0,3,0,24.47466363405446,63.6,63.2,56.8,42.957331817027224
C00960,100,290000,29000000,2.2,Business,Medium,Small Business,1,1,781936.0,0,,0.0,6,6.4,Monthly,29781936.0,2,0,18.83263176262132,26.0,35.6,26.2,23.88631588131066
C00962,300,200000,60000000,7.6,Government,Large,Government,3,0,0.0,1,Shared,11089019.0,7,4.5,Annual,71089019.0,2,1,48.097659085199915,63.6,35.6,56.8,50.62882954259996
C00965,300,205000,61500000,7.9,Government,Large,Government,3,0,0.0,1,VPS,15119004.0,3,3.5,Annual,76619004.0,2,1,52.01551409612987,63.6,35.6,56.8,52.58775704806493
C00971,100,250000,25000000,2.3,Business,Large,ISP Partner,3,1,1962996.0,0,,0.0,2,3.2,Monthly,26962996.0,2,0,16.83548381294137,63.6,35.6,56.8,34.99774190647069
C00976,200,240000,48000000,5.0,Government,Large,Government,3,0,0.0,1,Dedicated,15365412.0,6,7.7,Monthly,63365412.0,2,1,42.62567816890381,63.6,35.6,56.8,47.89283908445191
C00977,300,235000,70500000,5.0,Business,Large,ISP Partner,3,1,1040794.0,1,VPS,13136093.0,7,10.0,Monthly,84676887.0,3,1,57.724321134311225,63.6,63.2,56.8,59.58216056715561
C00978,100,250000,25000000,9.6,Business,Small,Small Business,1,0,0.0,1,VPS,5829385.0,4,4.9,Monthly,30829385.0,2,0,19.574722982279887,26.0,35.6,25.8,24.197361491139944
C00979,150,230000,34500000,1.9,Business,Large,Enterprise,2,1,985541.0,0,,0.0,2,2.3,Monthly,35485541.0,2,0,22.873492168140537,43.8,35.6,56.8,34.05674608407027
C00982,50,290000,14500000,6.5,Business,Medium,Small Business,1,0,0.0,0,,0.0,5,6.1,Annual,14500000.0,1,0,8.005765227845743,26.0,27.5,26.2,17.25788261392287
C00983,150,250000,37500000,8.0,Business,Medium,Small Business,1,0,0.0,0,,0.0,4,6.4,Annual,37500000.0,1,0,24.300685603106988,26.0,27.5,26.2,25.405342801553495
C00984,200,250000,50000000,4.2,Business,Large,Enterprise,2,0,0.0,0,,0.0,2,3.4,Monthly,50000000.0,1,1,33.15662058966202,43.8,27.5,56.8,37.983310294831014
C00985,100,290000,29000000,2.8,Business,Small,Small Business,1,0,0.0,0,,0.0,3,5.0,Monthly,29000000.0,1,0,18.278649812249572,26.0,27.5,25.8,22.334324906124788
C00987,30,335000,10050000,0.3,Business,Small,Small Business,1,1,1268428.0,0,,0.0,5,7.5,Monthly,11318428.0,2,0,5.751701644882236,26.0,35.6,25.8,17.28585082244112
C00989,300,200000,60000000,5.6,Business,Small,Small Business,1,0,0.0,0,,0.0,4,6.0,Monthly,60000000.0,1,1,40.24136857890604,26.0,27.5,25.8,33.31568428945302
C00999,100,250000,25000000,5.4,Business,Large,Enterprise,2,0,0.0,0,,0.0,6,4.7,Annual,25000000.0,1,0,15.444750616551964,43.8,27.5,56.8,29.127375308275983
C01000,200,225000,45000000,3.4,Business,Medium,Small Business,1,0,0.0,0,,0.0,2,4.0,Monthly,45000000.0,1,1,29.614246595040004,26.0,27.5,26.2,28.062123297520003
C01001,100,260000,26000000,2.7,Business,Medium,Small Business,1,0,0.0,0,,0.0,2,3.5,Monthly,26000000.0,1,0,16.153225415476367,26.0,27.5,26.2,21.331612707738184
C01004,20,340000,6800000,8.5,Business,Small,Small Business,1,1,1853857.0,0,,0.0,7,7.5,Monthly,8653857.0,2,0,3.8639202414374427,26.0,35.6,25.8,16.34196012071872
C01005,100,250000,25000000,9.6,Business,Small,Small Business,1,0,0.0,0,,0.0,4,4.1,Annual,25000000.0,1,0,15.444750616551964,26.0,27.5,25.8,20.917375308275982
C01006,300,240000,72000000,2.2,Business,Small,Small Business,1,1,655791.0,0,,0.0,5,1.8,Monthly,72655791.0,2,1,49.2076775628603,26.0,35.6,25.8,39.013838781430145
C01012,30,325000,9750000,3.8,Business,Large,ISP Partner,3,0,0.0,1,Dedicated,17465073.0,3,7.4,Monthly,27215073.0,2,0,17.014074014829834,63.6,35.6,56.8,35.08703700741492
C01013,50,275000,13750000,7.0,Business,Medium,Small Business,1,1,1343347.0,1,VPS,11571276.0,8,7.1,Annual,26664623.0,3,0,16.624094061761898,26.0,63.2,26.2,26.92204703088095
C01014,150,245000,36750000,8.2,Business,Small,Small Business,1,0,0.0,1,VPS,2055044.0,3,4.4,Annual,38805044.0,2,0,25.225276388594487,26.0,35.6,25.8,27.022638194297244
C01015,200,240000,48000000,2.2,Business,Small,Small Business,1,0,0.0,1,VPS,8073474.0,4,7.8,Monthly,56073474.0,2,1,37.4595238605846,26.0,35.6,25.8,33.1397619302923
C01019,100,265000,26500000,2.0,Business,Large,Hospital,3,1,1829488.0,0,,0.0,5,4.6,Monthly,28329488.0,2,0,17.803608957873173,63.6,35.6,56.8,35.48180447893659
C01022,300,200000,60000000,4.4,Business,Large,University,2,0,0.0,0,,0.0,3,4.2,Monthly,60000000.0,1,1,40.24136857890604,43.8,27.5,56.8,41.525684289453025
C01028,300,235000,70500000,2.3,Business,Large,University,2,1,1754817.0,0,,0.0,2,5.4,Monthly,72254817.0,2,1,48.92359758883638,43.8,35.6,56.8,47.08179879441819
C01029,200,260000,52000000,2.2,Business,Large,University,2,1,1435391.0,1,Dedicated,2126451.0,10,5.2,Monthly,55561842.0,3,1,37.097045482261315,43.8,63.2,56.8,45.30852274113066
C01030,150,285000,42750000,1.2,Business,Large,Hospital,3,1,868078.0,1,Shared,3940301.0,5,4.2,Monthly,47558379.0,3,1,31.426793642637417,63.6,63.2,56.8,46.43339682131871
C01035,100,250000,25000000,2.8,Business,Large,ISP Partner,3,1,1599373.0,1,VPS,9205444.0,7,8.4,Monthly,35804817.0,3,0,23.099691168041925,63.6,63.2,56.8,42.269845584020956
C01036,100,265000,26500000,5.2,Business,Medium,Small Business,1,1,461493.0,0,,0.0,5,8.0,Annual,26961493.0,2,0,16.834418975318584,26.0,35.6,26.2,22.88720948765929
C01039,200,220000,44000000,7.7,Business,Large,Hospital,3,1,1917321.0,1,Dedicated,14763442.0,7,8.5,Annual,60680763.0,3,1,40.72367200844621,63.6,63.2,56.8,51.081836004223106
C01040,30,300000,9000000,2.4,Business,Small,Small Business,1,0,0.0,0,,0.0,1,0.7,Monthly,9000000.0,1,0,4.109153833761532,26.0,27.5,25.8,15.249576916880766
C01047,50,300000,15000000,7.0,Business,Large,University,2,1,1100694.0,0,,0.0,2,6.4,Annual,16100694.0,2,0,9.139816587635242,43.8,35.6,56.8,27.18990829381762
C01050,150,265000,39750000,1.6,Business,Medium,Small Business,1,1,1747921.0,0,,0.0,4,5.2,Monthly,41497921.0,2,0,27.133111879697633,26.0,35.6,26.2,28.036555939848817
C01051,30,290000,8700000,8.7,Business,Large,Enterprise,2,1,1262059.0,0,,0.0,7,5.1,Annual,9962059.0,2,0,4.790748390339943,43.8,35.6,56.8,25.015374195169972
C01052,100,265000,26500000,7.3,Business,Large,ISP Partner,3,1,1015552.0,1,VPS,11818610.0,6,7.3,Annual,39334162.0,3,0,25.600143157251768,63.6,63.2,56.8,43.52007157862589
C01059,150,235000,35250000,6.8,Government,Large,Government,3,1,618038.0,1,Dedicated,15989525.0,5,6.0,Annual,51857563.0,3,1,34.472657162576425,63.6,63.2,56.8,47.956328581288204
C01061,100,255000,25500000,6.6,Business,Medium,Small Business,1,1,1801965.0,0,,0.0,5,4.4,Annual,27301965.0,2,0,17.075634807057973,26.0,35.6,26.2,23.007817403528986
C01064,10,320000,3200000,1.4,Business,Large,Enterprise,2,0,0.0,0,,0.0,1,6.3,Monthly,3200000.0,1,0,0.0,43.8,27.5,56.8,21.405
C01066,100,260000,26000000,6.3,Business,Medium,Small Business,1,0,0.0,1,VPS,12906889.0,6,3.6,Annual,38906889.0,2,0,25.297431004490942,26.0,35.6,26.2,27.118715502245472
C01067,100,280000,28000000,5.5,Business,Medium,Small Business,1,0,0.0,1,Shared,17475398.0,7,7.6,Annual,45475398.0,2,1,29.951054097499064,26.0,35.6,26.2,29.445527048749533
C01068,150,230000,34500000,9.3,Business,Medium,Small Business,1,1,338412.0,0,,0.0,7,2.0,Annual,34838412.0,2,0,22.41501757998739,26.0,35.6,26.2,25.677508789993695
C01070,300,200000,60000000,8.8,Government,Large,Government,3,1,1463357.0,0,,0.0,3,3.7,Monthly,61463357.0,2,1,41.27812013523565,63.6,35.6,56.8,47.21906006761782
C01071,300,220000,66000000,7.0,Business,Small,Small Business,1,0,0.0,0,,0.0,0,1.4,Annual,66000000.0,1,1,44.49221737245245,26.0,27.5,25.8,35.44110868622622
C01072,300,200000,60000000,1.8,Business,Small,Small Business,1,0,0.0,0,,0.0,5,6.8,Monthly,60000000.0,1,1,40.24136857890604,26.0,27.5,25.8,33.31568428945302
C01074,200,245000,49000000,7.0,Business,Large,Enterprise,2,1,1564405.0,0,,0.0,5,6.8,Annual,50564405.0,2,1,33.556487308548945,43.8,35.6,56.8,39.398243654274474
C01077,10,320000,3200000,7.6,Business,Large,Hospital,3,1,414703.0,1,Shared,10749566.0,8,5.3,Annual,14364269.0,3,0,7.909603234912935,63.6,63.2,56.8,34.67480161745647
C01079,100,270000,27000000,9.7,Government,Large,Government,3,1,1769005.0,1,VPS,18105199.0,8,10.5,Annual,46874204.0,3,1,30.942072897083317,63.6,63.2,56.8,46.19103644854165
C01080,300,210000,63000000,5.7,Government,Large,Government,3,1,1445933.0,1,VPS,13921852.0,8,8.4,Annual,78367785.0,3,1,53.25448136346768,63.6,63.2,56.8,57.34724068173384
C01081,200,225000,45000000,6.2,Business,Medium,Small Business,1,1,1475585.0,0,,0.0,5,7.5,Annual,46475585.0,2,1,30.65966138121087,26.0,35.6,26.2,29.799830690605436
C01082,300,215000,64500000,8.7,Government,Large,Government,3,1,1959070.0,1,Dedicated,8400357.0,7,6.3,Annual,74859427.0,3,1,50.768898134862866,63.6,63.2,56.8,56.10444906743143
C01083,300,200000,60000000,3.0,Business,Large,University,2,1,1877142.0,1,VPS,5635831.0,9,8.3,Monthly,67512973.0,3,1,45.564120614405496,43.8,63.2,56.8,49.542060307202746
C01085,150,235000,79895626,9.9,Government,Large,Government,3,1,1490213.0,1,VPS,11456731.0,5,7.9,Annual,92842570.0,3,1,63.50950175581664,63.6,63.2,56.8,62.47475087790832
C01086,150,265000,39750000,7.1,Business,Large,Hospital,3,1,1782116.0,1,Dedicated,17618584.0,6,6.1,Annual,59150700.0,3,1,39.639660932179545,63.6,63.2,56.8,50.53983046608977
C01089,30,295000,8850000,7.0,Business,Small,Small Business,1,0,0.0,1,VPS,8015583.0,7,8.3,Annual,16865583.0,2,0,9.681721168109728,26.0,35.6,25.8,19.250860584054866
C01090,150,275000,41250000,5.9,Business,Small,Small Business,1,1,1869001.0,0,,0.0,2,2.3,Annual,43119001.0,2,0,28.281606206738005,26.0,35.6,25.8,28.550803103369002
C01092,100,250000,25000000,7.2,Business,Large,Enterprise,2,0,0.0,0,,0.0,5,4.2,Monthly,25000000.0,1,0,15.444750616551964,43.8,27.5,56.8,29.127375308275983
C01094,100,250000,25000000,8.8,Business,Large,University,2,0,0.0,0,,0.0,4,4.5,Annual,25000000.0,1,0,15.444750616551964,43.8,27.5,56.8,29.127375308275983
C01095,100,250000,25000000,7.6,Business,Large,ISP Partner,3,1,1092403.0,1,Shared,16022434.0,8,4.7,Monthly,42114837.0,3,0,27.57018131875088,63.6,63.2,56.8,44.50509065937544
C01098,50,295000,14750000,8.1,Business,Medium,Small Business,1,1,1057036.0,1,Dedicated,13198076.0,8,9.5,Annual,29005112.0,3,0,18.282271535421675,26.0,63.2,26.2,27.75113576771084
C01099,100,250000,25000000,6.6,Business,Large,University,2,0,0.0,1,Shared,15811088.0,4,4.1,Annual,40811088.0,2,0,26.646508008127988,43.8,35.6,56.8,35.943254004063995
C01100,300,255000,76500000,1.1,Business,Small,Small Business,1,1,962361.0,0,,0.0,2,5.6,Monthly,77462361.0,2,1,52.61301127712636,26.0,35.6,25.8,40.71650563856318
C01104,100,265000,26500000,5.8,Government,Large,Government,3,1,655639.0,1,VPS,12060570.0,8,6.6,Annual,39216209.0,3,0,25.516576429294236,63.6,63.2,56.8,43.47828821464712
C01105,50,270000,13500000,7.5,Business,Large,Enterprise,2,1,368514.0,0,,0.0,4,3.9,Annual,13868514.0,2,0,7.558373310972168,43.8,35.6,56.8,26.399186655486083
C01109,30,290000,8700000,5.6,Business,Large,Enterprise,2,0,0.0,0,,0.0,2,3.6,Monthly,8700000.0,1,0,3.8966113940842115,43.8,27.5,56.8,23.353305697042103
C01111,200,220000,44000000,6.2,Business,Large,Enterprise,2,1,1694327.0,1,Shared,16091985.0,7,10.1,Annual,61786312.0,3,1,41.506925613922284,43.8,63.2,56.8,47.513462806961144
C01117,150,275000,41250000,2.1,Business,Medium,Small Business,1,1,828284.0,0,,0.0,5,3.3,Monthly,42078284.0,2,0,27.544284439425795,26.0,35.6,26.2,28.242142219712896
C01122,150,235000,35250000,2.1,Business,Large,Enterprise,2,1,971029.0,0,,0.0,5,5.9,Monthly,36221029.0,2,0,23.394566881051848,43.8,35.6,56.8,34.31728344052593
C01129,100,250000,25000000,8.8,Business,Small,Small Business,1,0,0.0,0,,0.0,2,5.6,Annual,25000000.0,1,0,15.444750616551964,26.0,27.5,25.8,20.917375308275982
C01130,150,265000,39750000,6.5,Business,Large,University,2,0,0.0,1,Shared,10054194.0,6,7.5,Annual,49804194.0,2,1,33.017896973183824,43.8,35.6,56.8,39.12894848659191
C01131,100,265000,26500000,9.3,Business,Medium,Small Business,1,1,760729.0,0,,0.0,5,5.1,Annual,27260729.0,2,0,17.046420140249527,26.0,35.6,26.2,22.993210070124764
C01133,20,305000,6100000,5.0,Business,Small,Small Business,1,1,1645910.0,0,,0.0,9,9.6,Monthly,7745910.0,2,0,3.2206626731784285,26.0,35.6,25.8,16.020331336589216
C01134,100,280000,28000000,9.1,Business,Medium,Small Business,1,0,0.0,0,,0.0,3,3.6,Annual,28000000.0,1,0,17.57017501332517,26.0,27.5,26.2,22.040087506662584
C01137,100,270000,27000000,7.9,Business,Small,Small Business,1,0,0.0,0,,0.0,2,9.2,Annual,27000000.0,1,0,16.861700214400766,26.0,27.5,25.8,21.625850107200385
C01139,30,290000,8700000,9.3,Business,Small,Small Business,1,1,1504590.0,0,,0.0,7,7.8,Annual,10204590.0,2,0,4.962575491797877,26.0,35.6,25.8,16.89128774589894
C01140,200,225000,45000000,3.9,Business,Large,Hospital,3,0,0.0,1,Shared,3788999.0,5,5.3,Monthly,48788999.0,2,1,32.29865689968977,63.6,35.6,56.8,42.729328449844886
C01141,150,250000,37500000,5.8,Business,Small,Small Business,1,0,0.0,0,,0.0,3,4.3,Annual,37500000.0,1,0,24.300685603106988,26.0,27.5,25.8,25.345342801553496
C01142,100,255000,25500000,7.5,Business,Medium,Small Business,1,1,1018195.0,0,,0.0,3,1.5,Annual,26518195.0,2,0,16.520353513904997,26.0,35.6,26.2,22.7301767569525
C01148,300,205000,61500000,0.7,Business,Small,Small Business,1,0,0.0,0,,0.0,5,5.5,Monthly,61500000.0,1,1,41.30408077729264,26.0,27.5,25.8,33.84704038864632
C01150,10,355000,3550000,9.9,Business,Small,Small Business,1,1,922867.0,1,Dedicated,12676004.0,10,7.5,Annual,17148871.0,3,0,9.882423576947424,26.0,63.2,25.8,23.491211788473713
C01151,100,250000,25000000,7.4,Business,Medium,Small Business,1,1,1691216.0,0,,0.0,3,3.4,Monthly,26691216.0,2,0,16.642934532089694,26.0,35.6,26.2,22.791467266044847
C01155,200,235000,47000000,0.4,Business,Small,Small Business,1,1,1762602.0,1,Shared,11108908.0,6,5.9,Monthly,59871510.0,3,1,40.15033665199224,26.0,63.2,25.8,38.62516832599612
C01161,300,225000,67500000,0.4,Government,Large,Government,3,0,0.0,1,Dedicated,14627510.0,3,7.3,Monthly,82127510.0,2,1,55.91815177685373,63.6,35.6,56.8,54.539075888426865
C01162,100,250000,25000000,3.6,Business,Large,ISP Partner,3,1,1154306.0,1,Dedicated,17779644.0,12,12.7,Monthly,43933950.0,3,0,28.858977035646646,63.6,63.2,56.8,45.149488517823315
C01165,150,245000,36750000,4.9,Business,Medium,Small Business,1,0,0.0,1,Shared,16022262.0,9,6.9,Monthly,52772262.0,2,1,35.12069835267778,26.0,35.6,26.2,32.03034917633889
C01166,150,230000,34500000,6.8,Government,Large,Government,3,1,902805.0,1,Dedicated,9462444.0,9,9.7,Annual,44865249.0,3,1,29.51877890741014,63.6,63.2,56.8,45.47938945370507
C01167,30,290000,8700000,7.0,Business,Medium,Small Business,1,1,511552.0,1,VPS,19227582.0,6,8.6,Annual,28439134.0,3,0,17.88129038567604,26.0,63.2,26.2,27.55064519283802
C01168,100,250000,25000000,6.0,Business,Small,Small Business,1,1,968235.0,0,,0.0,9,9.5,Annual,25968235.0,2,0,16.130720713488532,26.0,35.6,25.8,22.475360356744268
C01169,300,220000,66000000,4.8,Business,Large,University,2,1,1390280.0,0,,0.0,3,6.5,Monthly,67390280.0,2,1,45.47719571590107,43.8,35.6,56.8,45.35859785795053
C01170,100,250000,25000000,5.3,Business,Large,Enterprise,2,1,699411.0,0,,0.0,3,3.5,Annual,25699411.0,2,0,15.940265684142478,43.8,35.6,56.8,30.590132842071238
C01171,30,290000,8700000,5.8,Business,Medium,Small Business,1,0,0.0,1,Shared,14356127.0,6,6.8,Monthly,23056127.0,2,0,14.06756558374239,26.0,35.6,26.2,21.503782791871195
C01172,100,250000,25000000,8.6,Business,Small,Small Business,1,0,0.0,0,,0.0,3,4.4,Annual,25000000.0,1,0,15.444750616551964,26.0,27.5,25.8,20.917375308275982
C01173,30,295000,8850000,3.3,Business,Medium,Small Business,1,1,1311072.0,1,Shared,6442078.0,10,6.9,Monthly,16603150.0,3,0,9.495794001203599,26.0,63.2,26.2,23.3578970006018
C01174,300,225000,67500000,9.0,Business,Large,Hospital,3,1,1369278.0,1,Dedicated,9241051.0,8,6.3,Annual,78110329.0,3,1,53.072080275635805,63.6,63.2,56.8,57.256040137817905
C01175,50,270000,13500000,1.8,Business,Small,Small Business,1,1,985418.0,0,,0.0,4,4.5,Monthly,14485418.0,2,0,7.995434248327828,26.0,35.6,25.8,18.407717124163913
C01180,150,290000,43500000,1.0,Business,Medium,Small Business,1,1,1730353.0,0,,0.0,5,6.3,Monthly,45230353.0,2,1,29.77744589039664,26.0,35.6,26.2,29.35872294519832
C01181,100,260000,26000000,3.2,Business,Large,Enterprise,2,1,1521887.0,0,,0.0,6,8.8,Monthly,27521887.0,2,0,17.231444001787025,43.8,35.6,56.8,31.23572200089351
C01184,100,290000,29000000,6.9,Business,Small,Small Business,1,1,566067.0,1,VPS,12319721.0,9,8.6,Monthly,41885788.0,3,0,27.407905874532045,26.0,63.2,25.8,32.25395293726602
C01185,150,255000,38250000,5.9,Business,Large,Hospital,3,0,0.0,1,VPS,9128005.0,8,3.0,Monthly,47378005.0,2,1,31.299003209256224,63.6,35.6,56.8,42.22950160462811
C01190,300,200000,60000000,3.2,Government,Large,Government,3,0,0.0,1,VPS,7080323.0,3,4.7,Monthly,67080323.0,2,1,45.257598992650856,63.6,35.6,56.8,49.208799496325426
C01191,100,250000,25000000,1.5,Government,Large,Government,3,1,858267.0,0,,0.0,9,6.6,Monthly,25858267.0,2,0,16.052811156800413,63.6,35.6,56.8,34.60640557840021
C01193,300,215000,64500000,3.9,Government,Large,Government,3,1,1757646.0,1,VPS,9444523.0,10,6.1,Monthly,75702169.0,3,1,51.365959603858016,63.6,63.2,56.8,56.40297980192901
C01195,150,270000,40500000,2.8,Business,Medium,Small Business,1,0,0.0,0,,0.0,6,4.8,Monthly,40500000.0,1,0,26.426109999880193,26.0,27.5,26.2,26.468054999940097
C01198,200,220000,44000000,6.0,Business,Small,Small Business,1,0,0.0,0,,0.0,5,4.1,Annual,44000000.0,1,1,28.9057717961156,26.0,27.5,25.8,27.6478858980578
C01199,200,255000,51000000,1.7,Business,Medium,Small Business,1,1,1151461.0,0,,0.0,2,7.0,Monthly,52151461.0,2,1,34.68087648903071,26.0,35.6,26.2,31.810438244515353
C01202,100,300000,30000000,3.3,Business,Small,Small Business,1,1,1665258.0,0,,0.0,4,6.1,Monthly,31665258.0,2,0,20.166917937881227,26.0,35.6,25.8,24.493458968940615
C01203,30,290000,8700000,4.7,Business,Medium,Small Business,1,1,1643829.0,0,,0.0,4,4.1,Monthly,10343829.0,2,0,5.061222814325312,26.0,35.6,26.2,17.000611407162655
C01204,150,250000,37500000,6.8,Business,Medium,Small Business,1,0,0.0,0,,0.0,2,4.4,Annual,37500000.0,1,0,24.300685603106988,26.0,27.5,26.2,25.405342801553495
C01206,150,250000,37500000,3.2,Business,Small,Small Business,1,0,0.0,0,,0.0,3,8.0,Monthly,37500000.0,1,0,24.300685603106988,26.0,27.5,25.8,25.345342801553496
C01210,100,255000,25500000,6.6,Government,Large,Government,3,1,1719371.0,1,Shared,17190897.0,6,9.8,Annual,44410268.0,3,1,29.19643633492072,63.6,63.2,56.8,45.31821816746036
C01211,150,275000,41250000,5.7,Business,Large,Hospital,3,1,1207613.0,1,VPS,16400568.0,10,5.8,Monthly,58858181.0,3,1,39.43241859247298,63.6,63.2,56.8,50.436209296236484
C01215,20,350000,7000000,2.7,Business,Large,University,2,1,1102425.0,0,,0.0,10,8.0,Monthly,8102425.0,2,0,3.4732445661169615,43.8,35.6,56.8,24.356622283058478
C01217,150,230000,34500000,5.0,Business,Medium,Small Business,1,1,1904870.0,0,,0.0,5,3.2,Monthly,36404870.0,2,0,23.524813596560907,26.0,35.6,26.2,26.232406798280454
C01221,30,290000,8700000,8.6,Business,Large,ISP Partner,3,1,966467.0,1,VPS,5373168.0,11,10.3,Annual,15039635.0,3,0,8.388083025963311,63.6,63.2,56.8,34.914041512981655
C01224,200,220000,44000000,5.8,Government,Large,Government,3,1,527111.0,1,Dedicated,9989942.0,9,10.3,Monthly,54517053.0,3,1,36.35683880556788,63.6,63.2,56.8,48.898419402783944
C01229,300,205000,61500000,4.7,Business,Small,Small Business,1,1,659919.0,0,,0.0,7,6.8,Monthly,62159919.0,2,1,41.77161675812403,26.0,35.6,25.8,35.29580837906202
C01231,100,275000,27500000,8.9,Business,Medium,Small Business,1,0,0.0,1,VPS,4318034.0,5,6.6,Annual,31818034.0,2,0,20.2751558837617,26.0,35.6,26.2,24.607577941880848
C01233,300,200000,60000000,6.8,Business,Large,University,2,1,1979382.0,0,,0.0,6,6.0,Annual,61979382.0,2,1,41.64371084335062,43.8,35.6,56.8,43.4418554216753
C01234,30,290000,8700000,3.1,Business,Large,Hospital,3,1,1444445.0,0,,0.0,2,6.0,Monthly,10144445.0,2,0,4.919964275016569,63.6,35.6,56.8,29.039982137508286
C01235,300,200000,60000000,4.0,Business,Medium,Small Business,1,0,0.0,1,Shared,2731645.0,6,4.6,Monthly,62731645.0,2,1,42.176670221013886,26.0,35.6,26.2,35.558335110506945
C01236,100,265000,26500000,7.7,Business,Medium,Small Business,1,0,0.0,1,VPS,14649247.0,8,8.1,Annual,41149247.0,2,0,26.886085137657467,26.0,35.6,26.2,27.913042568828732
C01239,30,345000,10350000,1.6,Business,Medium,Small Business,1,1,685461.0,0,,0.0,6,8.8,Monthly,11035461.0,2,0,5.551226656454994,26.0,35.6,26.2,17.2456133282275
C01241,100,265000,26500000,5.5,Business,Medium,Small Business,1,0,0.0,0,,0.0,1,5.7,Annual,26500000.0,1,0,16.507462814938567,26.0,27.5,26.2,21.508731407469284
C01243,150,275000,41250000,2.3,Government,Large,Government,3,1,621496.0,1,Shared,8727071.0,5,6.1,Monthly,50598567.0,3,1,33.5806902246298,63.6,63.2,56.8,47.510345112314894
C01246,50,270000,13500000,7.2,Business,Small,Small Business,1,1,1313873.0,1,VPS,15988656.0,11,7.3,Annual,30802529.0,3,0,19.555696183079974,26.0,63.2,25.8,28.327848091539988
C01248,100,280000,28000000,2.1,Business,Medium,Small Business,1,1,1099574.0,1,VPS,6749641.0,7,8.2,Monthly,35849215.0,3,0,23.13114603216457,26.0,63.2,26.2,30.175573016082286
C01249,100,260000,26000000,8.5,Business,Small,Small Business,1,1,304167.0,0,,0.0,5,4.5,Monthly,26304167.0,2,0,16.368720069640805,26.0,35.6,25.8,22.594360034820404
C01251,50,300000,15000000,9.8,Business,Large,Hospital,3,1,696491.0,1,Shared,11138670.0,7,10.2,Annual,26835161.0,3,0,16.744915937020867,63.6,63.2,56.8,39.09245796851043
C01253,150,265000,39750000,3.1,Business,Large,ISP Partner,3,0,0.0,1,Shared,6264959.0,7,5.1,Monthly,46014959.0,2,1,30.333319468481516,63.6,35.6,56.8,41.74665973424075
C01254,20,325000,6500000,8.1,Business,Medium,Small Business,1,0,0.0,0,,0.0,1,3.0,Monthly,6500000.0,1,0,2.3379668364505273,26.0,27.5,26.2,14.423983418225264
C01255,50,275000,13750000,7.2,Business,Large,Hospital,3,1,1552361.0,1,VPS,12884048.0,8,11.6,Annual,28186409.0,3,0,17.70224109211787,63.6,63.2,56.8,39.571120546058935
C01256,20,315000,6300000,1.7,Business,Small,Small Business,1,0,0.0,1,Shared,6963331.0,7,6.1,Monthly,13263331.0,2,0,7.129616406734702,26.0,35.6,25.8,17.974808203367353
C01258,100,250000,25000000,7.6,Business,Small,Small Business,1,1,969410.0,0,,0.0,3,2.6,Annual,25969410.0,2,0,16.131553171377266,26.0,35.6,25.8,22.475776585688635
C01259,150,270000,40500000,1.8,Business,Large,ISP Partner,3,1,428928.0,1,Dedicated,19919539.0,6,4.2,Monthly,60848467.0,3,1,40.842486066125026,63.6,63.2,56.8,51.14124303306251
C01264,150,270000,40500000,2.3,Business,Medium,Small Business,1,1,1519369.0,0,,0.0,7,8.9,Monthly,42019369.0,2,0,27.502544646647166,26.0,35.6,26.2,28.221272323323582
C01266,20,355000,7100000,2.8,Business,Medium,Small Business,1,0,0.0,0,,0.0,1,0.8,Monthly,7100000.0,1,0,2.763051715805168,26.0,27.5,26.2,14.636525857902583
C01268,100,300000,30000000,2.6,Business,Small,Small Business,1,1,1776744.0,0,,0.0,5,3.7,Monthly,31776744.0,2,0,20.24590295931411,26.0,35.6,25.8,24.532951479657058
C01271,300,240000,72000000,3.7,Business,Small,Small Business,1,1,1035982.0,0,,0.0,3,2.7,Monthly,73035982.0,2,1,49.477033305138164,26.0,35.6,25.8,39.14851665256908
C01272,300,200000,60000000,5.0,Business,Small,Small Business,1,0,0.0,1,VPS,15373163.0,7,8.1,Monthly,75373163.0,2,1,51.13286714416309,26.0,35.6,25.8,39.97643357208154
C01274,300,225000,67500000,7.3,Business,Medium,Small Business,1,1,1884358.0,1,Shared,7003615.0,7,3.0,Annual,76387973.0,3,1,51.85183445485957,26.0,63.2,26.2,44.535917227429785
C01275,100,265000,26500000,4.1,Business,Large,Hospital,3,1,1032776.0,1,Shared,6470656.0,7,9.6,Monthly,34003432.0,3,0,21.82345529238149,63.6,63.2,56.8,41.63172764619074
C01276,200,220000,44000000,7.8,Business,Large,Enterprise,2,0,0.0,0,,0.0,2,6.1,Annual,44000000.0,1,1,28.9057717961156,43.8,27.5,56.8,35.8578858980578
C01278,10,320000,3200000,9.6,Business,Small,Small Business,1,1,1485800.0,1,Dedicated,17751779.0,9,8.2,Annual,22437579.0,3,0,13.6293399138173,26.0,63.2,25.8,25.364669956908653
C01282,200,275000,55000000,0.2,Business,Small,Small Business,1,1,1723533.0,0,,0.0,2,6.7,Monthly,56723533.0,2,1,37.9200742798986,26.0,35.6,25.8,33.3700371399493
C01284,150,235000,35250000,1.3,Business,Large,University,2,0,0.0,0,,0.0,0,2.4,Monthly,35250000.0,1,0,22.706617305527086,43.8,27.5,56.8,32.758308652763546
C01286,200,220000,44000000,6.6,Business,Medium,Small Business,1,1,1773913.0,0,,0.0,2,4.3,Annual,45773913.0,2,1,30.162544452099983,26.0,35.6,26.2,29.551272226049992
C01288,200,255000,51000000,4.2,Business,Large,ISP Partner,3,1,540775.0,1,Shared,12123534.0,6,7.5,Monthly,63664309.0,3,1,42.83743916087791,63.6,63.2,56.8,52.13871958043896
C01290,200,220000,44000000,8.1,Business,Large,University,2,0,0.0,1,VPS,8754515.0,8,9.8,Monthly,52754515.0,2,1,35.108125050421265,43.8,35.6,56.8,40.17406252521063
C01291,100,280000,28000000,10.0,Business,Large,Hospital,3,1,1909067.0,0,,0.0,4,6.0,Annual,29909067.0,2,0,18.922700872283382,63.6,35.6,56.8,36.04135043614169
C01293,150,240000,36000000,4.0,Business,Large,Hospital,3,0,0.0,1,VPS,19024996.0,5,5.0,Monthly,55024996.0,2,1,36.71670362035794,63.6,35.6,56.8,44.93835181017897
C01294,150,230000,34500000,7.1,Business,Large,Enterprise,2,0,0.0,0,,0.0,0,3.2,Annual,34500000.0,1,0,22.175261206333783,43.8,27.5,56.8,32.49263060316689
C01295,300,240000,72000000,3.5,Business,Large,ISP Partner,3,1,1345867.0,1,Dedicated,16260524.0,7,7.4,Monthly,89606391.0,3,1,61.216750489508264,63.6,63.2,56.8,61.32837524475413
C01296,20,325000,6500000,1.3,Business,Large,Enterprise,2,0,0.0,1,VPS,5244611.0,7,10.6,Monthly,11744611.0,2,0,6.053641560112234,43.8,35.6,56.8,25.646820780056114
C01298,100,300000,30000000,4.6,Business,Large,University,2,0,0.0,0,,0.0,1,4.3,Monthly,30000000.0,1,0,18.987124611173975,43.8,27.5,56.8,30.89856230558699
C01300,100,280000,28000000,6.8,Business,Medium,Small Business,1,0,0.0,0,,0.0,1,0.0,Annual,28000000.0,1,0,17.57017501332517,26.0,27.5,26.2,22.040087506662584
C01301,150,270000,40500000,0.5,Business,Medium,Small Business,1,1,1079395.0,0,,0.0,2,3.6,Monthly,41579395.0,2,0,27.1908341554652,26.0,35.6,26.2,28.0654170777326
C01304,100,250000,25000000,5.9,Business,Medium,Small Business,1,0,0.0,0,,0.0,0,0.0,Annual,25000000.0,1,0,15.444750616551964,26.0,27.5,26.2,20.97737530827598
C01307,300,205000,61500000,4.8,Business,Medium,Small Business,1,0,0.0,1,Shared,5278772.0,5,7.2,Monthly,66778772.0,2,1,45.043957708560406,26.0,35.6,26.2,36.9919788542802
C01308,300,220000,66000000,5.1,Business,Medium,Small Business,1,1,1651993.0,0,,0.0,5,6.4,Monthly,67651993.0,2,1,45.66261278095197,26.0,35.6,26.2,37.30130639047598
C01311,200,250000,50000000,5.5,Government,Large,Government,3,1,1435122.0,1,Dedicated,17361385.0,9,9.3,Annual,68796507.0,3,1,46.47347210696813,63.6,63.2,56.8,53.956736053484065
C01312,100,275000,27500000,2.8,Business,Large,Hospital,3,1,1057092.0,0,,0.0,3,5.3,Monthly,28557092.0,2,0,17.964860656007563,63.6,35.6,56.8,35.562430328003785
C01318,300,210000,63000000,5.0,Business,Large,Enterprise,2,0,0.0,0,,0.0,2,7.6,Monthly,63000000.0,1,1,42.366792975679246,43.8,27.5,56.8,42.58839648783962
C01319,150,230000,34500000,0.7,Business,Medium,Small Business,1,0,0.0,0,,0.0,4,8.1,Monthly,34500000.0,1,0,22.175261206333783,26.0,27.5,26.2,24.342630603166892
C01320,30,325000,9750000,8.1,Business,Small,Small Business,1,0,0.0,0,,0.0,0,1.2,Monthly,9750000.0,1,0,4.640509932954833,26.0,27.5,25.8,15.515254966477418
C01328,150,245000,36750000,1.0,Business,Large,University,2,1,1975412.0,0,,0.0,6,2.4,Monthly,38725412.0,2,0,25.168859123406538,43.8,35.6,56.8,35.204429561703265
C01329,100,305000,30500000,2.6,Business,Medium,Small Business,1,1,1472408.0,0,,0.0,10,8.8,Monthly,31972408.0,2,0,20.384525972370856,26.0,35.6,26.2,24.66226298618543
C01333,100,270000,27000000,1.4,Business,Large,ISP Partner,3,1,1216265.0,1,Shared,18431428.0,6,4.5,Monthly,46647693.0,3,1,30.78159556190415,63.6,63.2,56.8,46.11079778095207
C01335,150,245000,36750000,6.2,Business,Large,Hospital,3,1,1650652.0,1,VPS,6188830.0,6,6.4,Annual,44589482.0,3,1,29.323404937535155,63.6,63.2,56.8,45.38170246876757
C01337,300,235000,70500000,2.3,Business,Small,Small Business,1,0,0.0,1,Shared,12575080.0,7,6.0,Monthly,83075080.0,2,1,56.589481242070526,26.0,35.6,25.8,42.70474062103526
C01338,30,290000,8700000,4.5,Business,Small,Small Business,1,0,0.0,0,,0.0,2,5.0,Monthly,8700000.0,1,0,3.8966113940842115,26.0,27.5,25.8,15.143305697042106
C01339,150,235000,35250000,2.8,Business,Medium,Small Business,1,0,0.0,0,,0.0,0,0.5,Monthly,35250000.0,1,0,22.706617305527086,26.0,27.5,26.2,24.608308652763544
C01341,100,290000,29000000,0.7,Business,Medium,Small Business,1,0,0.0,0,,0.0,1,4.9,Monthly,29000000.0,1,0,18.278649812249572,26.0,27.5,26.2,22.394324906124787
C01342,150,230000,34500000,9.0,Business,Medium,Small Business,1,0,0.0,0,,0.0,1,2.0,Annual,34500000.0,1,0,22.175261206333783,26.0,27.5,26.2,24.342630603166892
C01343,150,270000,40500000,5.8,Business,Small,Small Business,1,1,469217.0,0,,0.0,6,9.0,Annual,40969217.0,2,0,26.758538419607106,26.0,35.6,25.8,27.789269209803553
C01347,150,260000,39000000,3.7,Business,Medium,Small Business,1,0,0.0,0,,0.0,2,6.1,Monthly,39000000.0,1,0,25.36339780149359,26.0,27.5,26.2,25.936698900746794
C01348,200,270000,54000000,0.8,Government,Large,Government,3,1,659297.0,0,,0.0,6,9.2,Monthly,54659297.0,2,1,36.457615094866085,63.6,35.6,56.8,44.808807547433034
C01350,100,280000,28000000,4.3,Government,Large,Government,3,1,1710569.0,0,,0.0,3,7.5,Monthly,29710569.0,2,0,18.782070041646485,63.6,35.6,56.8,35.971035020823244
C01351,300,215000,64500000,3.9,Business,Large,Hospital,3,1,506490.0,0,,0.0,4,5.3,Monthly,65006490.0,2,1,43.78834057497307,63.6,35.6,56.8,48.47417028748653
C01354,10,340000,3400000,5.8,Business,Small,Small Business,1,0,0.0,0,,0.0,4,3.3,Annual,3400000.0,1,0,0.14169495978488067,26.0,27.5,25.8,13.26584747989244
C01355,50,270000,13500000,5.7,Business,Medium,Small Business,1,1,945478.0,0,,0.0,3,3.8,Annual,14445478.0,2,0,7.967137764858786,26.0,35.6,26.2,18.453568882429394
C01357,150,250000,37500000,1.7,Business,Small,Small Business,1,0,0.0,0,,0.0,2,7.9,Monthly,37500000.0,1,0,24.300685603106988,26.0,27.5,25.8,25.345342801553496
C01359,200,220000,44000000,3.9,Business,Large,University,2,1,438751.0,0,,0.0,4,9.2,Monthly,44438751.0,2,1,29.216615822618483,43.8,35.6,56.8,37.228307911309244
C01360,100,270000,27000000,4.3,Business,Large,Hospital,3,0,0.0,1,Dedicated,19688109.0,4,0.6,Monthly,46688109.0,2,1,30.810229279377477,63.6,35.6,56.8,41.98511463968873
C01362,100,250000,25000000,6.9,Business,Medium,Small Business,1,0,0.0,1,VPS,12558324.0,4,4.3,Annual,37558324.0,2,0,24.342006687279454,26.0,35.6,26.2,26.641003343639728
C01363,100,260000,26000000,5.8,Government,Large,Government,3,1,1698818.0,1,VPS,5304507.0,13,8.4,Annual,33003325.0,3,0,21.114904686653603,63.6,63.2,56.8,41.2774523433268
C01365,10,370000,3700000,6.5,Business,Small,Small Business,1,0,0.0,0,,0.0,1,5.5,Annual,3700000.0,1,0,0.354237399462201,26.0,27.5,25.8,13.3721186997311
C01367,150,265000,39750000,7.1,Government,Large,Government,3,0,0.0,0,,0.0,6,5.9,Annual,39750000.0,1,0,25.894753900686894,63.6,27.5,56.8,38.31237695034345
C01369,200,245000,49000000,9.0,Government,Large,Government,3,1,680038.0,1,Shared,17376162.0,6,7.2,Annual,67056200.0,3,1,45.2405084550764,63.6,63.2,56.8,53.340254227538196
C01370,300,235000,70500000,2.4,Business,Small,Small Business,1,0,0.0,1,Dedicated,11136605.0,8,9.0,Monthly,81636605.0,2,1,55.57035795568775,26.0,35.6,25.8,42.195178977843874
C01372,100,300000,30000000,3.9,Business,Large,University,2,1,1658990.0,1,VPS,4199062.0,6,4.1,Monthly,35858052.0,3,0,23.137406823962664,43.8,63.2,56.8,38.32870341198133
C01376,100,290000,29000000,5.0,Business,Large,Enterprise,2,0,0.0,0,,0.0,5,9.3,Monthly,29000000.0,1,0,18.278649812249572,43.8,27.5,56.8,30.544324906124785
C01377,100,250000,25000000,2.3,Business,Medium,Small Business,1,0,0.0,0,,0.0,2,5.6,Monthly,25000000.0,1,0,15.444750616551964,26.0,27.5,26.2,20.97737530827598
C01380,100,295000,29500000,6.3,Government,Large,Government,3,1,1704870.0,1,VPS,7698840.0,5,4.5,Annual,38903710.0,3,0,25.29517876310516,63.6,63.2,56.8,43.36758938155258
C01382,150,255000,38250000,5.7,Business,Large,Enterprise,2,0,0.0,0,,0.0,3,6.5,Annual,38250000.0,1,0,24.83204170230029,43.8,27.5,56.8,33.821020851150145
C01383,30,310000,9300000,2.3,Business,Large,University,2,1,802835.0,0,,0.0,6,6.5,Monthly,10102835.0,2,0,4.890484638633325,43.8,35.6,56.8,25.065242319316663
C01386,50,270000,13500000,9.6,Business,Small,Small Business,1,1,1865541.0,0,,0.0,3,7.0,Annual,15365541.0,2,0,8.618979213781568,26.0,35.6,25.8,18.719489606890786
C01388,150,275000,41250000,2.9,Business,Medium,Small Business,1,1,1114584.0,0,,0.0,5,3.5,Monthly,42364584.0,2,0,27.747120774357853,26.0,35.6,26.2,28.343560387178925
C01389,150,285000,42750000,3.5,Business,Small,Small Business,1,0,0.0,1,VPS,7244803.0,5,8.0,Monthly,49994803.0,2,1,33.15293864613201,26.0,35.6,25.8,30.986469323066004
C01390,50,285000,14250000,7.2,Business,Small,Small Business,1,1,591965.0,1,Dedicated,16464456.0,10,8.3,Annual,31306421.0,3,0,19.91269096645959,26.0,63.2,25.8,28.506345483229797
C01392,100,250000,25000000,2.1,Government,Large,Government,3,1,1279392.0,0,,0.0,4,7.8,Monthly,26279392.0,2,0,16.35116760649745,63.6,35.6,56.8,34.755583803248726
C01393,200,250000,50000000,4.0,Government,Large,Government,3,1,321279.0,1,Shared,12462046.0,10,6.3,Monthly,62783325.0,3,1,42.2132841986223,63.6,63.2,56.8,51.826642099311144
C01394,150,230000,34500000,2.6,Business,Medium,Small Business,1,1,506704.0,0,,0.0,8,8.5,Monthly,35006704.0,2,0,22.534248220847974,26.0,35.6,26.2,25.737124110423988
C01395,50,295000,14750000,5.3,Business,Large,Hospital,3,0,0.0,1,Dedicated,17522200.0,9,8.5,Annual,32272200.0,2,0,20.59692104929,63.6,35.6,56.8,36.878460524645
C01396,300,210000,63000000,2.4,Business,Large,ISP Partner,3,1,1448683.0,1,Dedicated,12290730.0,11,10.4,Monthly,76739413.0,3,1,52.100820838193556,63.6,63.2,56.8,56.77041041909678
C01398,30,290000,8700000,8.1,Business,Small,Small Business,1,0,0.0,0,,0.0,2,4.6,Annual,8700000.0,1,0,3.8966113940842115,26.0,27.5,25.8,15.143305697042106
C01399,150,230000,34500000,7.2,Business,Medium,Small Business,1,1,1979861.0,0,,0.0,3,6.2,Annual,36479861.0,2,0,23.57794283020705,26.0,35.6,26.2,26.258971415103524
C01400,150,235000,35250000,2.2,Government,Large,Government,3,1,852618.0,1,Dedicated,3492189.0,5,3.0,Monthly,39594807.0,3,0,25.78480357121742,63.6,63.2,56.8,43.61240178560871
C01403,30,310000,9300000,3.3,Business,Medium,Small Business,1,0,0.0,0,,0.0,2,3.1,Monthly,9300000.0,1,0,4.321696273438852,26.0,27.5,26.2,15.415848136719426
C01404,30,340000,10200000,5.3,Business,Small,Small Business,1,0,0.0,0,,0.0,1,4.9,Annual,10200000.0,1,0,4.959323592470814,26.0,27.5,25.8,15.674661796235409
C01406,150,260000,39000000,1.4,Business,Large,Enterprise,2,0,0.0,1,Shared,5400814.0,3,7.0,Monthly,44400814.0,2,1,29.189738414171686,43.8,35.6,56.8,37.21486920708584
C01411,150,240000,36000000,3.7,Business,Large,Enterprise,2,1,1158440.0,0,,0.0,8,7.9,Monthly,37158440.0,2,0,24.05869895078637,43.8,35.6,56.8,34.64934947539318
C01412,300,210000,63000000,0.5,Business,Large,ISP Partner,3,1,995913.0,1,Shared,18635417.0,5,4.4,Monthly,82631330.0,3,1,56.27509555004782,63.6,63.2,56.8,58.8575477750239
C01413,150,275000,41250000,5.1,Business,Medium,Small Business,1,1,1510339.0,0,,0.0,4,6.0,Annual,42760339.0,2,0,28.027503218406178,26.0,35.6,26.2,28.48375160920309
C01414,100,250000,25000000,3.9,Business,Small,Small Business,1,0,0.0,0,,0.0,3,3.6,Monthly,25000000.0,1,0,15.444750616551964,26.0,27.5,25.8,20.917375308275982
C01415,150,265000,39750000,8.3,Business,Medium,Small Business,1,1,1949503.0,1,Dedicated,10257904.0,6,4.7,Annual,51957407.0,3,1,34.54339412040024,26.0,63.2,26.2,35.88169706020012
C01417,200,235000,47000000,0.8,Business,Medium,Small Business,1,0,0.0,0,,0.0,0,5.1,Monthly,47000000.0,1,1,31.03119619288881,26.0,27.5,26.2,28.770598096444406
C01420,150,230000,34500000,9.8,Business,Medium,Small Business,1,1,1328286.0,1,Shared,6116272.0,8,6.2,Annual,41944558.0,3,0,27.44954293846483,26.0,63.2,26.2,32.334771469232415
C01421,200,220000,44000000,1.6,Business,Medium,Small Business,1,0,0.0,0,,0.0,1,2.8,Monthly,44000000.0,1,1,28.9057717961156,26.0,27.5,26.2,27.7078858980578
C01422,50,270000,13500000,6.1,Business,Small,Small Business,1,1,1629361.0,0,,0.0,2,0.1,Annual,15129361.0,2,0,8.451651635771604,26.0,35.6,25.8,18.635825817885802
C01424,200,230000,46000000,5.7,Business,Large,Enterprise,2,0,0.0,0,,0.0,0,2.4,Annual,46000000.0,1,1,30.322721393964404,43.8,27.5,56.8,36.5663606969822
C01425,200,220000,44000000,4.9,Business,Large,Hospital,3,1,1566143.0,1,Shared,18916826.0,6,5.9,Monthly,64482969.0,3,1,43.417439139765364,63.6,63.2,56.8,52.428719569882674
C01426,100,265000,26500000,2.4,Business,Large,ISP Partner,3,1,645616.0,1,Shared,19106778.0,9,10.4,Monthly,46252394.0,3,1,30.50153618236413,63.6,63.2,56.8,45.970768091182066
C01428,30,295000,8850000,0.9,Business,Small,Small Business,1,1,593650.0,0,,0.0,5,5.7,Monthly,9443650.0,2,0,4.423468678304343,26.0,35.6,25.8,16.621734339152173
C01429,300,220000,66000000,2.6,Business,Large,University,2,1,567281.0,0,,0.0,3,6.1,Monthly,66567281.0,2,1,44.89412166486108,43.8,35.6,56.8,45.06706083243054
C01432,300,210000,63000000,1.5,Business,Large,ISP Partner,3,1,476966.0,1,Shared,19866429.0,6,4.8,Monthly,83343395.0,3,1,56.779575657743926,63.6,63.2,56.8,59.10978782887196
C01433,50,325000,16250000,2.5,Business,Large,Enterprise,2,0,0.0,0,,0.0,2,6.2,Monthly,16250000.0,1,0,9.245596125963445,43.8,27.5,56.8,26.02779806298172
C01435,300,205000,61500000,5.1,Business,Large,University,2,0,0.0,0,,0.0,2,3.4,Annual,61500000.0,1,1,41.30408077729264,43.8,27.5,56.8,42.057040388646314
C01438,30,290000,8700000,9.9,Business,Small,Small Business,1,0,0.0,0,,0.0,4,2.9,Monthly,8700000.0,1,0,3.8966113940842115,26.0,27.5,25.8,15.143305697042106
C01442,200,235000,47000000,8.4,Business,Small,Small Business,1,1,752791.0,1,Shared,3600444.0,7,5.0,Annual,51353235.0,3,1,34.11535348418448,26.0,63.2,25.8,35.60767674209224
C01445,150,230000,34500000,8.9,Business,Medium,Small Business,1,1,1395391.0,0,,0.0,4,4.2,Annual,35895391.0,2,0,23.1638605644797,26.0,35.6,26.2,26.05193028223985
C01447,10,365000,3650000,2.6,Business,Small,Small Business,1,0,0.0,1,Dedicated,13257591.0,10,8.4,Monthly,16907591.0,2,0,9.711482777462944,26.0,35.6,25.8,19.265741388731474
C01451,10,320000,3200000,8.1,Business,Large,ISP Partner,3,1,640062.0,1,VPS,2808967.0,7,5.4,Annual,6649029.0,3,0,2.4435501272594315,63.6,63.2,56.8,31.941775063629716
C01454,30,290000,8700000,9.0,Business,Small,Small Business,1,0,0.0,0,,0.0,3,4.1,Monthly,8700000.0,1,0,3.8966113940842115,26.0,27.5,25.8,15.143305697042106
C01455,300,200000,60000000,9.2,Business,Small,Small Business,1,0,0.0,0,,0.0,0,1.8,Annual,60000000.0,1,1,40.24136857890604,26.0,27.5,25.8,33.31568428945302
C01456,100,250000,25000000,4.4,Business,Small,Small Business,1,0,0.0,0,,0.0,0,0.9,Monthly,25000000.0,1,0,15.444750616551964,26.0,27.5,25.8,20.917375308275982
C01463,150,230000,34500000,6.6,Business,Small,Small Business,1,1,1416506.0,0,,0.0,4,3.5,Monthly,35916506.0,2,0,23.178820009858992,26.0,35.6,25.8,25.999410004929498
C01464,300,205000,61500000,2.5,Business,Large,University,2,1,610249.0,0,,0.0,3,3.2,Monthly,62110249.0,2,1,41.73642681486146,43.8,35.6,56.8,43.48821340743072
C01465,200,220000,44000000,4.3,Business,Large,Hospital,3,1,808761.0,1,Dedicated,8680705.0,6,2.7,Monthly,53489466.0,3,1,35.62881931236556,63.6,63.2,56.8,48.534409656182774
C01468,300,205000,61500000,4.0,Business,Large,University,2,1,498085.0,0,,0.0,7,8.7,Monthly,61998085.0,2,1,41.6569614475149,43.8,35.6,56.8,43.44848072375744
C01473,30,305000,9150000,0.3,Business,Small,Small Business,1,0,0.0,0,,0.0,1,1.7,Monthly,9150000.0,1,0,4.2154250536001925,26.0,27.5,25.8,15.302712526800097
C01474,30,290000,8700000,6.0,Business,Large,University,2,0,0.0,0,,0.0,1,4.6,Monthly,8700000.0,1,0,3.8966113940842115,43.8,27.5,56.8,23.353305697042103
C01476,200,245000,49000000,4.5,Business,Large,Hospital,3,1,1323855.0,1,VPS,12115559.0,11,8.3,Monthly,62439414.0,3,1,41.96963192204941,63.6,63.2,56.8,51.70481596102471
C01478,150,235000,35250000,4.5,Business,Large,University,2,0,0.0,0,,0.0,2,5.9,Monthly,35250000.0,1,0,22.706617305527086,43.8,27.5,56.8,32.758308652763546
C01479,200,245000,49000000,8.2,Government,Large,Government,3,1,1504445.0,1,VPS,17277446.0,10,8.5,Annual,67781891.0,3,1,45.75464224038265,63.6,63.2,56.8,53.597321120191324
C01480,150,255000,38250000,7.4,Business,Medium,Small Business,1,0,0.0,0,,0.0,0,5.9,Annual,38250000.0,1,0,24.83204170230029,26.0,27.5,26.2,25.671020851150146
C01481,30,290000,8700000,6.3,Business,Large,University,2,0,0.0,0,,0.0,7,6.4,Annual,8700000.0,1,0,3.8966113940842115,43.8,27.5,56.8,23.353305697042103
C01482,300,200000,60000000,9.3,Government,Large,Government,3,1,1295118.0,1,Shared,17816274.0,7,8.2,Monthly,79111392.0,3,1,53.78130818327146,63.6,63.2,56.8,57.61065409163572
C01483,150,270000,40500000,3.8,Business,Large,ISP Partner,3,1,662391.0,1,Shared,16652610.0,7,9.2,Monthly,57815001.0,3,1,38.693351851731016,63.6,63.2,56.8,50.06667592586551
C01484,50,305000,15250000,6.6,Business,Medium,Small Business,1,0,0.0,1,Shared,7731534.0,6,5.5,Annual,22981534.0,2,0,14.014718323066223,26.0,35.6,26.2,21.477359161533112
C01485,200,220000,44000000,9.0,Business,Medium,Small Business,1,1,1955938.0,0,,0.0,3,3.9,Annual,45955938.0,2,1,30.2915045773742,26.0,35.6,26.2,29.6157522886871
C01486,300,230000,69000000,2.1,Business,Small,Small Business,1,0,0.0,0,,0.0,4,7.3,Monthly,69000000.0,1,1,46.617641769225656,26.0,27.5,25.8,36.50382088461283
C01489,300,245000,73500000,2.0,Business,Small,Small Business,1,1,319618.0,0,,0.0,8,7.4,Monthly,73819618.0,2,1,50.03221966266808,26.0,35.6,25.8,39.42610983133404
C01493,10,340000,3400000,6.5,Business,Medium,Small Business,1,1,1782262.0,0,,0.0,6,7.0,Monthly,5182262.0,2,0,1.4043826718654833,26.0,35.6,26.2,15.172191335932741
C01494,100,260000,26000000,8.4,Business,Medium,Small Business,1,0,0.0,0,,0.0,5,4.2,Annual,26000000.0,1,0,16.153225415476367,26.0,27.5,26.2,21.331612707738184
C01495,100,250000,25000000,6.5,Business,Large,ISP Partner,3,1,1322040.0,1,VPS,7438126.0,8,8.6,Annual,33760166.0,3,0,21.651107461946346,63.6,63.2,56.8,41.54555373097317
C01496,100,280000,28000000,2.4,Business,Large,University,2,0,0.0,0,,0.0,3,3.0,Monthly,28000000.0,1,0,17.57017501332517,43.8,27.5,56.8,30.190087506662582
C01497,200,220000,44000000,6.7,Business,Large,ISP Partner,3,1,1862508.0,0,,0.0,5,6.6,Monthly,45862508.0,2,1,30.22531177691069,63.6,35.6,56.8,41.69265588845535
C01498,200,235000,47000000,8.1,Business,Medium,Small Business,1,0,0.0,1,VPS,10927130.0,8,3.1,Annual,57927130.0,2,1,38.77279242245961,26.0,35.6,26.2,33.85639621122981
C01499,150,270000,40500000,3.7,Business,Large,University,2,1,1981118.0,0,,0.0,5,7.0,Monthly,42481118.0,2,0,27.82968217657571,43.8,35.6,56.8,36.534841088287855
C01501,10,320000,3200000,8.7,Business,Medium,Small Business,1,0,0.0,0,,0.0,3,7.2,Annual,3200000.0,1,0,0.0,26.0,27.5,26.2,13.254999999999999
C01502,10,320000,3200000,2.9,Business,Large,Enterprise,2,0,0.0,1,Shared,9815845.0,8,8.9,Monthly,13015845.0,2,0,6.954278812648098,43.8,35.6,56.8,26.09713940632405
C01505,100,250000,25000000,5.1,Business,Large,Hospital,3,1,1549427.0,1,Dedicated,6625079.0,9,9.9,Annual,33174506.0,3,0,21.236182111208283,63.6,63.2,56.8,41.33809105560414
C01507,200,245000,49000000,8.4,Business,Small,Small Business,1,0,0.0,1,Dedicated,11664499.0,5,10.6,Annual,60664499.0,2,1,40.7121493743165,26.0,35.6,25.8,34.76607468715825
C01509,150,260000,39000000,9.0,Business,Large,University,2,0,0.0,0,,0.0,3,8.0,Annual,39000000.0,1,0,25.36339780149359,43.8,27.5,56.8,34.086698900746796
C01510,150,230000,34500000,4.3,Government,Large,Government,3,1,1246976.0,0,,0.0,6,6.1,Monthly,35746976.0,2,0,23.058712277197337,63.6,35.6,56.8,38.10935613859867
C01512,150,280000,42000000,2.0,Business,Medium,Small Business,1,1,1051235.0,0,,0.0,7,10.4,Monthly,43051235.0,2,0,28.23359570351409,26.0,35.6,26.2,28.586797851757044
C01514,200,235000,47000000,6.3,Business,Large,Enterprise,2,0,0.0,0,,0.0,1,3.0,Annual,47000000.0,1,1,31.03119619288881,43.8,27.5,56.8,36.92059809644441
C01515,100,265000,26500000,4.5,Government,Large,Government,3,1,857278.0,1,Shared,15245089.0,5,5.8,Monthly,42602367.0,3,0,27.91558403747049,63.6,63.2,56.8,44.677792018735246
C01516,150,230000,34500000,8.1,Government,Large,Government,3,1,1446249.0,0,,0.0,6,5.5,Monthly,35946249.0,2,0,23.1998921758034,63.6,35.6,56.8,38.1799460879017
C01517,150,260000,39000000,6.0,Business,Large,Enterprise,2,0,0.0,0,,0.0,1,4.4,Annual,39000000.0,1,0,25.36339780149359,43.8,27.5,56.8,34.086698900746796
C01519,30,320000,9600000,6.5,Business,Large,Enterprise,2,1,1897736.0,0,,0.0,4,7.0,Monthly,11497736.0,2,0,5.878736844127773,43.8,35.6,56.8,25.559368422063887
C01526,300,230000,69000000,7.1,Government,Large,Government,3,1,1153299.0,1,Dedicated,18171769.0,10,10.2,Annual,88325068.0,3,1,60.308965434726055,63.6,63.2,56.8,60.87448271736302
C01527,100,295000,29500000,3.6,Government,Large,Government,3,0,0.0,0,,0.0,0,4.7,Monthly,29500000.0,1,0,18.632887211711772,63.6,27.5,56.8,34.68144360585589
C01528,100,315000,31500000,0.5,Business,Medium,Small Business,1,0,0.0,0,,0.0,2,4.7,Monthly,31500000.0,1,0,20.049836809560578,26.0,27.5,26.2,23.27991840478029
C01531,100,285000,28500000,9.3,Business,Medium,Small Business,1,0,0.0,0,,0.0,4,7.2,Annual,28500000.0,1,0,17.92441241278737,26.0,27.5,26.2,22.217206206393683
C01533,300,200000,60000000,5.1,Government,Large,Government,3,1,1156533.0,1,VPS,14951757.0,9,5.7,Annual,76108290.0,3,1,51.653686097671994,63.6,63.2,56.8,56.546843048835996
C01534,100,290000,29000000,4.7,Business,Large,Hospital,3,1,1032966.0,1,VPS,4752406.0,5,7.0,Monthly,34785372.0,3,0,22.377440076652437,63.6,63.2,56.8,41.90872003832622
C01535,100,290000,29000000,2.4,Business,Large,Hospital,3,1,892333.0,1,VPS,18000148.0,7,3.7,Monthly,47892481.0,3,1,31.663496489907654,63.6,63.2,56.8,46.55174824495383
C01537,200,265000,53000000,0.6,Business,Medium,Small Business,1,0,0.0,0,,0.0,3,6.8,Monthly,53000000.0,1,1,35.282044986435224,26.0,27.5,26.2,30.89602249321761
C01539,30,290000,8700000,4.0,Business,Small,Small Business,1,0,0.0,0,,0.0,2,5.2,Monthly,8700000.0,1,0,3.8966113940842115,26.0,27.5,25.8,15.143305697042106
C01540,300,230000,69000000,3.7,Government,Large,Government,3,1,687943.0,1,VPS,9786552.0,6,6.8,Monthly,79474495.0,3,1,54.03855750818531,63.6,63.2,56.8,57.73927875409265
C01544,150,240000,36000000,4.0,Business,Large,University,2,1,810840.0,0,,0.0,4,3.0,Monthly,36810840.0,2,0,23.81243311068025,43.8,35.6,56.8,34.52621655534013
C01546,300,200000,60000000,5.9,Business,Large,Enterprise,2,1,825141.0,0,,0.0,7,7.7,Annual,60825141.0,2,1,40.82596018296532,43.8,35.6,56.8,43.032980091482656
C01549,150,230000,34500000,2.3,Business,Large,ISP Partner,3,1,954716.0,1,VPS,7289933.0,9,10.1,Monthly,42744649.0,3,0,28.016387248811053,63.6,63.2,56.8,44.72819362440552
C01550,300,235000,70500000,2.4,Business,Large,ISP Partner,3,1,966747.0,0,,0.0,2,8.4,Monthly,71466747.0,2,1,48.36526985404803,63.6,35.6,56.8,50.76263492702401
C01552,150,235000,35250000,6.0,Business,Medium,Small Business,1,1,1981992.0,0,,0.0,2,5.1,Annual,37231992.0,2,0,24.11080868919686,26.0,35.6,26.2,26.525404344598428
C01555,200,245000,49000000,4.6,Government,Large,Government,3,1,1780934.0,0,,0.0,5,5.2,Monthly,50780934.0,2,1,33.70989264828525,63.6,35.6,56.8,43.434946324142615
C01558,150,265000,39750000,1.5,Business,Small,Small Business,1,1,1431493.0,0,,0.0,6,4.5,Monthly,41181493.0,2,0,26.908930616023582,26.0,35.6,25.8,27.86446530801179
C01563,200,220000,44000000,9.2,Business,Small,Small Business,1,1,1335565.0,0,,0.0,3,6.4,Annual,45335565.0,2,1,29.851985940941073,26.0,35.6,25.8,29.33599297047054
C01567,300,200000,60000000,9.9,Business,Small,Small Business,1,1,1956006.0,0,,0.0,4,7.5,Annual,61956006.0,2,1,41.627149536450965,26.0,35.6,25.8,35.22357476822548
C01569,30,335000,10050000,4.7,Business,Large,ISP Partner,3,1,1716757.0,1,Dedicated,5624424.0,8,6.9,Monthly,17391181.0,3,0,10.054094105474796,63.6,63.2,56.8,35.7470470527374
C01570,100,295000,29500000,1.5,Business,Small,Small Business,1,0,0.0,0,,0.0,7,8.4,Monthly,29500000.0,1,0,18.632887211711772,26.0,27.5,25.8,22.511443605855888
C01573,100,285000,28500000,9.4,Business,Large,Enterprise,2,1,1423758.0,1,VPS,2313512.0,6,3.4,Annual,32237270.0,3,0,20.57217402456357,43.8,63.2,56.8,37.04608701228179
C01575,100,290000,29000000,3.3,Business,Medium,Small Business,1,0,0.0,0,,0.0,5,5.4,Monthly,29000000.0,1,0,18.278649812249572,26.0,27.5,26.2,22.394324906124787
C01576,200,220000,44000000,5.5,Government,Large,Government,3,1,856489.0,1,VPS,11302137.0,11,14.4,Monthly,56158626.0,3,1,37.51985190666261,63.6,63.2,56.8,49.4799259533313
C01577,30,290000,8700000,6.1,Business,Small,Small Business,1,1,503867.0,0,,0.0,5,4.4,Annual,9203867.0,2,0,4.253588465593853,26.0,35.6,25.8,16.536794232796925
C01580,150,285000,42750000,2.7,Government,Large,Government,3,1,594308.0,0,,0.0,8,8.4,Monthly,43344308.0,2,0,28.441230538259262,63.6,35.6,56.8,40.80061526912962
C01582,150,230000,34500000,7.9,Business,Small,Small Business,1,1,821276.0,0,,0.0,4,3.5,Annual,35321276.0,2,0,22.75711455529522,26.0,35.6,25.8,25.788557277647612
C01584,150,240000,36000000,3.0,Business,Medium,Small Business,1,0,0.0,0,,0.0,5,4.7,Monthly,36000000.0,1,0,23.237973404720385,26.0,27.5,26.2,24.87398670236019
C01585,200,220000,44000000,6.4,Business,Large,ISP Partner,3,1,797109.0,0,,0.0,4,3.6,Monthly,44797109.0,2,1,29.470503434611434,63.6,35.6,56.8,41.31525171730571
C01587,200,220000,44000000,5.1,Business,Large,Hospital,3,1,1077366.0,0,,0.0,2,2.3,Annual,45077366.0,2,1,29.66905845633359,63.6,35.6,56.8,41.4145292281668
C01588,300,200000,60000000,9.8,Business,Large,University,2,0,0.0,1,Dedicated,4756719.0,5,3.5,Annual,64756719.0,2,1,43.61138411597092,43.8,35.6,56.8,44.42569205798546
C01590,150,265000,39750000,2.5,Business,Large,ISP Partner,3,1,1780060.0,0,,0.0,6,4.5,Monthly,41530060.0,2,0,27.155881551260265,63.6,35.6,56.8,40.15794077563013
C01593,100,280000,28000000,1.0,Business,Large,ISP Partner,3,1,1928060.0,1,Shared,18489000.0,9,5.9,Monthly,48417060.0,3,1,32.035147491452626,63.6,63.2,56.8,46.73757374572631
C01598,50,270000,13500000,5.1,Business,Large,Enterprise,2,1,1788203.0,1,VPS,18679067.0,5,5.5,Annual,33967270.0,3,0,21.797835426702786,43.8,63.2,56.8,37.65891771335139
C01599,300,205000,61500000,1.5,Government,Large,Government,3,1,536921.0,1,VPS,14612893.0,7,5.9,Monthly,76649814.0,3,1,52.037342204684734,63.6,63.2,56.8,56.738671102342366
C01600,150,230000,34500000,4.0,Business,Small,Small Business,1,0,0.0,0,,0.0,0,2.2,Monthly,34500000.0,1,0,22.175261206333783,26.0,27.5,25.8,24.282630603166893
C01601,300,205000,61500000,4.4,Business,Large,ISP Partner,3,1,587244.0,0,,0.0,4,6.4,Monthly,62087244.0,2,1,41.720128352112205,63.6,35.6,56.8,47.4400641760561
C01602,200,230000,46000000,0.2,Business,Small,Small Business,1,0,0.0,0,,0.0,3,3.5,Monthly,46000000.0,1,1,30.322721393964404,26.0,27.5,25.8,28.356360696982204
C01604,100,250000,25000000,6.1,Business,Small,Small Business,1,1,1940211.0,0,,0.0,3,3.3,Annual,26940211.0,2,0,16.819341214647878,26.0,35.6,25.8,22.81967060732394
C01605,300,225000,67500000,1.0,Business,Medium,Small Business,1,1,773527.0,0,,0.0,4,2.4,Monthly,68273527.0,2,1,46.10295395662665,26.0,35.6,26.2,37.52147697831332
C01606,30,290000,8700000,4.3,Business,Large,ISP Partner,3,1,961846.0,1,Shared,3706392.0,5,8.0,Monthly,13368238.0,3,0,7.203940372465463,63.6,63.2,56.8,34.32197018623273
C01608,20,305000,6100000,4.8,Business,Medium,Small Business,1,0,0.0,0,,0.0,0,2.8,Monthly,6100000.0,1,0,2.054576916880766,26.0,27.5,26.2,14.282288458440384
C01610,300,255000,76500000,0.5,Government,Large,Government,3,1,1834391.0,1,Dedicated,14463173.0,5,5.2,Monthly,92797564.0,3,1,63.47761613901625,63.6,63.2,56.8,62.45880806950812
C01611,100,265000,26500000,4.5,Government,Large,Government,3,1,811946.0,1,Shared,15412080.0,8,4.7,Monthly,42724026.0,3,0,28.001776373032836,63.6,63.2,56.8,44.72088818651642
C01613,30,290000,8700000,3.3,Business,Small,Small Business,1,0,0.0,0,,0.0,2,0.6,Monthly,8700000.0,1,0,3.8966113940842115,26.0,27.5,25.8,15.143305697042106
C01614,20,305000,6100000,1.5,Business,Small,Small Business,1,1,1084748.0,0,,0.0,6,5.5,Monthly,7184748.0,2,0,2.8230935380644135,26.0,35.6,25.8,15.821546769032206
C01617,100,270000,27000000,2.0,Business,Small,Small Business,1,1,1422723.0,0,,0.0,3,1.6,Monthly,28422723.0,2,0,17.86966360575089,26.0,35.6,25.8,23.344831802875447
C01618,300,235000,70500000,2.0,Business,Large,Hospital,3,1,1337096.0,0,,0.0,5,2.6,Monthly,71837096.0,2,1,48.62765278735488,63.6,35.6,56.8,50.89382639367744
C01619,150,230000,34500000,5.0,Business,Small,Small Business,1,1,1875167.0,0,,0.0,3,4.7,Monthly,36375167.0,2,0,23.503769769608457,26.0,35.6,25.8,26.16188488480423
C01621,200,235000,47000000,0.6,Government,Large,Government,3,1,429064.0,1,VPS,4008785.0,8,11.7,Monthly,51437849.0,3,1,34.17530037082067,63.6,63.2,56.8,47.80765018541034
C01622,100,250000,25000000,7.0,Business,Small,Small Business,1,1,431529.0,0,,0.0,4,4.3,Annual,25431529.0,2,0,15.750478038057011,26.0,35.6,25.8,22.285239019028506
C01624,30,290000,8700000,3.4,Business,Small,Small Business,1,1,1171037.0,0,,0.0,8,5.6,Monthly,9871037.0,2,0,4.726261597192246,26.0,35.6,25.8,16.773130798596124
C01625,200,225000,45000000,6.0,Government,Large,Government,3,1,1045353.0,1,Shared,14628845.0,8,9.1,Monthly,60674198.0,3,1,40.71902087139127,63.6,63.2,56.8,51.07951043569564
C01627,30,310000,9300000,1.0,Business,Large,ISP Partner,3,1,906361.0,1,VPS,12989407.0,9,5.8,Monthly,23195768.0,3,0,14.166497713138991,63.6,63.2,56.8,37.803248856569496
C01628,50,300000,15000000,9.8,Business,Small,Small Business,1,0,0.0,0,,0.0,0,1.3,Annual,15000000.0,1,0,8.360002627307946,26.0,27.5,25.8,17.375001313653975
C01629,100,290000,29000000,5.5,Business,Medium,Small Business,1,0,0.0,1,Shared,2218480.0,7,8.8,Annual,31218480.0,2,0,19.85038698416738,26.0,35.6,26.2,24.39519349208369
C01630,150,230000,34500000,1.9,Business,Medium,Small Business,1,0,0.0,0,,0.0,2,4.5,Monthly,34500000.0,1,0,22.175261206333783,26.0,27.5,26.2,24.342630603166892
C01631,30,330000,9900000,4.8,Business,Medium,Small Business,1,1,1984191.0,0,,0.0,3,2.3,Monthly,11884191.0,2,0,6.152530472546101,26.0,35.6,26.2,17.54626523627305
C01633,200,220000,44000000,10.0,Business,Large,ISP Partner,3,1,1743437.0,1,Shared,6459182.0,5,8.0,Annual,52202619.0,3,1,34.717120642794086,63.6,63.2,56.8,48.078560321397035
C01634,10,320000,3200000,3.7,Business,Medium,Small Business,1,1,745878.0,0,,0.0,7,9.3,Monthly,3945878.0,2,0,0.5284357660721355,26.0,35.6,26.2,14.734217883036067
C01635,100,280000,28000000,5.0,Business,Small,Small Business,1,0,0.0,0,,0.0,0,6.3,Monthly,28000000.0,1,0,17.57017501332517,26.0,27.5,25.8,21.980087506662585
C01637,30,290000,8700000,7.7,Business,Large,Enterprise,2,1,685824.0,0,,0.0,2,4.3,Annual,9385824.0,2,0,4.382500414581741,43.8,35.6,56.8,24.811250207290872
C01643,100,265000,26500000,5.9,Government,Large,Government,3,1,1965636.0,1,VPS,8030819.0,11,9.2,Annual,36496455.0,3,0,23.5896992610204,63.6,63.2,56.8,42.5148496305102
C01645,150,250000,37500000,6.8,Business,Medium,Small Business,1,0,0.0,0,,0.0,4,7.3,Annual,37500000.0,1,0,24.300685603106988,26.0,27.5,26.2,25.405342801553495
C01646,50,270000,13500000,5.0,Business,Large,University,2,0,0.0,0,,0.0,2,1.1,Monthly,13500000.0,1,0,7.2972904289213405,43.8,27.5,56.8,25.05364521446067
C01647,300,240000,72000000,4.5,Government,Large,Government,3,0,0.0,1,Shared,3526276.0,3,4.7,Monthly,75526276.0,2,1,51.24134384605081,63.6,35.6,56.8,52.200671923025396
C01651,50,270000,13500000,7.6,Business,Medium,Small Business,1,0,0.0,1,VPS,18266144.0,8,8.9,Annual,31766144.0,2,0,20.238393126445512,26.0,35.6,26.2,24.589196563222757
C01652,300,200000,60000000,2.4,Business,Large,ISP Partner,3,1,1954511.0,1,VPS,9206376.0,8,6.8,Monthly,71160887.0,3,1,48.14857575204901,63.6,63.2,56.8,54.7942878760245
C01653,300,205000,61500000,4.8,Business,Large,Enterprise,2,0,0.0,0,,0.0,0,0.8,Monthly,61500000.0,1,1,41.30408077729264,43.8,27.5,56.8,42.057040388646314
C01655,150,230000,34500000,9.1,Business,Medium,Small Business,1,0,0.0,0,,0.0,0,2.7,Monthly,34500000.0,1,0,22.175261206333783,26.0,27.5,26.2,24.342630603166892
C01658,150,230000,34500000,5.6,Business,Large,ISP Partner,3,1,1906390.0,1,Shared,11173675.0,5,7.0,Annual,47580065.0,3,1,31.442157627126893,63.6,63.2,56.8,46.44107881356345
C01662,150,255000,38250000,5.3,Business,Small,Small Business,1,0,0.0,0,,0.0,6,6.6,Monthly,38250000.0,1,0,24.83204170230029,26.0,27.5,25.8,25.611020851150148
C01663,30,315000,9450000,1.3,Business,Medium,Small Business,1,1,1763980.0,0,,0.0,4,6.1,Monthly,11213980.0,2,0,5.67770286908418,26.0,35.6,26.2,17.308851434542092
C01669,150,230000,34500000,5.1,Business,Large,ISP Partner,3,1,1335691.0,1,Dedicated,15978860.0,6,8.4,Annual,51814551.0,3,1,34.44218424452509,63.6,63.2,56.8,47.941092122262546
C01671,200,240000,48000000,1.1,Government,Large,Government,3,1,971945.0,1,VPS,10378549.0,10,10.5,Monthly,59350494.0,3,1,39.78120994615585,63.6,63.2,56.8,50.610604973077926
C01674,150,280000,42000000,0.7,Business,Large,University,2,1,1753464.0,0,,0.0,3,3.5,Monthly,43753464.0,2,0,28.731107253087977,43.8,35.6,56.8,36.98555362654399
C01676,100,275000,27500000,4.2,Business,Medium,Small Business,1,0,0.0,0,,0.0,0,0.5,Monthly,27500000.0,1,0,17.21593761386297,26.0,27.5,26.2,21.862968806931484
C01677,100,265000,26500000,9.5,Business,Medium,Small Business,1,1,1517446.0,0,,0.0,2,6.9,Annual,28017446.0,2,0,17.582535064667205,26.0,35.6,26.2,23.2612675323336
C01678,150,250000,37500000,4.9,Business,Medium,Small Business,1,1,868521.0,0,,0.0,6,7.8,Monthly,38368521.0,2,0,24.91601084394361,26.0,35.6,26.2,26.928005421971804
C01679,150,260000,39000000,3.6,Business,Medium,Small Business,1,0,0.0,0,,0.0,3,1.3,Monthly,39000000.0,1,0,25.36339780149359,26.0,27.5,26.2,25.936698900746794
C01680,50,270000,13500000,7.4,Business,Small,Small Business,1,1,1431974.0,1,Dedicated,18101593.0,5,5.0,Annual,33033567.0,3,0,21.136330381522676,26.0,63.2,25.8,29.11816519076134
C01682,300,200000,60000000,5.2,Government,Large,Government,3,1,1009249.0,1,VPS,7692233.0,5,6.6,Monthly,68701482.0,3,1,46.40614928920034,63.6,63.2,56.8,53.92307464460016
C01684,200,230000,46000000,6.2,Business,Medium,Small Business,1,0,0.0,1,Shared,13143781.0,5,5.5,Annual,59143781.0,2,1,39.634758995045786,26.0,35.6,26.2,34.28737949752289
C01685,150,230000,34500000,4.8,Business,Medium,Small Business,1,0,0.0,0,,0.0,0,5.2,Monthly,34500000.0,1,0,22.175261206333783,26.0,27.5,26.2,24.342630603166892
C01687,150,280000,42000000,2.1,Government,Large,Government,3,1,1737884.0,1,VPS,5183596.0,10,8.6,Monthly,48921480.0,3,1,32.39251634952607,63.6,63.2,56.8,46.91625817476303
C01688,300,200000,60000000,7.6,Government,Large,Government,3,1,401194.0,1,Shared,16320141.0,14,10.7,Annual,76721335.0,3,1,52.088013030778605,63.6,63.2,56.8,56.7640065153893
C01696,200,245000,49000000,7.1,Business,Small,Small Business,1,1,898724.0,0,,0.0,6,5.7,Monthly,49898724.0,2,1,33.08486909592615,26.0,35.6,25.8,30.952434547963076
C01699,30,340000,10200000,1.9,Business,Small,Small Business,1,0,0.0,0,,0.0,0,4.2,Monthly,10200000.0,1,0,4.959323592470814,26.0,27.5,25.8,15.674661796235409
C01701,20,315000,6300000,7.0,Business,Medium,Small Business,1,0,0.0,0,,0.0,1,4.1,Monthly,6300000.0,1,0,2.196271876665646,26.0,27.5,26.2,14.353135938332823
C01702,200,220000,44000000,6.2,Business,Large,Hospital,3,0,0.0,0,,0.0,6,10.2,Annual,44000000.0,1,1,28.9057717961156,63.6,27.5,56.8,39.817885898057796
C01705,30,290000,8700000,9.1,Business,Medium,Small Business,1,0,0.0,1,Dedicated,14042932.0,3,2.8,Annual,22742932.0,2,0,13.845674819093261,26.0,35.6,26.2,21.39283740954663
C01707,200,230000,46000000,8.3,Business,Large,Enterprise,2,1,688605.0,0,,0.0,5,6.5,Annual,46688605.0,2,1,30.810580682877745,43.8,35.6,56.8,38.025290341438875
C01709,300,210000,63000000,3.7,Government,Large,Government,3,1,1362065.0,1,Shared,12546748.0,5,5.1,Monthly,76908813.0,3,1,52.220836469131356,63.6,63.2,56.8,56.83041823456567
C01710,100,270000,27000000,6.3,Business,Large,University,2,0,0.0,1,VPS,13521998.0,9,8.4,Annual,40521998.0,2,0,26.441695028506935,43.8,35.6,56.8,35.84084751425347
C01712,100,255000,25500000,3.8,Government,Large,Government,3,1,1209412.0,1,Dedicated,2278339.0,9,10.4,Monthly,28987751.0,3,0,18.26997170443755,63.6,63.2,56.8,39.854985852218775
C01713,150,230000,34500000,7.4,Business,Medium,Small Business,1,1,1314339.0,0,,0.0,5,2.6,Annual,35814339.0,2,0,23.106437265077282,26.0,35.6,26.2,26.02321863253864
C01714,100,250000,25000000,7.8,Business,Large,ISP Partner,3,1,1467380.0,1,Dedicated,19199902.0,9,9.4,Annual,45667282.0,3,1,30.08699907581588,63.6,63.2,56.8,45.76349953790793
C01715,150,240000,36000000,4.4,Government,Large,Government,3,1,1769636.0,1,Shared,15675600.0,8,6.6,Monthly,53445236.0,3,1,35.59748347200913,63.6,63.2,56.8,48.51874173600456
C01717,300,225000,67500000,9.1,Business,Large,ISP Partner,3,1,1918344.0,1,Shared,13691770.0,8,4.8,Monthly,83110114.0,3,1,56.61430194817605,63.6,63.2,56.8,59.027150974088016
C01718,300,235000,70500000,1.6,Business,Medium,Small Business,1,1,997161.0,0,,0.0,5,8.6,Monthly,71497161.0,2,1,48.386817406582516,26.0,35.6,26.2,38.66340870329126
C01722,200,240000,48000000,3.6,Government,Large,Government,3,1,1751181.0,1,VPS,8709334.0,9,7.8,Monthly,58460515.0,3,1,39.15068225308391,63.6,63.2,56.8,50.295341126541956
C01723,100,285000,28500000,1.2,Government,Large,Government,3,1,844066.0,0,,0.0,5,3.5,Monthly,29344066.0,2,0,18.522411902416295,63.6,35.6,56.8,35.841205951208146
C01726,100,250000,25000000,9.0,Government,Large,Government,3,1,607489.0,1,Dedicated,17261380.0,7,10.2,Monthly,42868869.0,3,0,28.104393988333445,63.6,63.2,56.8,44.77219699416672
C01730,300,200000,60000000,5.7,Business,Large,University,2,1,547038.0,0,,0.0,4,4.9,Monthly,60547038.0,2,1,40.628931215960044,43.8,35.6,56.8,42.934465607980016
C01733,30,345000,10350000,1.0,Business,Large,Enterprise,2,0,0.0,0,,0.0,9,10.3,Monthly,10350000.0,1,0,5.065594812309475,43.8,27.5,56.8,23.937797406154736
C01734,150,280000,42000000,0.4,Government,Large,Government,3,1,996592.0,1,Shared,8041720.0,5,6.7,Monthly,51038312.0,3,1,33.89223847508281,63.6,63.2,56.8,47.66611923754141
C01735,100,265000,26500000,4.5,Government,Large,Government,3,1,1487832.0,1,VPS,9511835.0,6,4.7,Monthly,37499667.0,3,0,24.30044968099895,63.6,63.2,56.8,42.870224840499475
C01737,100,250000,25000000,7.9,Business,Small,Small Business,1,0,0.0,0,,0.0,7,2.6,Annual,25000000.0,1,0,15.444750616551964,26.0,27.5,25.8,20.917375308275982
C01739,150,230000,34500000,9.6,Business,Large,Hospital,3,1,1728660.0,1,Dedicated,15246038.0,6,4.7,Annual,51474698.0,3,1,34.201406958686235,63.6,63.2,56.8,47.82070347934311
C01741,30,315000,9450000,8.0,Business,Medium,Small Business,1,0,0.0,0,,0.0,2,4.1,Monthly,9450000.0,1,0,4.427967493277513,26.0,27.5,26.2,15.468983746638756
C01742,200,245000,49000000,1.3,Business,Small,Small Business,1,1,520267.0,0,,0.0,7,8.5,Monthly,49520267.0,2,1,32.81674184894962,26.0,35.6,25.8,30.81837092447481
C01746,300,200000,60000000,8.4,Business,Small,Small Business,1,1,1188232.0,0,,0.0,4,3.1,Annual,61188232.0,2,1,41.083201006181575,26.0,35.6,25.8,34.95160050309079
C01747,150,265000,39750000,8.3,Business,Small,Small Business,1,0,0.0,0,,0.0,2,3.7,Annual,39750000.0,1,0,25.894753900686894,26.0,27.5,25.8,26.142376950343447
C01748,300,200000,60000000,8.9,Government,Large,Government,3,1,1242960.0,1,VPS,12355751.0,7,5.1,Annual,73598711.0,3,1,49.87571262026209,63.6,63.2,56.8,55.65785631013104
C01749,30,310000,9300000,1.0,Business,Large,University,2,0,0.0,0,,0.0,3,7.3,Monthly,9300000.0,1,0,4.321696273438852,43.8,27.5,56.8,23.565848136719424
C01753,200,230000,46000000,7.9,Business,Small,Small Business,1,0,0.0,0,,0.0,6,6.2,Annual,46000000.0,1,1,30.322721393964404,26.0,27.5,25.8,28.356360696982204
C01756,200,260000,52000000,4.6,Government,Large,Government,3,0,0.0,1,VPS,16691380.0,3,4.2,Monthly,68691380.0,2,1,46.398992276781605,63.6,35.6,56.8,49.7794961383908
C01758,300,225000,67500000,7.3,Business,Large,Hospital,3,1,954068.0,1,Dedicated,5418402.0,7,4.3,Annual,73872470.0,3,1,50.069663972740834,63.6,63.2,56.8,55.75483198637042
C01759,200,220000,44000000,9.8,Business,Medium,Small Business,1,1,1697663.0,0,,0.0,4,6.4,Annual,45697663.0,2,1,30.108523248682,26.0,35.6,26.2,29.524261624341
C01760,150,265000,39750000,5.7,Government,Large,Government,3,1,1711767.0,1,VPS,2656055.0,6,7.3,Annual,44117822.0,3,1,28.989245713874475,63.6,63.2,56.8,45.21462285693724
C01762,20,325000,6500000,5.6,Business,Small,Small Business,1,0,0.0,0,,0.0,4,3.8,Monthly,6500000.0,1,0,2.3379668364505273,26.0,27.5,25.8,14.363983418225263
C01763,150,230000,34500000,8.9,Business,Small,Small Business,1,1,408930.0,0,,0.0,5,4.7,Annual,34908930.0,2,0,22.464977805857938,26.0,35.6,25.8,25.64248890292897
C01764,200,240000,48000000,3.9,Business,Large,ISP Partner,3,1,1331170.0,1,VPS,15812307.0,9,9.6,Monthly,65143477.0,3,1,43.885392412253324,63.6,63.2,56.8,52.662696206126654
C01766,150,230000,34500000,9.3,Business,Large,Hospital,3,1,1771997.0,1,Shared,15848724.0,7,6.8,Monthly,52120721.0,3,1,34.65909797371177,63.6,63.2,56.8,48.04954898685588
C01767,100,255000,25500000,1.2,Business,Large,Hospital,3,1,765366.0,0,,0.0,3,4.9,Monthly,26265366.0,2,0,16.34123053896774,63.6,35.6,56.8,34.75061526948387
C01770,150,250000,37500000,6.6,Business,Small,Small Business,1,1,1563904.0,1,VPS,10445439.0,5,5.8,Annual,49509343.0,3,1,32.80900247024617,26.0,63.2,25.8,34.95450123512308
C01771,10,325000,3250000,3.5,Business,Small,Small Business,1,0,0.0,1,Shared,9291724.0,8,8.8,Monthly,12541724.0,2,0,6.618376032507261,26.0,35.6,25.8,17.719188016253632
C01772,200,245000,49000000,0.8,Business,Large,Enterprise,2,0,0.0,0,,0.0,3,4.3,Monthly,49000000.0,1,1,32.44814579073761,43.8,27.5,56.8,37.62907289536881
C01773,300,205000,61500000,7.2,Business,Large,ISP Partner,3,1,1871358.0,0,,0.0,4,5.2,Annual,63371358.0,2,1,42.62989076005821,63.6,35.6,56.8,47.8949453800291
C01774,50,295000,14750000,9.7,Business,Small,Small Business,1,1,1756665.0,1,VPS,15225058.0,5,7.9,Annual,31731723.0,3,0,20.214006715391736,26.0,63.2,25.8,28.65700335769587
C01776,100,260000,26000000,2.6,Business,Large,ISP Partner,3,1,1240409.0,1,Shared,19424539.0,12,7.8,Monthly,46664948.0,3,1,30.79382029455959,63.6,63.2,56.8,46.116910147279796
C01778,200,220000,44000000,7.1,Government,Large,Government,3,1,899679.0,1,VPS,6386898.0,8,9.7,Annual,51286577.0,3,1,34.068127971037775,63.6,63.2,56.8,47.75406398551888
C01779,100,255000,25500000,8.8,Business,Medium,Small Business,1,0,0.0,1,Dedicated,6345723.0,5,4.8,Monthly,31845723.0,2,0,20.29477284246912,26.0,35.6,26.2,24.61738642123456
C01780,10,360000,3600000,5.8,Business,Small,Small Business,1,1,1079658.0,0,,0.0,4,2.7,Monthly,4679658.0,2,0,1.0483004040268828,26.0,35.6,25.8,14.934150202013441
C01781,200,250000,50000000,2.7,Business,Large,University,2,0,0.0,0,,0.0,4,3.7,Monthly,50000000.0,1,1,33.15662058966202,43.8,27.5,56.8,37.983310294831014
C01783,100,255000,25500000,5.9,Government,Large,Government,3,1,1094495.0,1,Shared,7490187.0,10,9.4,Annual,34084682.0,3,0,21.881018869794097,63.6,63.2,56.8,41.66050943489705
C01784,50,295000,14750000,1.5,Business,Large,Enterprise,2,0,0.0,0,,0.0,1,4.1,Monthly,14750000.0,1,0,8.182883927576842,43.8,27.5,56.8,25.49644196378842
C01785,150,235000,35250000,8.9,Government,Large,Government,3,1,410217.0,1,Shared,13126852.0,11,8.3,Monthly,48787069.0,3,1,32.29728954332784,63.6,63.2,56.8,46.868644771663924
C01786,50,275000,13750000,8.2,Business,Small,Small Business,1,1,775104.0,1,VPS,3249919.0,9,6.3,Annual,17775023.0,3,0,10.326036489243535,26.0,63.2,25.8,23.713018244621768
C01788,100,250000,25000000,4.0,Business,Large,Enterprise,2,1,1873642.0,0,,0.0,5,5.9,Monthly,26873642.0,2,0,16.77217875575828,43.8,35.6,56.8,31.00608937787914
C01790,10,320000,3200000,1.5,Business,Small,Small Business,1,0,0.0,0,,0.0,5,6.3,Monthly,3200000.0,1,0,0.0,26.0,27.5,25.8,13.195
C01792,30,340000,10200000,0.3,Business,Small,Small Business,1,0,0.0,0,,0.0,4,3.5,Monthly,10200000.0,1,0,4.959323592470814,26.0,27.5,25.8,15.674661796235409
C01793,100,250000,25000000,7.8,Business,Large,Enterprise,2,1,1928115.0,1,VPS,12552843.0,5,5.8,Annual,39480958.0,3,0,25.704144423834673,43.8,63.2,56.8,39.61207221191734
C01794,300,210000,63000000,2.1,Business,Medium,Small Business,1,1,676694.0,0,,0.0,3,4.8,Monthly,63676694.0,2,1,42.84621362126259,26.0,35.6,26.2,35.893106810631295
C01795,200,235000,47000000,6.6,Government,Large,Government,3,1,738374.0,1,VPS,4795623.0,9,7.8,Monthly,52533997.0,3,1,34.951893604712055,63.6,63.2,56.8,48.19594680235602
C01796,300,205000,61500000,3.8,Business,Medium,Small Business,1,1,1538508.0,0,,0.0,4,7.6,Monthly,63038508.0,2,1,42.394074923236225,26.0,35.6,26.2,35.66703746161811
C01799,50,280000,14000000,0.4,Business,Large,University,2,1,1370518.0,1,Shared,7312159.0,9,9.0,Monthly,22682677.0,3,0,13.802985670084073,43.8,63.2,56.8,33.66149283504204
C01801,300,245000,73500000,1.8,Business,Large,Enterprise,2,1,1479133.0,0,,0.0,6,10.2,Monthly,74979133.0,2,1,50.853706819142914,43.8,35.6,56.8,48.046853409571455
C01803,150,230000,34500000,4.9,Business,Large,Enterprise,2,0,0.0,1,Dedicated,8794163.0,3,4.1,Monthly,43294163.0,2,0,28.4057040694672,43.8,35.6,56.8,36.8228520347336
C01807,20,335000,6700000,6.4,Business,Small,Small Business,1,0,0.0,0,,0.0,4,4.2,Annual,6700000.0,1,0,2.4796617962354075,26.0,27.5,25.8,14.434830898117703
C01809,200,220000,44000000,1.5,Business,Medium,Small Business,1,1,1617476.0,0,,0.0,3,5.1,Monthly,45617476.0,2,1,30.05171277998065,26.0,35.6,26.2,29.495856389990326
C01810,100,260000,26000000,7.7,Government,Large,Government,3,1,1577802.0,0,,0.0,4,6.4,Annual,27577802.0,2,0,17.271058370168884,63.6,35.6,56.8,35.21552918508444
C01817,150,240000,36000000,9.6,Government,Large,Government,3,1,595760.0,0,,0.0,5,6.7,Annual,36595760.0,2,0,23.660054350927588,63.6,35.6,56.8,38.410027175463796
C01818,50,270000,13500000,5.6,Business,Small,Small Business,1,0,0.0,0,,0.0,4,5.8,Annual,13500000.0,1,0,7.2972904289213405,26.0,27.5,25.8,16.843645214460672
C01819,100,290000,29000000,4.6,Business,Large,Enterprise,2,1,1889573.0,1,Dedicated,19979423.0,11,11.6,Monthly,50868996.0,3,1,33.77228235602813,43.8,63.2,56.8,43.64614117801406
C01820,100,250000,25000000,2.7,Business,Large,ISP Partner,3,1,1747863.0,0,,0.0,7,5.9,Monthly,26747863.0,2,0,16.683067504024365,63.6,35.6,56.8,34.92153375201218
C01822,150,260000,39000000,9.5,Business,Large,Enterprise,2,0,0.0,0,,0.0,0,2.9,Monthly,39000000.0,1,0,25.36339780149359,43.8,27.5,56.8,34.086698900746796
C01824,100,275000,27500000,8.7,Business,Small,Small Business,1,1,843823.0,0,,0.0,2,7.0,Monthly,28343823.0,2,0,17.813764944115754,26.0,35.6,25.8,23.316882472057877
C01829,100,260000,26000000,2.3,Business,Large,Enterprise,2,1,1739509.0,0,,0.0,7,10.6,Monthly,27739509.0,2,0,17.385623704478554,43.8,35.6,56.8,31.312811852239278
C01831,200,220000,83922848,8.1,Government,Large,Government,3,1,499947.0,1,Shared,11605935.0,9,9.1,Annual,96028730.0,3,1,65.7668158211576,63.6,63.2,56.8,63.603407910578795
C01833,100,250000,25000000,6.8,Government,Large,Government,3,1,1328261.0,0,,0.0,5,8.1,Annual,26328261.0,2,0,16.385790061446087,63.6,35.6,56.8,34.77289503072304
C01837,150,270000,40500000,6.5,Business,Small,Small Business,1,0,0.0,0,,0.0,1,4.3,Annual,40500000.0,1,0,26.426109999880193,26.0,27.5,25.8,26.4080549999401
C01839,100,285000,28500000,5.5,Business,Medium,Small Business,1,0,0.0,0,,0.0,4,3.9,Monthly,28500000.0,1,0,17.92441241278737,26.0,27.5,26.2,22.217206206393683
C01840,100,250000,25000000,8.3,Business,Large,ISP Partner,3,1,817105.0,1,Shared,15575352.0,8,6.6,Annual,41392457.0,3,0,27.05839329350387,63.6,63.2,56.8,44.249196646751926
C01842,20,360000,7200000,1.7,Business,Small,Small Business,1,1,478575.0,0,,0.0,4,7.3,Monthly,7678575.0,2,0,3.1729575225928537,26.0,35.6,25.8,15.996478761296427
C01844,100,250000,25000000,5.6,Business,Medium,Small Business,1,1,898062.0,1,VPS,18691852.0,8,8.7,Annual,44589914.0,3,1,29.32371099864829,26.0,63.2,26.2,33.27185549932415
C01845,150,260000,39000000,9.0,Government,Large,Government,3,1,1361131.0,1,VPS,5834354.0,9,9.9,Annual,46195485.0,3,1,30.461217590032145,63.6,63.2,56.8,45.950608795016066
C01848,150,260000,39000000,9.3,Business,Medium,Small Business,1,0,0.0,1,VPS,18568066.0,5,6.7,Annual,57568066.0,2,1,38.51840462725862,26.0,35.6,26.2,33.72920231362931
C01849,50,270000,13500000,2.8,Business,Medium,Small Business,1,1,1130900.0,1,Shared,19973608.0,8,9.7,Monthly,34604508.0,3,0,22.249302490619772,26.0,63.2,26.2,29.734651245309887
C01850,100,260000,26000000,0.5,Government,Large,Government,3,1,1005258.0,0,,0.0,7,7.9,Monthly,27005258.0,2,0,16.865425374893512,63.6,35.6,56.8,35.01271268744676
C01851,100,265000,26500000,7.1,Government,Large,Government,3,0,0.0,1,Dedicated,10129827.0,6,6.6,Annual,36629827.0,2,0,23.684189961902547,63.6,35.6,56.8,38.42209498095127
C01856,100,275000,27500000,4.8,Business,Small,Small Business,1,1,400387.0,1,VPS,11977465.0,8,6.2,Monthly,39877852.0,3,0,25.985333820678974,26.0,63.2,25.8,31.542666910339488
C01857,30,335000,10050000,5.0,Business,Medium,Small Business,1,0,0.0,0,,0.0,4,7.3,Monthly,10050000.0,1,0,4.853052372632154,26.0,27.5,26.2,15.681526186316077
C01859,50,305000,15250000,0.4,Business,Small,Small Business,1,0,0.0,1,VPS,15323920.0,9,4.8,Monthly,30573920.0,2,0,19.393732467772665,26.0,35.6,25.8,24.106866233886333
C01861,30,345000,10350000,3.3,Business,Large,Enterprise,2,1,771433.0,0,,0.0,4,5.2,Monthly,11121433.0,2,0,5.612135651868123,43.8,35.6,56.8,25.42606782593406
C01863,150,245000,36750000,5.6,Business,Medium,Small Business,1,1,561611.0,0,,0.0,2,3.9,Annual,37311611.0,2,0,24.16721674421242,26.0,35.6,26.2,26.55360837210621
C01865,20,335000,6700000,7.2,Business,Small,Small Business,1,0,0.0,0,,0.0,3,4.2,Annual,6700000.0,1,0,2.4796617962354075,26.0,27.5,25.8,14.434830898117703
C01869,100,250000,25000000,4.8,Business,Large,University,2,1,930701.0,0,,0.0,4,3.5,Monthly,25930701.0,2,0,16.104128820385704,43.8,35.6,56.8,30.672064410192853
C01870,50,280000,14000000,1.3,Business,Small,Small Business,1,0,0.0,0,,0.0,3,4.6,Monthly,14000000.0,1,0,7.651527828383542,26.0,27.5,25.8,17.02076391419177
C01873,150,230000,34500000,9.7,Business,Small,Small Business,1,1,1886682.0,0,,0.0,5,5.1,Monthly,36386682.0,2,0,23.51192785691807,26.0,35.6,25.8,26.165963928459036
C01876,300,210000,63000000,3.2,Business,Large,Enterprise,2,1,634413.0,1,VPS,5878375.0,9,10.0,Monthly,69512788.0,3,1,46.9809391444165,43.8,63.2,56.8,50.250469572208246
C01877,50,270000,13500000,9.0,Business,Large,Hospital,3,1,730820.0,0,,0.0,4,3.1,Annual,14230820.0,2,0,7.815057981471273,63.6,35.6,56.8,30.487528990735637
C01879,100,260000,26000000,4.8,Government,Large,Government,3,1,666924.0,1,Dedicated,5789670.0,5,8.0,Monthly,32456594.0,3,0,20.727559551362866,63.6,63.2,56.8,41.083779775681435
C01880,200,230000,46000000,5.0,Business,Small,Small Business,1,0,0.0,1,VPS,4635208.0,5,4.1,Monthly,50635208.0,2,1,33.60664944973719,26.0,35.6,25.8,31.213324724868595
C01881,30,290000,8700000,3.8,Business,Small,Small Business,1,0,0.0,0,,0.0,6,7.7,Monthly,8700000.0,1,0,3.8966113940842115,26.0,27.5,25.8,15.143305697042106
C01882,200,240000,48000000,6.9,Business,Medium,Small Business,1,0,0.0,0,,0.0,0,3.5,Annual,48000000.0,1,1,31.73967099181321,26.0,27.5,26.2,29.124835495906606
C01884,150,230000,34500000,5.1,Business,Medium,Small Business,1,0,0.0,0,,0.0,0,5.4,Annual,34500000.0,1,0,22.175261206333783,26.0,27.5,26.2,24.342630603166892
C01889,30,330000,9900000,6.6,Business,Medium,Small Business,1,1,1826193.0,0,,0.0,5,5.5,Annual,11726193.0,2,0,6.040592871265644,26.0,35.6,26.2,17.49029643563282
C01892,30,305000,9150000,2.4,Business,Medium,Small Business,1,0,0.0,0,,0.0,1,5.3,Monthly,9150000.0,1,0,4.2154250536001925,26.0,27.5,26.2,15.362712526800095
C01893,300,240000,72000000,0.8,Business,Medium,Small Business,1,0,0.0,0,,0.0,2,4.6,Monthly,72000000.0,1,1,48.74306616599886,26.0,27.5,26.2,37.62653308299943
C01894,100,295000,29500000,2.0,Business,Small,Small Business,1,0,0.0,1,VPS,9709510.0,7,7.0,Monthly,39209510.0,2,0,25.511830356616244,26.0,35.6,25.8,27.165915178308122
C01895,200,220000,44000000,5.7,Business,Small,Small Business,1,1,1332975.0,0,,0.0,2,4.8,Monthly,45332975.0,2,1,29.85015099121186,26.0,35.6,25.8,29.33507549560593
C01896,150,230000,34500000,9.6,Government,Large,Government,3,1,424618.0,1,VPS,12119176.0,6,5.0,Annual,47043794.0,3,1,31.062223138232905,63.6,63.2,56.8,46.251111569116446
C01898,150,275000,41250000,0.6,Business,Large,Enterprise,2,1,892976.0,0,,0.0,2,3.9,Monthly,42142976.0,2,0,27.590117091117815,43.8,35.6,56.8,36.41505854555891
C01899,200,220000,44000000,8.2,Business,Large,Enterprise,2,0,0.0,0,,0.0,3,4.0,Annual,44000000.0,1,1,28.9057717961156,43.8,27.5,56.8,35.8578858980578
C01902,20,325000,6500000,5.1,Business,Small,Small Business,1,1,1789646.0,1,Shared,6663018.0,11,16.1,Annual,14952664.0,3,0,8.32646626422606,26.0,63.2,25.8,22.713233132113032
C01903,30,290000,8700000,4.6,Business,Medium,Small Business,1,0,0.0,0,,0.0,0,3.3,Monthly,8700000.0,1,0,3.8966113940842115,26.0,27.5,26.2,15.203305697042106
C01905,50,275000,13750000,7.4,Business,Medium,Small Business,1,1,476842.0,0,,0.0,7,7.3,Monthly,14226842.0,2,0,7.812239668721152,26.0,35.6,26.2,18.376119834360576
C01906,300,200000,60000000,4.3,Government,Large,Government,3,0,0.0,1,VPS,6087838.0,3,4.9,Monthly,66087838.0,2,1,44.55444838184037,63.6,35.6,56.8,48.85722419092018
C01910,150,230000,34500000,3.5,Business,Medium,Small Business,1,1,475654.0,0,,0.0,2,1.2,Monthly,34975654.0,2,0,22.51225007834137,26.0,35.6,26.2,25.726125039170686
C01911,50,270000,13500000,6.2,Business,Medium,Small Business,1,0,0.0,0,,0.0,2,2.8,Annual,13500000.0,1,0,7.2972904289213405,26.0,27.5,26.2,16.90364521446067
C01912,150,250000,37500000,7.4,Business,Small,Small Business,1,1,1075867.0,0,,0.0,5,3.1,Annual,38575867.0,2,0,25.062910259601388,26.0,35.6,25.8,26.941455129800694
C01915,150,245000,36750000,7.5,Business,Large,University,2,1,1913417.0,0,,0.0,3,7.6,Annual,38663417.0,2,0,25.12493722824722,43.8,35.6,56.8,35.18246861412361
C01922,30,295000,8850000,7.2,Business,Medium,Small Business,1,0,0.0,0,,0.0,0,0.7,Annual,8850000.0,1,0,4.002882613922871,26.0,27.5,26.2,15.256441306961435
C01923,10,330000,3300000,8.9,Business,Medium,Small Business,1,1,1442519.0,0,,0.0,8,7.3,Monthly,4742519.0,2,0,1.09283583836207,26.0,35.6,26.2,15.016417919181034
C01925,200,260000,52000000,4.1,Business,Large,Hospital,3,1,882947.0,0,,0.0,2,8.5,Monthly,52882947.0,2,1,35.19911588579673,63.6,35.6,56.8,44.179557942898356
C01927,100,290000,29000000,2.2,Business,Medium,Small Business,1,0,0.0,1,Shared,19857088.0,3,4.2,Monthly,48857088.0,2,1,32.34689624027373,26.0,35.6,26.2,30.643448120136863
C01929,300,215000,64500000,7.3,Business,Medium,Small Business,1,1,1760562.0,0,,0.0,3,8.5,Annual,66260562.0,2,1,44.67681898300979,26.0,35.6,26.2,36.8084094915049
C01930,300,245000,73500000,3.2,Business,Medium,Small Business,1,1,1880902.0,1,Dedicated,5232296.0,9,7.2,Monthly,80613198.0,3,1,54.845299887144925,26.0,63.2,26.2,46.03264994357246
C01931,200,220000,44000000,2.4,Business,Medium,Small Business,1,1,339485.0,0,,0.0,2,2.4,Monthly,44339485.0,2,1,29.146288363228454,26.0,35.6,26.2,29.043144181614228
C01932,20,345000,6900000,1.6,Business,Medium,Small Business,1,0,0.0,0,,0.0,6,3.5,Monthly,6900000.0,1,0,2.6213567560202877,26.0,27.5,26.2,14.565678378010144
C01933,300,210000,63000000,3.4,Business,Large,ISP Partner,3,1,1060330.0,1,Shared,18665896.0,8,8.9,Monthly,82726226.0,3,1,56.342326974566554,63.6,63.2,56.8,58.89116348728328
C01934,150,235000,35250000,8.5,Business,Large,Enterprise,2,0,0.0,0,,0.0,2,6.6,Annual,35250000.0,1,0,22.706617305527086,43.8,27.5,56.8,32.758308652763546
C01935,50,270000,13500000,5.7,Business,Large,Hospital,3,0,0.0,0,,0.0,1,0.0,Annual,13500000.0,1,0,7.2972904289213405,63.6,27.5,56.8,29.01364521446067
C01936,300,200000,60000000,7.8,Business,Small,Small Business,1,0,0.0,0,,0.0,7,10.2,Annual,60000000.0,1,1,40.24136857890604,26.0,27.5,25.8,33.31568428945302
C01937,300,240000,72000000,2.6,Business,Medium,Small Business,1,0,0.0,1,VPS,19545372.0,6,9.8,Monthly,91545372.0,2,1,62.590469663601496,26.0,35.6,26.2,45.76523483180075
C01939,50,305000,15250000,4.1,Business,Medium,Small Business,1,0,0.0,0,,0.0,3,4.3,Monthly,15250000.0,1,0,8.537121327039046,26.0,27.5,26.2,17.523560663519522
C01940,30,310000,9300000,0.4,Business,Small,Small Business,1,0,0.0,1,VPS,17441289.0,6,10.2,Monthly,26741289.0,2,0,16.678409990696238,26.0,35.6,25.8,22.74920499534812
C01942,200,220000,44000000,9.9,Business,Large,ISP Partner,3,1,1697578.0,0,,0.0,4,7.0,Annual,45697578.0,2,1,30.108463028324092,63.6,35.6,56.8,41.63423151416204
C01946,200,275000,55000000,0.4,Business,Small,Small Business,1,1,1321290.0,0,,0.0,7,4.6,Monthly,56321290.0,2,1,37.63509525135485,26.0,35.6,25.8,33.227547625677424
C01948,150,230000,34500000,5.3,Government,Large,Government,3,1,1743345.0,1,Dedicated,12981420.0,10,10.6,Annual,49224765.0,3,1,32.60738612891786,63.6,63.2,56.8,47.023693064458925
C01949,300,240000,72000000,3.0,Business,Small,Small Business,1,1,683403.0,0,,0.0,5,8.1,Monthly,72683403.0,2,1,49.227239969008195,26.0,35.6,25.8,39.023619984504094
C01950,300,205000,61500000,4.7,Government,Large,Government,3,1,1966826.0,1,Shared,17833871.0,7,7.6,Monthly,81300697.0,3,1,55.332375602930654,63.6,63.2,56.8,58.386187801465326
C01952,150,230000,34500000,9.1,Business,Medium,Small Business,1,1,1453838.0,0,,0.0,5,5.1,Annual,35953838.0,2,0,23.205268791052436,26.0,35.6,26.2,26.07263439552622
C01953,150,280000,42000000,2.3,Business,Medium,Small Business,1,0,0.0,0,,0.0,1,3.5,Monthly,42000000.0,1,0,27.4888221982668,26.0,27.5,26.2,26.9994110991334
C01954,150,265000,39750000,7.6,Business,Small,Small Business,1,1,1960607.0,0,,0.0,2,0.0,Monthly,41710607.0,2,0,27.283794550781668,26.0,35.6,25.8,28.051897275390836
C01955,100,265000,26500000,2.0,Government,Large,Government,3,1,1038839.0,1,Dedicated,19807778.0,6,5.2,Monthly,47346617.0,3,1,31.276765602267584,63.6,63.2,56.8,46.358382801133786
C01956,50,305000,15250000,2.2,Business,Large,University,2,1,1549721.0,0,,0.0,5,4.8,Monthly,16799721.0,2,0,9.635059600902967,43.8,35.6,56.8,27.437529800451482
C01959,150,235000,35250000,9.0,Business,Large,University,2,1,1091668.0,1,Dedicated,5273022.0,6,8.0,Monthly,41614690.0,3,0,27.215839773493236,43.8,63.2,56.8,40.36791988674662
C01964,150,265000,39750000,1.6,Business,Large,Enterprise,2,0,0.0,0,,0.0,4,2.6,Monthly,39750000.0,1,0,25.894753900686894,43.8,27.5,56.8,34.35237695034344
C01965,100,250000,25000000,9.9,Business,Large,Hospital,3,1,315138.0,0,,0.0,5,6.2,Monthly,25315138.0,2,0,15.6680179477354,63.6,35.6,56.8,34.4140089738677
C01969,50,295000,14750000,8.2,Business,Small,Small Business,1,1,733521.0,0,,0.0,4,3.8,Annual,15483521.0,2,0,8.70256507055867,26.0,35.6,25.8,18.761282535279335
C01973,100,300000,30000000,3.6,Government,Large,Government,3,1,489417.0,1,VPS,13100175.0,9,8.5,Monthly,43589592.0,3,0,28.615008070838638,63.6,63.2,56.8,45.02750403541931
C01976,50,330000,16500000,1.5,Business,Large,ISP Partner,3,1,1609006.0,0,,0.0,2,2.7,Monthly,18109006.0,2,0,10.562655028012703,63.6,35.6,56.8,31.86132751400635
C01977,100,250000,25000000,6.4,Business,Medium,Small Business,1,0,0.0,0,,0.0,1,1.7,Annual,25000000.0,1,0,15.444750616551964,26.0,27.5,26.2,20.97737530827598
C01978,200,240000,48000000,4.2,Business,Large,University,2,0,0.0,0,,0.0,6,3.7,Monthly,48000000.0,1,1,31.73967099181321,43.8,27.5,56.8,37.2748354959066
C01980,100,290000,29000000,3.7,Business,Large,Enterprise,2,0,0.0,0,,0.0,0,2.2,Monthly,29000000.0,1,0,18.278649812249572,43.8,27.5,56.8,30.544324906124785
C01984,150,235000,35250000,0.2,Business,Medium,Small Business,1,1,584406.0,0,,0.0,4,7.2,Monthly,35834406.0,2,0,23.1206542288673,26.0,35.6,26.2,26.03032711443365
C01985,150,255000,38250000,6.1,Business,Large,Enterprise,2,0,0.0,0,,0.0,0,3.5,Annual,38250000.0,1,0,24.83204170230029,43.8,27.5,56.8,33.821020851150145
C01987,100,250000,25000000,1.8,Business,Large,University,2,1,1877341.0,0,,0.0,6,5.5,Monthly,26877341.0,2,0,16.7747994040395,43.8,35.6,56.8,31.007399702019747
C01990,150,245000,36750000,1.2,Business,Large,Enterprise,2,0,0.0,1,Dedicated,7039742.0,6,6.7,Monthly,43789742.0,2,0,28.756809301843354,43.8,35.6,56.8,36.99840465092168
C01992,50,285000,14250000,6.0,Business,Large,Hospital,3,0,0.0,1,Dedicated,3549590.0,4,7.3,Annual,17799590.0,2,0,10.34344158962871,63.6,35.6,56.8,31.751720794814354
C01996,200,220000,44000000,5.2,Government,Large,Government,3,1,1665632.0,1,VPS,14318984.0,8,5.6,Monthly,59984616.0,3,1,40.23046940259938,63.6,63.2,56.8,50.83523470129968
C01997,150,230000,34500000,9.8,Government,Large,Government,3,1,933922.0,1,Dedicated,7041183.0,9,9.1,Annual,42475105.0,3,0,27.825422117609776,63.6,63.2,56.8,44.63271105880489
C01998,150,260000,39000000,7.9,Business,Small,Small Business,1,0,0.0,0,,0.0,1,5.2,Annual,39000000.0,1,0,25.36339780149359,26.0,27.5,25.8,25.876698900746796
C01999,200,225000,45000000,0.4,Business,Large,Hospital,3,1,1473352.0,1,VPS,17967830.0,7,5.5,Monthly,64441182.0,3,1,43.38783410334271,63.6,63.2,56.8,52.41391705167135
C02000,100,250000,25000000,6.8,Business,Large,ISP Partner,3,1,491523.0,1,Shared,2555503.0,7,5.9,Monthly,28047026.0,3,0,17.603491749219387,63.6,63.2,56.8,39.52174587460969
C02004,10,355000,3550000,9.1,Business,Small,Small Business,1,0,0.0,0,,0.0,0,2.8,Annual,3550000.0,1,0,0.24796617962354084,26.0,27.5,25.8,13.31898308981177
C02007,100,250000,25000000,3.5,Business,Large,ISP Partner,3,1,872107.0,0,,0.0,5,6.4,Monthly,25872107.0,2,0,16.062616448017526,63.6,35.6,56.8,34.611308224008766
C02009,150,250000,37500000,5.1,Business,Small,Small Business,1,0,0.0,0,,0.0,4,3.7,Annual,37500000.0,1,0,24.300685603106988,26.0,27.5,25.8,25.345342801553496
C02013,200,240000,48000000,5.8,Business,Large,ISP Partner,3,1,1503166.0,0,,0.0,7,10.2,Annual,49503166.0,2,1,32.80462622141321,63.6,35.6,56.8,42.9823131107066
C02014,150,255000,38250000,1.7,Government,Large,Government,3,1,1334753.0,0,,0.0,5,6.5,Monthly,39584753.0,2,0,25.777680565589034,63.6,35.6,56.8,39.46884028279452
C02018,150,280000,42000000,2.4,Business,Large,University,2,0,0.0,0,,0.0,4,3.2,Monthly,42000000.0,1,0,27.4888221982668,43.8,27.5,56.8,35.1494110991334
C02019,200,220000,44000000,2.5,Government,Large,Government,3,1,314663.0,1,Shared,6803565.0,10,10.5,Monthly,51118228.0,3,1,33.948856947113654,63.6,63.2,56.8,47.694428473556826
C02021,100,275000,27500000,2.6,Business,Medium,Small Business,1,1,1565800.0,0,,0.0,6,1.1,Monthly,29065800.0,2,0,18.325267454018796,26.0,35.6,26.2,23.6326337270094
C02023,200,220000,44000000,8.4,Business,Large,ISP Partner,3,1,542887.0,1,Dedicated,2124371.0,11,9.7,Annual,46667258.0,3,1,30.795456871345106,63.6,63.2,56.8,46.11772843567255
C02026,200,250000,50000000,4.1,Business,Large,Enterprise,2,0,0.0,0,,0.0,6,4.5,Monthly,50000000.0,1,1,33.15662058966202,43.8,27.5,56.8,37.983310294831014
C02027,300,215000,64500000,7.5,Business,Medium,Small Business,1,0,0.0,0,,0.0,2,4.4,Annual,64500000.0,1,1,43.429505174065845,26.0,27.5,26.2,34.96975258703292
C02031,150,230000,34500000,3.4,Business,Large,Hospital,3,1,491026.0,1,Shared,17781430.0,8,12.4,Monthly,52772456.0,3,1,35.12083579678877,63.6,63.2,56.8,48.280417898394376
C02034,100,270000,27000000,4.0,Business,Medium,Small Business,1,0,0.0,0,,0.0,3,4.7,Monthly,27000000.0,1,0,16.861700214400766,26.0,27.5,26.2,21.685850107200384
C02035,200,235000,47000000,8.8,Business,Large,Enterprise,2,1,1750698.0,0,,0.0,7,11.0,Annual,48750698.0,2,1,32.271521606416165,43.8,35.6,56.8,38.755760803208084
C02037,20,320000,6400000,7.6,Business,Large,University,2,0,0.0,0,,0.0,2,4.9,Annual,6400000.0,1,0,2.2671193565580863,43.8,27.5,56.8,22.538559678279043
C02038,150,235000,35250000,2.7,Business,Large,Enterprise,2,0,0.0,0,,0.0,4,4.9,Monthly,35250000.0,1,0,22.706617305527086,43.8,27.5,56.8,32.758308652763546
C02039,50,310000,15500000,7.1,Business,Medium,Small Business,1,1,1193314.0,0,,0.0,7,7.7,Annual,16693314.0,2,0,9.559672922973817,26.0,35.6,26.2,19.249836461486908
C02040,100,275000,27500000,4.9,Business,Small,Small Business,1,0,0.0,0,,0.0,3,7.2,Monthly,27500000.0,1,0,17.21593761386297,26.0,27.5,25.8,21.802968806931485
C02042,150,265000,39750000,5.5,Business,Medium,Small Business,1,0,0.0,1,VPS,17203868.0,4,9.3,Monthly,56953868.0,2,1,38.08326082270885,26.0,35.6,26.2,33.511630411354425
C02043,200,255000,51000000,5.5,Government,Large,Government,3,1,1566763.0,1,Dedicated,12496807.0,11,8.6,Annual,65063570.0,3,1,43.828780316495674,63.6,63.2,56.8,52.63439015824784
C02044,150,245000,36750000,3.8,Business,Small,Small Business,1,0,0.0,1,VPS,10657659.0,3,0.0,Monthly,47407659.0,2,1,31.32001232094353,26.0,35.6,25.8,30.070006160471767
C02045,200,255000,25500000,8.8,Business,Medium,Small Business,1,1,1069952.0,0,,0.0,6,10.8,Annual,26569952.0,2,0,16.557022044072927,26.0,35.6,26.2,22.748511022036464
C02046,300,200000,60000000,9.1,Business,Large,University,2,1,873165.0,0,,0.0,3,2.8,Annual,60873165.0,2,1,40.85998397670886,43.8,35.6,56.8,43.04999198835442
C02048,100,290000,29000000,6.9,Business,Large,ISP Partner,3,1,1709816.0,1,Shared,16586979.0,8,5.7,Annual,47296795.0,3,1,31.241467970835576,63.6,63.2,56.8,46.340733985417785
C02051,200,230000,46000000,1.6,Business,Large,University,2,0,0.0,0,,0.0,1,8.8,Monthly,46000000.0,1,1,30.322721393964404,43.8,27.5,56.8,36.5663606969822
C02053,150,265000,39750000,9.0,Business,Large,ISP Partner,3,1,1283820.0,1,VPS,10225995.0,6,8.4,Annual,51259815.0,3,1,34.04916776846896,63.6,63.2,56.8,47.74458388423447
C02055,200,225000,45000000,5.6,Business,Medium,Small Business,1,0,0.0,1,VPS,19155313.0,6,4.7,Annual,64155313.0,2,1,43.18530312104899,26.0,35.6,26.2,36.06265156052449
C02056,200,235000,47000000,6.9,Government,Large,Government,3,1,1475883.0,1,Shared,11817881.0,12,10.7,Monthly,60293764.0,3,1,40.449492969737264,63.6,63.2,56.8,50.94474648486863
C02057,150,230000,34500000,7.7,Business,Small,Small Business,1,1,724136.0,0,,0.0,5,5.8,Annual,35224136.0,2,0,22.688293313327705,26.0,35.6,25.8,25.754146656663853
C02058,150,250000,37500000,1.9,Business,Large,Hospital,3,1,1591369.0,0,,0.0,6,5.1,Monthly,39091369.0,2,0,25.428130435396515,63.6,35.6,56.8,39.29406521769826
C02059,200,270000,13500000,3.8,Business,Small,Small Business,1,0,0.0,1,Dedicated,13728753.0,6,6.2,Monthly,27228753.0,2,0,17.02376595007912,26.0,35.6,25.8,22.921882975039562
C02060,150,280000,42000000,1.6,Government,Large,Government,3,1,894045.0,1,VPS,19173185.0,10,10.1,Monthly,62067230.0,3,1,41.70594893748653,63.6,63.2,56.8,51.57297446874327
C02061,200,235000,47000000,8.9,Business,Medium,Small Business,1,1,760565.0,0,,0.0,3,4.1,Annual,47760565.0,2,1,31.57003732833275,26.0,35.6,26.2,30.255018664166375
C02063,100,275000,27500000,5.5,Business,Medium,Small Business,1,1,1465070.0,1,VPS,8002273.0,6,6.4,Annual,36967343.0,3,0,23.923311542136315,26.0,63.2,26.2,30.57165577106816
C02064,50,270000,13500000,7.7,Business,Small,Small Business,1,0,0.0,0,,0.0,2,5.7,Annual,13500000.0,1,0,7.2972904289213405,26.0,27.5,25.8,16.843645214460672
C02066,300,240000,72000000,4.0,Business,Large,ISP Partner,3,1,1792670.0,1,Shared,14365779.0,8,8.1,Monthly,88158449.0,3,1,60.190920072204065,63.6,63.2,56.8,60.815460036102024
C02068,100,255000,25500000,9.5,Government,Large,Government,3,1,1506023.0,1,Dedicated,14275341.0,10,5.9,Annual,41281364.0,3,0,26.97968670266696,63.6,63.2,56.8,44.209843351333475
C02069,300,245000,73500000,2.2,Business,Large,Enterprise,2,0,0.0,1,Dedicated,15036593.0,5,2.8,Monthly,88536593.0,2,1,60.458825566568535,43.8,35.6,56.8,52.849412783284265
C02070,300,240000,72000000,1.3,Business,Large,ISP Partner,3,1,353246.0,0,,0.0,9,9.1,Monthly,72353246.0,2,1,48.99333205481971,63.6,35.6,56.8,51.07666602740986
C02079,150,230000,34500000,7.8,Business,Medium,Small Business,1,1,1599451.0,0,,0.0,3,4.6,Annual,36099451.0,2,0,23.308431931948217,26.0,35.6,26.2,26.12421596597411
C02081,100,260000,26000000,7.2,Government,Large,Government,3,0,0.0,1,Dedicated,3890996.0,10,6.6,Annual,29890996.0,2,0,18.909898024192017,63.6,35.6,56.8,36.03494901209601
C02083,200,230000,46000000,3.5,Business,Large,Enterprise,2,1,822822.0,0,,0.0,4,5.0,Monthly,46822822.0,2,1,30.90567004496498,43.8,35.6,56.8,38.072835022482494
C02084,200,220000,44000000,10.0,Business,Large,University,2,1,1908541.0,0,,0.0,5,2.6,Annual,45908541.0,2,1,30.257924997329578,43.8,35.6,56.8,37.74896249866479
C02085,300,200000,60000000,2.6,Business,Large,Enterprise,2,0,0.0,0,,0.0,3,5.6,Monthly,60000000.0,1,1,40.24136857890604,43.8,27.5,56.8,41.525684289453025
C02086,100,255000,25500000,6.3,Business,Medium,Small Business,1,1,1221434.0,1,Shared,11780631.0,5,8.5,Annual,38502065.0,3,0,25.01062340249117,26.0,63.2,26.2,31.115311701245584
C02087,150,230000,34500000,3.7,Business,Large,University,2,1,1496271.0,1,Shared,9570997.0,7,10.0,Monthly,45567268.0,3,1,30.01614167727625,43.8,63.2,56.8,41.768070838638124
C02089,100,285000,28500000,1.9,Business,Large,ISP Partner,3,1,1306517.0,1,Dedicated,14025303.0,7,4.3,Monthly,43831820.0,3,0,28.786620504432495,63.6,63.2,56.8,45.11331025221625
C02091,150,230000,34500000,4.7,Business,Medium,Small Business,1,0,0.0,0,,0.0,1,3.8,Monthly,34500000.0,1,0,22.175261206333783,26.0,27.5,26.2,24.342630603166892
C02094,20,300000,6000000,8.6,Business,Medium,Small Business,1,0,0.0,0,,0.0,4,8.5,Annual,6000000.0,1,0,1.9837294369883258,26.0,27.5,26.2,14.246864718494162
C02096,50,295000,14750000,1.9,Business,Small,Small Business,1,0,0.0,1,Shared,2738604.0,8,8.2,Monthly,17488604.0,2,0,10.123115845810407,26.0,35.6,25.8,19.471557922905205
C02098,50,270000,13500000,7.2,Business,Small,Small Business,1,0,0.0,0,,0.0,0,3.2,Annual,13500000.0,1,0,7.2972904289213405,26.0,27.5,25.8,16.843645214460672
C02105,150,250000,37500000,4.8,Business,Large,Enterprise,2,0,0.0,1,VPS,14848732.0,6,8.9,Monthly,52348732.0,2,1,34.82063802108932,43.8,35.6,56.8,40.03031901054466
C02106,200,255000,51000000,1.1,Business,Large,Hospital,3,1,1756861.0,0,,0.0,3,5.4,Monthly,52756861.0,2,1,35.109787132299545,63.6,35.6,56.8,44.13489356614977
C02107,150,230000,34500000,9.8,Business,Large,Hospital,3,1,1394385.0,1,Shared,4629337.0,7,8.1,Annual,40523722.0,3,0,26.44291643906028,63.6,63.2,56.8,43.94145821953013
C02108,150,230000,34500000,1.8,Business,Small,Small Business,1,0,0.0,1,VPS,10364621.0,3,5.3,Monthly,44864621.0,2,1,29.518333985236417,26.0,35.6,25.8,29.16916699261821
C02110,20,330000,17042542,4.4,Business,Small,Small Business,1,1,1217805.0,0,,0.0,3,0.0,Monthly,18260347.0,2,0,10.66987631255672,26.0,35.6,25.8,19.744938156278362
C02111,150,245000,36750000,8.1,Business,Large,University,2,1,1758710.0,0,,0.0,6,5.5,Monthly,38508710.0,2,0,25.015331217530022,43.8,35.6,56.8,35.127665608765014
C02112,100,250000,25000000,9.0,Business,Medium,Small Business,1,0,0.0,1,Shared,4074808.0,4,5.7,Annual,29074808.0,2,0,18.33164939500751,26.0,35.6,26.2,23.635824697503754
C02113,100,250000,25000000,9.5,Business,Small,Small Business,1,0,0.0,0,,0.0,4,5.4,Monthly,25000000.0,1,0,15.444750616551964,26.0,27.5,25.8,20.917375308275982
C02115,100,285000,28500000,5.5,Business,Large,University,2,1,1724392.0,0,,0.0,3,6.8,Monthly,30224392.0,2,0,19.14610068825422,43.8,35.6,56.8,32.19305034412711
C02116,100,250000,25000000,5.9,Government,Large,Government,3,1,882008.0,0,,0.0,2,0.0,Annual,25882008.0,2,0,16.06963105700168,63.6,35.6,56.8,34.61481552850084
C02121,150,260000,39000000,9.4,Business,Large,Enterprise,2,1,1841479.0,0,,0.0,3,6.4,Annual,40841479.0,2,0,26.668039265742102,43.8,35.6,56.8,35.95401963287105
C02126,200,220000,44000000,9.7,Business,Large,ISP Partner,3,0,0.0,0,,0.0,0,2.4,Annual,44000000.0,1,1,28.9057717961156,63.6,27.5,56.8,39.817885898057796
C02128,300,200000,60000000,6.6,Government,Large,Government,3,1,1694359.0,1,Dedicated,8030834.0,6,5.5,Monthly,69725193.0,3,1,47.13142273408204,63.6,63.2,56.8,54.28571136704102
C02130,50,315000,15750000,0.5,Business,Medium,Small Business,1,1,971904.0,0,,0.0,7,6.5,Monthly,16721904.0,2,0,9.579928217475068,26.0,35.6,26.2,19.259964108737535
C02131,300,215000,64500000,3.5,Business,Large,Enterprise,2,0,0.0,0,,0.0,0,0.7,Monthly,64500000.0,1,1,43.429505174065845,43.8,27.5,56.8,43.11975258703292
C02133,200,220000,44000000,9.3,Business,Large,Hospital,3,1,1909965.0,1,VPS,2702117.0,10,7.9,Annual,48612082.0,3,1,32.17331566368846,63.6,63.2,56.8,46.806657831844234
C02135,300,200000,60000000,5.2,Government,Large,Government,3,1,1185196.0,0,,0.0,5,6.2,Annual,61185196.0,2,1,41.081050076692044,63.6,35.6,56.8,47.12052503834602
C02138,30,310000,9300000,8.6,Business,Large,ISP Partner,3,1,1417139.0,1,VPS,3370961.0,8,7.7,Annual,14088100.0,3,0,7.713944458168782,63.6,63.2,56.8,34.57697222908439
C02139,100,305000,30500000,3.3,Business,Large,ISP Partner,3,1,1218884.0,1,Dedicated,12537066.0,6,8.2,Monthly,44255950.0,3,1,29.087105920900303,63.6,63.2,56.8,45.263552960450156
C02140,150,250000,37500000,1.6,Business,Medium,Small Business,1,1,1634333.0,0,,0.0,3,7.3,Monthly,39134333.0,2,0,25.458569346657505,26.0,35.6,26.2,27.19928467332875
C02143,300,235000,70500000,3.1,Business,Small,Small Business,1,0,0.0,1,VPS,17732796.0,3,6.6,Monthly,88232796.0,2,1,60.2435930480797,26.0,35.6,25.8,44.531796524039855
C02145,200,220000,44000000,0.6,Government,Large,Government,3,1,445098.0,1,Shared,8633590.0,6,3.2,Monthly,53078688.0,3,1,35.337793451412985,63.6,63.2,56.8,48.38889672570649
C02146,100,260000,26000000,1.2,Government,Large,Government,3,1,1562452.0,0,,0.0,3,4.2,Monthly,27562452.0,2,0,17.260183282005396,63.6,35.6,56.8,35.2100916410027
C02151,20,300000,6000000,8.3,Business,Medium,Small Business,1,0,0.0,0,,0.0,6,5.7,Annual,6000000.0,1,0,1.9837294369883258,26.0,27.5,26.2,14.246864718494162
C02154,50,270000,13500000,4.8,Business,Small,Small Business,1,1,1633155.0,0,,0.0,4,4.8,Monthly,15133155.0,2,0,8.454339589158725,26.0,35.6,25.8,18.637169794579364
C02155,50,290000,14500000,6.6,Business,Small,Small Business,1,1,1706183.0,0,,0.0,2,4.5,Monthly,16206183.0,2,0,9.214552885698975,26.0,35.6,25.8,19.01727644284949
C02156,100,250000,25000000,5.5,Business,Large,Enterprise,2,0,0.0,0,,0.0,0,3.0,Annual,25000000.0,1,0,15.444750616551964,43.8,27.5,56.8,29.127375308275983
C02157,200,255000,51000000,0.3,Business,Medium,Small Business,1,1,649822.0,0,,0.0,8,5.8,Monthly,51649822.0,2,1,34.32547789937307,26.0,35.6,26.2,31.632738949686534
C02159,30,295000,8850000,3.4,Business,Medium,Small Business,1,0,0.0,0,,0.0,4,5.6,Monthly,8850000.0,1,0,4.002882613922871,26.0,27.5,26.2,15.256441306961435
C02160,50,270000,13500000,4.1,Business,Small,Small Business,1,1,1070959.0,0,,0.0,4,5.5,Monthly,14570959.0,2,0,8.05603789110262,26.0,35.6,25.8,18.43801894555131
C02162,150,230000,34500000,9.9,Business,Medium,Small Business,1,1,473494.0,0,,0.0,5,5.7,Annual,34973494.0,2,0,22.510719772775694,26.0,35.6,26.2,25.725359886387846
C02163,50,290000,14500000,7.5,Business,Small,Small Business,1,0,0.0,0,,0.0,5,4.4,Annual,14500000.0,1,0,8.005765227845743,26.0,27.5,25.8,17.19788261392287
C02164,150,265000,39750000,1.4,Business,Large,ISP Partner,3,1,1445890.0,1,VPS,4591815.0,10,11.0,Monthly,45787705.0,3,1,30.172315736526752,63.6,63.2,56.8,45.80615786826337
C02165,200,230000,46000000,9.5,Business,Medium,Small Business,1,1,1299794.0,0,,0.0,4,1.0,Annual,47299794.0,2,1,31.243592686757548,26.0,35.6,26.2,30.091796343378775
C02167,200,250000,50000000,3.0,Business,Large,Enterprise,2,0,0.0,0,,0.0,4,3.8,Monthly,50000000.0,1,1,33.15662058966202,43.8,27.5,56.8,37.983310294831014
C02169,150,230000,34500000,5.4,Government,Large,Government,3,1,331518.0,1,Shared,14911389.0,8,12.3,Monthly,49742907.0,3,1,32.97447667818215,63.6,63.2,56.8,47.20723833909108
C02170,150,250000,37500000,7.0,Business,Medium,Small Business,1,1,1007046.0,0,,0.0,4,7.4,Annual,38507046.0,2,0,25.014152315464614,26.0,35.6,26.2,26.977076157732306
C02172,200,235000,47000000,1.4,Government,Large,Government,3,1,1276269.0,1,VPS,6761213.0,9,9.0,Monthly,55037482.0,3,1,36.72554963669731,63.6,63.2,56.8,49.08277481834865
C02173,200,255000,51000000,4.2,Business,Large,Enterprise,2,0,0.0,0,,0.0,4,2.6,Monthly,51000000.0,1,1,33.86509538858642,43.8,27.5,56.8,38.33754769429321
C02175,20,330000,6600000,8.4,Business,Small,Small Business,1,1,349030.0,0,,0.0,4,7.7,Annual,6949030.0,2,0,2.6560932754115507,26.0,35.6,25.8,15.738046637705775
C02176,100,275000,27500000,8.7,Business,Large,University,2,1,876574.0,1,Shared,7872894.0,9,4.5,Annual,36249468.0,3,0,23.41471519585846,43.8,63.2,56.8,38.46735759792923
C02178,300,225000,67500000,1.2,Business,Large,Enterprise,2,0,0.0,0,,0.0,5,3.1,Monthly,67500000.0,1,1,45.55492957083905,43.8,27.5,56.8,44.182464785419526
C02179,150,255000,38250000,3.8,Government,Large,Government,3,1,1026843.0,1,Dedicated,7432785.0,10,9.2,Monthly,46709628.0,3,1,30.82547494857553,63.6,63.2,56.8,46.132737474287765
C02180,200,220000,44000000,1.2,Business,Medium,Small Business,1,0,0.0,0,,0.0,4,4.5,Monthly,44000000.0,1,1,28.9057717961156,26.0,27.5,26.2,27.7078858980578
C02182,300,200000,60000000,1.9,Government,Large,Government,3,1,1822922.0,0,,0.0,6,9.1,Monthly,61822922.0,2,1,41.53286287631091,63.6,35.6,56.8,47.34643143815545
C02184,150,230000,34500000,3.5,Business,Small,Small Business,1,1,1178605.0,0,,0.0,6,7.1,Monthly,35678605.0,2,0,23.010273146720078,26.0,35.6,25.8,25.91513657336004
C02185,100,250000,25000000,4.7,Business,Medium,Small Business,1,0,0.0,0,,0.0,0,1.3,Monthly,25000000.0,1,0,15.444750616551964,26.0,27.5,26.2,20.97737530827598
C02186,100,270000,27000000,9.8,Business,Medium,Small Business,1,0,0.0,0,,0.0,3,5.5,Annual,27000000.0,1,0,16.861700214400766,26.0,27.5,26.2,21.685850107200384
C02189,50,270000,13500000,4.5,Business,Small,Small Business,1,0,0.0,0,,0.0,3,3.2,Monthly,13500000.0,1,0,7.2972904289213405,26.0,27.5,25.8,16.843645214460672
C02190,150,230000,34500000,2.5,Business,Medium,Small Business,1,0,0.0,0,,0.0,3,5.2,Monthly,34500000.0,1,0,22.175261206333783,26.0,27.5,26.2,24.342630603166892
C02191,100,290000,29000000,0.6,Business,Small,Small Business,1,1,1630585.0,0,,0.0,2,5.0,Monthly,30630585.0,2,0,19.43387819225372,26.0,35.6,25.8,24.12693909612686
C02193,200,220000,44000000,2.0,Business,Large,Enterprise,2,1,610606.0,1,Dedicated,18561630.0,7,7.3,Monthly,63172236.0,3,1,42.48881784114679,43.8,63.2,56.8,48.0044089205734
C02197,50,275000,13750000,7.1,Business,Medium,Small Business,1,0,0.0,1,Dedicated,7762381.0,8,4.1,Annual,21512381.0,2,0,12.973860446802039,26.0,35.6,26.2,20.95693022340102
C02198,100,290000,29000000,0.8,Business,Small,Small Business,1,0,0.0,0,,0.0,6,8.7,Monthly,29000000.0,1,0,18.278649812249572,26.0,27.5,25.8,22.334324906124788
C02199,200,245000,49000000,1.6,Business,Large,ISP Partner,3,1,684222.0,1,Dedicated,11939784.0,6,6.7,Monthly,61624006.0,3,1,41.39193590320806,63.6,63.2,56.8,51.41596795160403
C02200,30,330000,9900000,4.6,Business,Small,Small Business,1,0,0.0,0,,0.0,6,5.6,Monthly,9900000.0,1,0,4.746781152793494,26.0,27.5,25.8,15.568390576396748
C02201,100,255000,25500000,4.8,Government,Large,Government,3,1,898667.0,1,Dedicated,14588175.0,11,9.2,Monthly,40986842.0,3,0,26.771025287938148,63.6,63.2,56.8,44.10551264396908
C02203,150,290000,43500000,0.6,Business,Large,Hospital,3,1,911348.0,1,Shared,5509841.0,5,4.7,Monthly,49921189.0,3,1,33.10078498228399,63.6,63.2,56.8,47.27039249114199
C02204,200,275000,27500000,0.2,Business,Medium,Small Business,1,1,469774.0,0,,0.0,5,3.8,Monthly,27969774.0,2,0,17.54876065405288,26.0,35.6,26.2,23.24438032702644
C02206,100,265000,26500000,8.2,Business,Large,Enterprise,2,0,0.0,0,,0.0,4,7.9,Annual,26500000.0,1,0,16.507462814938567,43.8,27.5,56.8,29.658731407469283
C02208,100,280000,28000000,4.1,Business,Large,Hospital,3,1,401091.0,0,,0.0,4,10.9,Monthly,28401091.0,2,0,17.85433787890056,63.6,35.6,56.8,35.50716893945028
C02210,100,275000,27500000,9.4,Business,Large,ISP Partner,3,1,1313531.0,1,Dedicated,3750910.0,9,5.5,Annual,32564441.0,3,0,20.803966433002465,63.6,63.2,56.8,41.121983216501235
C02211,20,315000,6300000,3.5,Business,Large,ISP Partner,3,1,1012251.0,0,,0.0,2,4.7,Monthly,7312251.0,2,0,2.9134262003516715,63.6,35.6,56.8,28.036713100175835
C02212,300,215000,64500000,4.5,Business,Small,Small Business,1,1,1133062.0,1,Dedicated,8721532.0,8,9.7,Monthly,74354594.0,3,1,50.41123667669746,26.0,63.2,25.8,43.75561833834873
C02213,200,220000,44000000,9.4,Business,Medium,Small Business,1,1,1326006.0,0,,0.0,3,5.9,Annual,45326006.0,2,1,29.845213630338154,26.0,35.6,26.2,29.392606815169078
C02216,300,200000,60000000,7.6,Government,Large,Government,3,1,1906940.0,1,Shared,5096182.0,7,6.1,Annual,67003122.0,3,1,45.20290402969909,63.6,63.2,56.8,53.32145201484954
C02217,200,225000,45000000,6.2,Business,Large,ISP Partner,3,1,1729340.0,1,VPS,17678867.0,9,7.5,Annual,64408207.0,3,1,43.36447214684818,63.6,63.2,56.8,52.40223607342409
C02218,150,235000,35250000,1.3,Business,Medium,Small Business,1,1,1333288.0,0,,0.0,4,4.2,Monthly,36583288.0,2,0,23.651218253235402,26.0,35.6,26.2,26.295609126617702
C02221,300,200000,60000000,7.7,Business,Large,Enterprise,2,0,0.0,0,,0.0,5,6.4,Annual,60000000.0,1,1,40.24136857890604,43.8,27.5,56.8,41.525684289453025
C02222,100,250000,25000000,7.7,Business,Medium,Small Business,1,1,1871344.0,0,,0.0,7,8.7,Monthly,26871344.0,2,0,16.77055068067035,26.0,35.6,26.2,22.855275340335176
C02224,200,220000,44000000,9.0,Business,Medium,Small Business,1,1,745805.0,0,,0.0,2,4.9,Annual,44745805.0,2,1,29.434155843527417,26.0,35.6,26.2,29.18707792176371
C02226,50,325000,16250000,1.2,Business,Medium,Small Business,1,1,1827259.0,0,,0.0,4,4.5,Monthly,18077259.0,2,0,10.54016307857125,26.0,35.6,26.2,19.740081539285626
C02229,100,275000,27500000,7.9,Business,Medium,Small Business,1,0,0.0,0,,0.0,4,2.6,Annual,27500000.0,1,0,17.21593761386297,26.0,27.5,26.2,21.862968806931484
C02230,150,270000,40500000,6.7,Business,Large,University,2,0,0.0,0,,0.0,0,5.9,Annual,40500000.0,1,0,26.426109999880193,43.8,27.5,56.8,34.6180549999401
C02231,150,230000,34500000,3.2,Business,Medium,Small Business,1,1,413217.0,1,VPS,12622612.0,8,8.5,Monthly,47535829.0,3,1,31.41081753592167,26.0,63.2,26.2,34.31540876796083
C02234,100,250000,25000000,8.9,Government,Large,Government,3,1,311356.0,1,VPS,5551478.0,9,8.4,Annual,30862834.0,3,0,19.59842075582911,63.6,63.2,56.8,40.519210377914554
C02240,200,235000,47000000,2.7,Business,Small,Small Business,1,0,0.0,1,VPS,6762848.0,6,3.4,Monthly,53762848.0,2,1,35.822503569845104,26.0,35.6,25.8,32.32125178492255
C02241,100,250000,25000000,1.8,Government,Large,Government,3,1,395995.0,0,,0.0,3,3.3,Monthly,25395995.0,2,0,15.725303094552032,63.6,35.6,56.8,34.442651547276014
C02242,150,245000,36750000,7.5,Business,Large,Hospital,3,1,550029.0,1,Shared,12630726.0,7,5.3,Annual,49930755.0,3,1,33.1075622522105,63.6,63.2,56.8,47.27378112610525
C02247,30,300000,9000000,8.8,Business,Small,Small Business,1,1,577147.0,1,VPS,12392889.0,5,4.9,Annual,21970036.0,3,0,13.298097480903788,26.0,63.2,25.8,25.199048740451897
C02250,10,355000,3550000,1.6,Business,Large,University,2,0,0.0,0,,0.0,7,9.7,Monthly,3550000.0,1,0,0.24796617962354084,43.8,27.5,56.8,21.52898308981177
C02251,200,225000,45000000,4.6,Government,Large,Government,3,1,1597058.0,1,VPS,6645223.0,9,12.1,Monthly,53242281.0,3,1,35.45369496919343,63.6,63.2,56.8,48.44684748459672
C02252,300,245000,73500000,1.2,Government,Large,Government,3,1,744867.0,0,,0.0,8,6.0,Monthly,74244867.0,2,1,50.33349786243589,63.6,35.6,56.8,51.74674893121794
C02255,30,315000,9450000,8.2,Business,Medium,Small Business,1,0,0.0,0,,0.0,0,1.6,Annual,9450000.0,1,0,4.427967493277513,26.0,27.5,26.2,15.468983746638756
C02256,100,275000,27500000,7.9,Business,Small,Small Business,1,0,0.0,0,,0.0,3,5.0,Annual,27500000.0,1,0,17.21593761386297,26.0,27.5,25.8,21.802968806931485
C02257,50,270000,13500000,5.6,Business,Small,Small Business,1,1,638614.0,0,,0.0,6,5.8,Annual,14138614.0,2,0,7.749732354161648,26.0,35.6,25.8,18.284866177080826
C02258,200,260000,52000000,0.8,Government,Large,Government,3,1,705904.0,1,Dedicated,18175891.0,7,7.1,Monthly,70881795.0,3,1,47.950846103467605,63.6,63.2,56.8,54.6954230517338
C02259,200,255000,51000000,1.0,Business,Small,Small Business,1,0,0.0,0,,0.0,0,1.7,Monthly,51000000.0,1,1,33.86509538858642,26.0,27.5,25.8,30.12754769429321
C02260,100,255000,25500000,3.1,Business,Large,Enterprise,2,1,786546.0,1,VPS,14909752.0,9,6.3,Monthly,41196298.0,3,0,26.919419585421657,43.8,63.2,56.8,40.21970979271083
C02262,300,215000,64500000,8.1,Business,Small,Small Business,1,1,533799.0,0,,0.0,4,5.0,Annual,65033799.0,2,1,43.8076883132569,26.0,35.6,25.8,36.31384415662844
C02264,100,260000,26000000,8.9,Government,Large,Government,3,1,948661.0,1,VPS,19988341.0,5,3.1,Monthly,46937002.0,3,1,30.986563697506167,63.6,63.2,56.8,46.213281848753084
C02265,150,280000,42000000,4.8,Business,Large,Hospital,3,0,0.0,0,,0.0,4,1.7,Monthly,42000000.0,1,0,27.4888221982668,63.6,27.5,56.8,39.109411099133396
C02268,100,265000,26500000,8.3,Government,Large,Government,3,1,579830.0,1,VPS,7364544.0,9,6.8,Monthly,34444374.0,3,0,22.135851587168816,63.6,63.2,56.8,41.78792579358441
C02269,50,270000,13500000,3.5,Business,Large,University,2,0,0.0,0,,0.0,4,8.2,Monthly,13500000.0,1,0,7.2972904289213405,43.8,27.5,56.8,25.05364521446067
C02270,100,265000,26500000,1.1,Business,Medium,Small Business,1,1,396145.0,0,,0.0,7,8.0,Monthly,26896145.0,2,0,16.788121564158473,26.0,35.6,26.2,22.864060782079235
C02272,300,200000,60000000,7.6,Government,Large,Government,3,1,330609.0,1,Shared,3687666.0,8,8.8,Annual,64018275.0,3,1,43.08821515155399,63.6,63.2,56.8,52.26410757577699
C02275,100,250000,25000000,6.3,Business,Medium,Small Business,1,1,332733.0,0,,0.0,3,1.1,Monthly,25332733.0,2,0,15.680483561822477,26.0,35.6,26.2,22.310241780911237
C02278,20,350000,7000000,6.2,Business,Small,Small Business,1,1,1270513.0,1,Shared,6226707.0,10,11.1,Annual,14497220.0,3,0,8.003795667904733,26.0,63.2,25.8,22.551897833952367
C02281,200,220000,44000000,6.6,Business,Large,ISP Partner,3,1,1252661.0,1,VPS,8759853.0,8,7.0,Monthly,54012514.0,3,1,35.99938563899337,63.6,63.2,56.8,48.719692819496686
C02286,20,325000,6500000,3.7,Business,Small,Small Business,1,1,1155894.0,1,VPS,6248579.0,9,5.8,Monthly,13904473.0,3,0,7.583849356266691,26.0,63.2,25.8,22.34192467813335
C02287,150,230000,34500000,5.3,Business,Small,Small Business,1,1,1438538.0,1,VPS,19437296.0,9,7.9,Annual,55375834.0,3,1,36.96526350186298,26.0,63.2,25.8,37.032631750931486
C02288,300,200000,60000000,7.5,Government,Large,Government,3,0,0.0,0,,0.0,0,1.6,Annual,60000000.0,1,1,40.24136857890604,63.6,27.5,56.8,45.48568428945302
C02292,150,280000,42000000,3.1,Business,Medium,Small Business,1,0,0.0,0,,0.0,0,1.8,Monthly,42000000.0,1,0,27.4888221982668,26.0,27.5,26.2,26.9994110991334
C02293,30,290000,8700000,5.9,Business,Small,Small Business,1,1,682148.0,1,Dedicated,14758244.0,10,7.6,Annual,24140392.0,3,0,14.835740011598155,26.0,63.2,25.8,25.967870005799078
C02294,150,275000,41250000,6.2,Business,Small,Small Business,1,0,0.0,0,,0.0,1,5.0,Annual,41250000.0,1,0,26.957466099073496,26.0,27.5,25.8,26.67373304953675
C02298,300,200000,60000000,9.0,Government,Large,Government,3,0,0.0,1,VPS,6925706.0,6,7.8,Annual,66925706.0,2,1,45.14805674466556,63.6,35.6,56.8,49.154028372332775
C02299,100,285000,28500000,0.6,Business,Small,Small Business,1,0,0.0,0,,0.0,2,0.7,Monthly,28500000.0,1,0,17.92441241278737,26.0,27.5,25.8,22.157206206393685
C02300,100,280000,28000000,0.9,Business,Medium,Small Business,1,0,0.0,1,Shared,5215775.0,6,6.0,Monthly,33215775.0,2,0,21.265420157685092,26.0,35.6,26.2,25.102710078842545
C02301,300,225000,67500000,2.3,Government,Large,Government,3,1,1464861.0,1,Dedicated,8563787.0,7,5.6,Monthly,77528648.0,3,1,52.65997394612266,63.6,63.2,56.8,57.04998697306132
C02303,30,305000,9150000,9.7,Business,Large,ISP Partner,3,1,923082.0,1,Shared,12777114.0,10,6.1,Annual,22850196.0,3,0,13.92166865992509,63.6,63.2,56.8,37.68083432996254
C02304,20,300000,11337766,4.2,Business,Small,Small Business,1,0,0.0,1,VPS,5435742.0,9,9.0,Monthly,16773508.0,2,0,9.616488350998761,26.0,35.6,25.8,19.218244175499382
C02305,200,240000,48000000,3.9,Business,Large,Enterprise,2,0,0.0,0,,0.0,2,3.1,Monthly,48000000.0,1,1,31.73967099181321,43.8,27.5,56.8,37.2748354959066
C02308,300,200000,60000000,3.3,Business,Large,Enterprise,2,1,1644176.0,0,,0.0,4,2.9,Monthly,61644176.0,2,1,41.40622583990237,43.8,35.6,56.8,43.323112919951186
C02310,150,235000,35250000,8.6,Government,Large,Government,3,1,1562247.0,1,Shared,19324839.0,5,7.7,Annual,56137086.0,3,1,37.50459135949378,63.6,63.2,56.8,49.47229567974689
C02311,50,285000,14250000,3.1,Business,Small,Small Business,1,0,0.0,0,,0.0,2,2.8,Monthly,14250000.0,1,0,7.828646528114642,26.0,27.5,25.8,17.10932326405732
C02312,150,260000,39000000,1.1,Government,Large,Government,3,1,891979.0,1,Shared,17506340.0,9,8.9,Monthly,57398319.0,3,1,38.3981431555656,63.6,63.2,56.8,49.9190715777828
C02313,100,290000,29000000,5.8,Government,Large,Government,3,1,1499388.0,1,Dedicated,11947416.0,8,5.5,Monthly,42446804.0,3,0,27.805371572325416,63.6,63.2,56.8,44.622685786162705
C02318,30,320000,9600000,6.0,Business,Small,Small Business,1,0,0.0,1,Dedicated,8102577.0,4,1.4,Monthly,17702577.0,2,0,10.274710323960658,26.0,35.6,25.8,19.54735516198033
C02324,100,285000,28500000,8.0,Business,Large,University,2,1,608959.0,0,,0.0,2,4.4,Annual,29108959.0,2,0,18.355844517865574,43.8,35.6,56.8,31.797922258932786
C02325,100,250000,25000000,5.2,Business,Large,Hospital,3,1,628783.0,1,Dedicated,11817022.0,6,5.7,Annual,37445805.0,3,0,24.26228981137928,63.6,63.2,56.8,42.85114490568964
C02328,200,220000,44000000,9.5,Business,Small,Small Business,1,1,1160974.0,0,,0.0,3,4.5,Annual,45160974.0,2,1,29.72829261732206,26.0,35.6,25.8,29.27414630866103
C02329,200,240000,48000000,6.4,Business,Small,Small Business,1,0,0.0,0,,0.0,1,4.3,Annual,48000000.0,1,1,31.73967099181321,26.0,27.5,25.8,29.064835495906607
C02330,150,250000,37500000,9.2,Government,Large,Government,3,1,1021239.0,1,Dedicated,10856325.0,10,10.0,Annual,49377564.0,3,1,32.715640369718706,63.6,63.2,56.8,47.07782018485935
C02332,50,280000,14000000,7.2,Business,Medium,Small Business,1,0,0.0,0,,0.0,3,8.8,Annual,14000000.0,1,0,7.651527828383542,26.0,27.5,26.2,17.08076391419177
C02333,30,300000,9000000,2.3,Business,Large,University,2,1,1583443.0,0,,0.0,4,4.7,Monthly,10583443.0,2,0,5.230983294794784,43.8,35.6,56.8,25.235491647397392
C02336,100,275000,27500000,0.6,Government,Large,Government,3,0,0.0,1,VPS,11844538.0,5,6.7,Monthly,39344538.0,2,0,25.60749429176541,63.6,35.6,56.8,39.38374714588271
C02340,50,310000,15500000,1.6,Business,Medium,Small Business,1,0,0.0,0,,0.0,6,5.8,Monthly,15500000.0,1,0,8.714240026770145,26.0,27.5,26.2,17.612120013385073
C02342,100,260000,26000000,2.7,Business,Small,Small Business,1,0,0.0,0,,0.0,3,6.0,Monthly,26000000.0,1,0,16.153225415476367,26.0,27.5,25.8,21.271612707738186
C02343,50,310000,15500000,1.9,Business,Large,Hospital,3,1,1846314.0,0,,0.0,3,7.9,Monthly,17346314.0,2,0,10.022306966671454,63.6,35.6,56.8,31.591153483335727
C02344,100,285000,28500000,1.4,Business,Small,Small Business,1,1,1222994.0,0,,0.0,2,5.2,Monthly,29722994.0,2,0,18.79087284102312,26.0,35.6,25.8,23.805436420511562
C02345,100,255000,25500000,2.9,Business,Large,Hospital,3,1,904881.0,1,VPS,11857815.0,11,10.2,Monthly,38262696.0,3,0,24.841036498347435,63.6,63.2,56.8,43.14051824917371
C02346,150,235000,35250000,7.4,Government,Large,Government,3,1,861274.0,0,,0.0,3,5.7,Annual,36111274.0,2,0,23.3168082294959,63.6,35.6,56.8,38.23840411474795
C02347,300,225000,67500000,8.1,Business,Medium,Small Business,1,0,0.0,0,,0.0,5,7.5,Annual,67500000.0,1,1,45.55492957083905,26.0,27.5,26.2,36.03246478541953
C02350,20,335000,6700000,0.4,Business,Large,University,2,1,1739011.0,0,,0.0,4,8.7,Monthly,8439011.0,2,0,3.711707264787731,43.8,35.6,56.8,24.475853632393864
C02353,50,270000,13500000,5.3,Business,Large,Enterprise,2,0,0.0,1,VPS,4058437.0,7,10.2,Annual,17558437.0,2,0,10.172590766443694,43.8,35.6,56.8,27.706295383221846
C02356,200,220000,44000000,4.1,Government,Large,Government,3,1,963209.0,1,Shared,12586476.0,5,5.9,Monthly,57549685.0,3,1,38.50538215197959,63.6,63.2,56.8,49.972691075989786
C02358,30,290000,8700000,0.7,Business,Large,Hospital,3,1,1604042.0,0,,0.0,2,4.2,Monthly,10304042.0,2,0,5.033034727500507,63.6,35.6,56.8,29.096517363750255
C02359,100,300000,30000000,0.8,Business,Medium,Small Business,1,1,1540650.0,0,,0.0,4,10.1,Monthly,31540650.0,2,0,20.078636310136854,26.0,35.6,26.2,24.509318155068428
C02360,100,280000,28000000,7.1,Government,Large,Government,3,1,593016.0,0,,0.0,6,8.0,Annual,28593016.0,2,0,17.990311904684123,63.6,35.6,56.8,35.57515595234206
C02361,50,320000,16000000,4.3,Business,Small,Small Business,1,1,1499471.0,0,,0.0,5,7.4,Monthly,17499471.0,2,0,10.130814841450317,26.0,35.6,25.8,19.47540742072516
C02362,100,300000,30000000,1.0,Business,Medium,Small Business,1,1,1480461.0,0,,0.0,3,4.5,Monthly,31480461.0,2,0,20.035993920464392,26.0,35.6,26.2,24.487996960232195
C02363,200,220000,44000000,5.4,Government,Large,Government,3,1,1667859.0,0,,0.0,7,7.4,Annual,45667859.0,2,1,30.087407865774853,63.6,35.6,56.8,41.62370393288742
C02365,100,285000,28500000,3.3,Business,Medium,Small Business,1,1,1894265.0,0,,0.0,5,9.4,Monthly,30394265.0,2,0,19.2664514277719,26.0,35.6,26.2,24.10322571388595
C02366,200,225000,45000000,9.8,Business,Large,Enterprise,2,1,525621.0,0,,0.0,4,3.5,Monthly,45525621.0,2,1,29.986635827325447,43.8,35.6,56.8,37.613317913662726
C02369,30,325000,9750000,6.7,Business,Medium,Small Business,1,0,0.0,1,Dedicated,17470042.0,11,10.5,Annual,27220042.0,2,0,17.017594426105692,26.0,35.6,26.2,22.978797213052847
C02370,20,300000,6000000,5.5,Business,Small,Small Business,1,0,0.0,0,,0.0,0,3.6,Annual,6000000.0,1,0,1.9837294369883258,26.0,27.5,25.8,14.186864718494164
C02372,150,230000,34500000,1.3,Business,Small,Small Business,1,1,1938662.0,1,Dedicated,13912125.0,9,8.4,Monthly,50350787.0,3,1,33.40514433895231,26.0,63.2,25.8,35.25257216947615
C02374,20,300000,6000000,8.0,Business,Small,Small Business,1,0,0.0,1,Dedicated,12465944.0,6,3.6,Monthly,18465944.0,2,0,10.81553660579118,26.0,35.6,25.8,19.81776830289559
C02375,100,250000,25000000,2.7,Government,Large,Government,3,1,1115586.0,0,,0.0,2,3.3,Monthly,26115586.0,2,0,16.235115183584842,63.6,35.6,56.8,34.69755759179242
C02379,10,320000,3200000,9.8,Business,Small,Small Business,1,0,0.0,0,,0.0,0,6.2,Monthly,3200000.0,1,0,0.0,26.0,27.5,25.8,13.195
C02382,10,325000,3250000,0.3,Business,Small,Small Business,1,1,381175.0,0,,0.0,3,4.5,Monthly,3631175.0,2,0,0.3054766214262292,26.0,35.6,25.8,14.562738310713115
C02385,100,250000,25000000,5.5,Business,Large,University,2,0,0.0,0,,0.0,3,2.4,Monthly,25000000.0,1,0,15.444750616551964,43.8,27.5,56.8,29.127375308275983
C02386,300,230000,69000000,1.2,Business,Small,Small Business,1,0,0.0,0,,0.0,1,6.1,Monthly,69000000.0,1,1,46.617641769225656,26.0,27.5,25.8,36.50382088461283
C02388,30,295000,8850000,3.5,Business,Small,Small Business,1,1,507604.0,0,,0.0,7,9.4,Monthly,9357604.0,2,0,4.3625072557560935,26.0,35.6,25.8,16.591253627878046
C02389,200,220000,44000000,4.7,Business,Large,Hospital,3,1,1494161.0,1,Shared,8157653.0,9,10.1,Monthly,53651814.0,3,1,35.74383877902133,63.6,63.2,56.8,48.591919389510664
C02390,20,365000,7300000,1.9,Business,Large,University,2,1,1905909.0,1,VPS,11572196.0,8,8.0,Monthly,20778105.0,3,0,12.453644405347028,43.8,63.2,56.8,32.98682220267351
C02393,200,230000,46000000,9.6,Government,Large,Government,3,0,0.0,1,VPS,4495385.0,8,7.3,Monthly,50495385.0,2,1,33.507588377927185,63.6,35.6,56.8,43.333794188963594
C02394,300,235000,70500000,6.0,Business,Large,Hospital,3,1,1314520.0,0,,0.0,4,5.4,Monthly,71814520.0,2,1,48.61165826029436,63.6,35.6,56.8,50.88582913014717
C02395,300,240000,72000000,0.4,Government,Large,Government,3,1,1554636.0,0,,0.0,4,2.7,Monthly,73554636.0,2,1,49.8444865934995,63.6,35.6,56.8,51.50224329674974
C02396,20,310000,6200000,8.8,Business,Medium,Small Business,1,1,1077971.0,0,,0.0,3,6.0,Annual,7277971.0,2,0,2.889139684244543,26.0,35.6,26.2,15.91456984212227
C02397,150,275000,41250000,5.9,Business,Small,Small Business,1,0,0.0,1,Dedicated,17984350.0,6,4.2,Annual,59234350.0,2,1,39.69892484910957,26.0,35.6,25.8,34.25946242455478
C02398,100,295000,29500000,4.5,Government,Large,Government,3,1,762596.0,1,VPS,16895585.0,9,8.4,Monthly,47158181.0,3,1,31.143263445057467,63.6,63.2,56.8,46.291631722528734
C02400,300,210000,63000000,0.4,Business,Small,Small Business,1,1,1306494.0,1,Shared,11354301.0,6,2.9,Monthly,75660795.0,3,1,51.33664716752732,26.0,63.2,25.8,44.218323583763656
C02402,10,360000,3600000,4.4,Business,Medium,Small Business,1,0,0.0,0,,0.0,1,3.4,Monthly,3600000.0,1,0,0.2833899195697609,26.0,27.5,26.2,13.396694959784881
C02410,200,230000,34500000,2.5,Business,Small,Small Business,1,0,0.0,0,,0.0,0,1.9,Monthly,34500000.0,1,0,22.175261206333783,26.0,27.5,25.8,24.282630603166893
C02411,200,220000,44000000,5.0,Government,Large,Government,3,1,778314.0,1,VPS,3554800.0,8,6.3,Monthly,48333114.0,3,1,31.975673865982113,63.6,63.2,56.8,46.70783693299106
C02418,30,300000,9000000,7.0,Business,Small,Small Business,1,1,455396.0,0,,0.0,5,7.6,Annual,9455396.0,2,0,4.431790423292509,26.0,35.6,25.8,16.625895211646256
C02419,50,270000,13500000,4.3,Business,Medium,Small Business,1,0,0.0,0,,0.0,4,4.9,Monthly,13500000.0,1,0,7.2972904289213405,26.0,27.5,26.2,16.90364521446067
C02423,100,275000,27500000,6.9,Business,Small,Small Business,1,0,0.0,0,,0.0,1,3.4,Annual,27500000.0,1,0,17.21593761386297,26.0,27.5,25.8,21.802968806931485
C02424,10,375000,3750000,4.7,Business,Small,Small Business,1,1,1554583.0,0,,0.0,5,5.2,Monthly,5304583.0,2,0,1.491044017744715,26.0,35.6,25.8,15.155522008872357
C02426,150,230000,34500000,7.7,Business,Small,Small Business,1,1,1602587.0,0,,0.0,2,6.9,Annual,36102587.0,2,0,23.310653708917645,26.0,35.6,25.8,26.065326854458824
C02429,20,300000,6000000,5.3,Business,Small,Small Business,1,0,0.0,1,VPS,17736436.0,3,5.0,Annual,23736436.0,2,0,14.54954736572385,26.0,35.6,25.8,21.684773682861927
C02430,100,285000,28500000,1.7,Business,Small,Small Business,1,1,420908.0,0,,0.0,6,4.2,Monthly,28920908.0,2,0,18.222615123453043,26.0,35.6,25.8,23.521307561726523
C02431,150,270000,40500000,5.0,Business,Medium,Small Business,1,0,0.0,0,,0.0,0,3.5,Monthly,40500000.0,1,0,26.426109999880193,26.0,27.5,26.2,26.468054999940097
C02436,20,350000,7000000,2.1,Business,Medium,Small Business,1,1,1205075.0,0,,0.0,4,6.0,Monthly,8205075.0,2,0,3.5459695042265515,26.0,35.6,26.2,16.242984752113276
C02437,100,250000,25000000,4.7,Government,Large,Government,3,1,685995.0,1,Dedicated,7981937.0,10,11.8,Monthly,33667932.0,3,0,21.585761997342352,63.6,63.2,56.8,41.51288099867118
C02439,200,220000,44000000,3.7,Business,Small,Small Business,1,1,1646210.0,1,VPS,17669022.0,9,5.4,Monthly,63315232.0,3,1,42.59012690349378,26.0,63.2,25.8,39.84506345174689
C02441,300,200000,60000000,5.0,Government,Large,Government,3,1,438012.0,0,,0.0,5,13.3,Monthly,60438012.0,2,1,40.551689042532516,63.6,35.6,56.8,46.85584452126625
C02442,100,310000,31000000,0.7,Business,Large,Enterprise,2,0,0.0,0,,0.0,0,4.3,Monthly,31000000.0,1,0,19.695599410098374,43.8,27.5,56.8,31.25279970504919
C02443,50,270000,13500000,8.4,Business,Medium,Small Business,1,0,0.0,0,,0.0,3,3.1,Monthly,13500000.0,1,0,7.2972904289213405,26.0,27.5,26.2,16.90364521446067
C02446,300,245000,73500000,4.2,Business,Large,Enterprise,2,0,0.0,1,VPS,16820669.0,5,9.5,Monthly,90320669.0,2,1,61.72279845193439,43.8,35.6,56.8,53.481399225967195
C02448,300,225000,67500000,1.2,Business,Large,Enterprise,2,0,0.0,0,,0.0,2,3.8,Monthly,67500000.0,1,1,45.55492957083905,43.8,27.5,56.8,44.182464785419526
C02451,150,240000,36000000,0.5,Business,Medium,Small Business,1,1,759675.0,0,,0.0,9,8.5,Monthly,36759675.0,2,0,23.776183997593282,26.0,35.6,26.2,26.35809199879664
C02454,50,270000,13500000,9.8,Business,Medium,Small Business,1,0,0.0,0,,0.0,1,2.8,Annual,13500000.0,1,0,7.2972904289213405,26.0,27.5,26.2,16.90364521446067
C02457,300,250000,75000000,1.9,Business,Small,Small Business,1,0,0.0,1,Dedicated,9797653.0,6,4.3,Monthly,84797653.0,2,1,57.80988080187813,26.0,35.6,25.8,43.31494040093906
C02458,300,215000,64500000,0.4,Government,Large,Government,3,1,1265536.0,1,Dedicated,19649737.0,9,8.3,Monthly,85415273.0,3,1,58.24744900718982,63.6,63.2,56.8,59.84372450359491
C02459,30,305000,9150000,0.3,Business,Medium,Small Business,1,1,1191149.0,1,VPS,13839152.0,6,4.6,Monthly,24180301.0,3,0,14.864014532348431,26.0,63.2,26.2,26.042007266174217
C02460,100,295000,29500000,1.3,Business,Large,Enterprise,2,1,300493.0,0,,0.0,3,5.0,Monthly,29800493.0,2,0,18.845778929464963,43.8,35.6,56.8,32.04288946473248
C02461,300,220000,66000000,7.1,Business,Large,Hospital,3,1,1008940.0,0,,0.0,6,7.5,Annual,67008940.0,2,1,45.20702593607923,63.6,35.6,56.8,49.18351296803961
C02462,200,220000,44000000,1.5,Business,Large,Enterprise,2,1,1598486.0,0,,0.0,5,5.8,Monthly,45598486.0,2,1,30.038258843549077,43.8,35.6,56.8,37.63912942177454
C02463,200,220000,44000000,4.0,Business,Medium,Small Business,1,0,0.0,0,,0.0,0,4.0,Monthly,44000000.0,1,1,28.9057717961156,26.0,27.5,26.2,27.7078858980578
C02468,100,250000,25000000,5.2,Business,Large,Hospital,3,1,1813071.0,1,VPS,14970588.0,9,7.2,Annual,41783659.0,3,0,27.335550051792694,63.6,63.2,56.8,44.387775025896346
C02470,50,285000,14250000,0.5,Business,Small,Small Business,1,0,0.0,0,,0.0,2,5.6,Monthly,14250000.0,1,0,7.828646528114642,26.0,27.5,25.8,17.10932326405732
C02471,50,275000,13750000,7.2,Business,Small,Small Business,1,1,452695.0,0,,0.0,2,2.4,Monthly,14202695.0,2,0,7.795132127751525,26.0,35.6,25.8,18.30756606387576
C02474,200,245000,49000000,3.8,Government,Large,Government,3,1,1263991.0,1,VPS,19804586.0,6,4.6,Monthly,70068577.0,3,1,47.374701644435895,63.6,63.2,56.8,54.40735082221795
C02480,300,205000,61500000,1.7,Business,Medium,Small Business,1,1,676418.0,0,,0.0,7,3.9,Monthly,62176418.0,2,1,41.78330588383149,26.0,35.6,26.2,35.36165294191574
C02482,300,200000,60000000,7.3,Government,Large,Government,3,1,1206541.0,1,Dedicated,15915742.0,6,6.0,Annual,77122283.0,3,1,52.37207458445774,63.6,63.2,56.8,56.90603729222887
C02485,150,250000,37500000,3.1,Government,Large,Government,3,1,678949.0,1,VPS,5325910.0,9,9.3,Monthly,43504859.0,3,0,28.554976875701374,63.6,63.2,56.8,44.99748843785069
C02486,150,230000,34500000,1.9,Business,Medium,Small Business,1,0,0.0,1,VPS,5762635.0,7,6.8,Monthly,40262635.0,2,0,26.257942879233504,26.0,35.6,26.2,27.59897143961675
C02487,200,220000,44000000,3.1,Business,Small,Small Business,1,0,0.0,0,,0.0,0,0.7,Monthly,44000000.0,1,1,28.9057717961156,26.0,27.5,25.8,27.6478858980578
C02490,300,200000,60000000,5.1,Business,Large,University,2,0,0.0,1,VPS,17481876.0,8,9.3,Annual,77481876.0,2,1,52.626837162827364,43.8,35.6,56.8,48.933418581413676
C02492,300,200000,60000000,9.7,Business,Large,University,2,1,1924403.0,0,,0.0,5,6.2,Annual,61924403.0,2,1,41.60475960738055,43.8,35.6,56.8,43.422379803690276
C02496,50,280000,14000000,5.0,Business,Large,Hospital,3,1,1262455.0,1,Dedicated,8678773.0,8,6.1,Monthly,23941228.0,3,0,14.694637336745178,63.6,63.2,56.8,38.06731866837259
C02499,150,230000,34500000,7.1,Government,Large,Government,3,1,1830572.0,1,VPS,10321908.0,7,5.2,Monthly,46652480.0,3,1,30.784987030766597,63.6,63.2,56.8,46.11249351538329
C02502,200,235000,47000000,4.5,Business,Small,Small Business,1,1,1160370.0,0,,0.0,8,8.3,Monthly,48160370.0,2,1,31.853289095316715,26.0,35.6,25.8,30.33664454765836
C02504,200,220000,44000000,6.1,Government,Large,Government,3,1,958012.0,1,VPS,9124915.0,7,5.5,Monthly,54082927.0,3,1,36.04927147501003,63.6,63.2,56.8,48.74463573750501
C02505,30,325000,9750000,5.5,Business,Large,University,2,1,1679357.0,0,,0.0,5,5.7,Annual,11429357.0,2,0,5.830292045852121,43.8,35.6,56.8,25.53514602292606
C02506,20,335000,6700000,3.3,Business,Medium,Small Business,1,1,315237.0,1,Dedicated,17462391.0,7,4.4,Monthly,24477628.0,3,0,15.074663218888226,26.0,63.2,26.2,26.147331609444112
C02507,150,255000,38250000,0.2,Business,Medium,Small Business,1,1,1586581.0,0,,0.0,4,4.6,Monthly,39836581.0,2,0,25.956094357252567,26.0,35.6,26.2,27.448047178626283
C02509,200,220000,44000000,6.8,Business,Medium,Small Business,1,0,0.0,1,VPS,5646471.0,6,7.4,Annual,49646471.0,2,1,32.906154202473076,26.0,35.6,26.2,30.923077101236537
C02512,300,220000,66000000,5.0,Business,Large,University,2,0,0.0,0,,0.0,2,1.7,Monthly,66000000.0,1,1,44.49221737245245,43.8,27.5,56.8,43.65110868622622
C02517,300,215000,64500000,8.2,Business,Large,Hospital,3,1,1808433.0,1,Shared,7673451.0,8,10.5,Annual,73981884.0,3,1,50.14718103439035,63.6,63.2,56.8,55.79359051719517
C02518,300,200000,60000000,6.5,Business,Large,Enterprise,2,0,0.0,0,,0.0,1,2.2,Annual,60000000.0,1,1,40.24136857890604,43.8,27.5,56.8,41.525684289453025
C02519,100,250000,25000000,6.7,Business,Small,Small Business,1,1,672506.0,0,,0.0,6,7.4,Annual,25672506.0,2,0,15.921204169677416,26.0,35.6,25.8,22.37060208483871
C02521,20,360000,7200000,2.5,Business,Large,Hospital,3,1,802633.0,1,Shared,17778376.0,9,6.1,Monthly,25781009.0,3,0,15.99807581078511,63.6,63.2,56.8,38.719037905392554
C02525,100,300000,30000000,0.6,Business,Medium,Small Business,1,0,0.0,1,VPS,9196683.0,3,5.9,Monthly,39196683.0,2,0,25.50274275037044,26.0,35.6,26.2,27.22137137518522
C02526,150,230000,34500000,4.6,Business,Medium,Small Business,1,0,0.0,0,,0.0,5,6.8,Monthly,34500000.0,1,0,22.175261206333783,26.0,27.5,26.2,24.342630603166892
C02527,50,300000,15000000,8.4,Business,Medium,Small Business,1,1,1869267.0,0,,0.0,8,8.2,Annual,16869267.0,2,0,9.684331189268963,26.0,35.6,26.2,19.312165594634482
C02528,100,250000,25000000,2.4,Business,Medium,Small Business,1,0,0.0,0,,0.0,2,4.8,Monthly,25000000.0,1,0,15.444750616551964,26.0,27.5,26.2,20.97737530827598
C02529,300,200000,60000000,0.6,Business,Small,Small Business,1,1,642322.0,1,Dedicated,17536262.0,10,9.6,Monthly,78178584.0,3,1,53.12043722303639,26.0,63.2,25.8,45.11021861151819
C02533,100,275000,27500000,8.1,Business,Large,University,2,0,0.0,1,VPS,7817407.0,6,7.0,Annual,35317407.0,2,0,22.75437346629818,43.8,35.6,56.8,33.99718673314909
C02534,100,280000,28000000,5.8,Business,Medium,Small Business,1,0,0.0,0,,0.0,3,4.1,Annual,28000000.0,1,0,17.57017501332517,26.0,27.5,26.2,22.040087506662584
C02536,50,325000,16250000,5.1,Business,Small,Small Business,1,1,1772374.0,1,Shared,13572731.0,5,7.8,Monthly,31595105.0,3,0,20.117216305312283,26.0,63.2,25.8,28.608608152656142
C02538,300,225000,67500000,0.2,Government,Large,Government,3,1,1149851.0,0,,0.0,6,5.6,Monthly,68649851.0,2,1,46.369570026857076,63.6,35.6,56.8,49.764785013428536
C02540,300,205000,61500000,7.6,Government,Large,Government,3,1,630281.0,0,,0.0,6,5.8,Monthly,62130281.0,2,1,41.750618982033515,63.6,35.6,56.8,47.45530949101675
C02542,300,205000,61500000,2.7,Business,Large,ISP Partner,3,1,1927742.0,1,VPS,18936730.0,11,8.2,Monthly,82364472.0,3,1,56.08603338215646,63.6,63.2,56.8,58.76301669107822
C02545,100,250000,25000000,7.3,Government,Large,Government,3,1,1521604.0,1,VPS,2179814.0,9,10.4,Annual,28701418.0,3,0,18.067111989837127,63.6,63.2,56.8,39.753555994918564
C02546,150,230000,34500000,4.5,Business,Large,Hospital,3,1,793256.0,1,VPS,17249436.0,6,5.7,Monthly,52542692.0,3,1,34.9580537930887,63.6,63.2,56.8,48.19902689654435
C02547,150,230000,34500000,9.6,Government,Large,Government,3,1,1869815.0,0,,0.0,4,1.8,Annual,36369815.0,2,0,23.499978012484615,63.6,35.6,56.8,38.32998900624231
C02548,150,280000,42000000,3.9,Business,Small,Small Business,1,0,0.0,0,,0.0,3,5.0,Monthly,42000000.0,1,0,27.4888221982668,26.0,27.5,25.8,26.9394110991334
C02549,150,275000,41250000,0.2,Business,Medium,Small Business,1,1,1789136.0,0,,0.0,8,10.0,Monthly,43039136.0,2,0,28.225023866921905,26.0,35.6,26.2,28.582511933460953
C02551,100,285000,28500000,4.9,Business,Medium,Small Business,1,1,1370161.0,0,,0.0,3,5.0,Monthly,29870161.0,2,0,18.895136951756427,26.0,35.6,26.2,23.917568475878213
C02552,100,250000,25000000,8.5,Business,Small,Small Business,1,0,0.0,0,,0.0,2,5.7,Annual,25000000.0,1,0,15.444750616551964,26.0,27.5,25.8,20.917375308275982
C02553,200,265000,53000000,0.9,Business,Medium,Small Business,1,0,0.0,0,,0.0,7,9.4,Monthly,53000000.0,1,1,35.282044986435224,26.0,27.5,26.2,30.89602249321761
C02554,100,275000,27500000,4.3,Government,Large,Government,3,1,1964476.0,0,,0.0,7,4.9,Monthly,29464476.0,2,0,18.60771935295478,63.6,35.6,56.8,35.88385967647739
C02557,200,220000,44000000,7.6,Business,Small,Small Business,1,0,0.0,0,,0.0,5,6.9,Annual,44000000.0,1,1,28.9057717961156,26.0,27.5,25.8,27.6478858980578
C02564,200,240000,48000000,3.2,Business,Medium,Small Business,1,0,0.0,1,VPS,8639692.0,7,6.1,Monthly,56639692.0,2,1,37.860675044281976,26.0,35.6,26.2,33.40033752214099
C02565,50,300000,15000000,0.4,Business,Small,Small Business,1,1,540504.0,0,,0.0,7,6.3,Monthly,15540504.0,2,0,8.742936090025779,26.0,35.6,25.8,18.78146804501289
C02566,100,290000,29000000,6.1,Business,Large,University,2,1,990251.0,0,,0.0,5,3.6,Monthly,29990251.0,2,0,18.98021769035926,43.8,35.6,56.8,32.11010884517963
C02570,300,200000,60000000,9.4,Government,Large,Government,3,1,1394114.0,1,Dedicated,6972690.0,6,7.0,Annual,68366804.0,3,1,46.16903836044592,63.6,63.2,56.8,53.804519180222954
C02572,100,265000,26500000,6.6,Business,Small,Small Business,1,0,0.0,0,,0.0,6,6.8,Monthly,26500000.0,1,0,16.507462814938567,26.0,27.5,25.8,21.448731407469285
C02576,50,290000,14500000,3.9,Business,Medium,Small Business,1,0,0.0,0,,0.0,2,1.4,Monthly,14500000.0,1,0,8.005765227845743,26.0,27.5,26.2,17.25788261392287
C02577,100,250000,25000000,10.0,Business,Large,University,2,1,1524014.0,0,,0.0,7,7.2,Annual,26524014.0,2,0,16.524476128759936,43.8,35.6,56.8,30.88223806437997
C02578,200,245000,49000000,4.3,Business,Medium,Small Business,1,0,0.0,0,,0.0,3,3.0,Monthly,49000000.0,1,1,32.44814579073761,26.0,27.5,26.2,29.479072895368805
C02579,10,320000,3200000,7.1,Business,Large,Hospital,3,1,871199.0,1,VPS,2106940.0,5,5.7,Annual,6178139.0,3,0,2.1099364291939198,63.6,63.2,56.8,31.77496821459696
C02580,150,275000,41250000,5.1,Business,Large,ISP Partner,3,1,415151.0,0,,0.0,6,7.6,Monthly,41665151.0,2,0,27.25159012032176,63.6,35.6,56.8,40.20579506016088
C02581,20,335000,6700000,1.8,Business,Medium,Small Business,1,0,0.0,0,,0.0,0,0.9,Monthly,6700000.0,1,0,2.4796617962354075,26.0,27.5,26.2,14.494830898117703
C02582,150,230000,34500000,6.5,Business,Large,Enterprise,2,1,1632863.0,0,,0.0,2,3.5,Annual,36132863.0,2,0,23.332103491929878,43.8,35.6,56.8,34.28605174596494
C02585,50,275000,13750000,4.0,Business,Small,Small Business,1,0,0.0,0,,0.0,3,8.6,Monthly,13750000.0,1,0,7.474409128652442,26.0,27.5,25.8,16.93220456432622
C02586,100,250000,25000000,8.6,Business,Medium,Small Business,1,0,0.0,0,,0.0,3,3.3,Monthly,25000000.0,1,0,15.444750616551964,26.0,27.5,26.2,20.97737530827598
C02587,20,315000,6300000,0.4,Business,Small,Small Business,1,1,757844.0,0,,0.0,4,5.4,Monthly,7057844.0,2,0,2.733185252181711,26.0,35.6,25.8,15.776592626090856
C02588,100,270000,27000000,2.4,Government,Large,Government,3,1,761926.0,1,Shared,17360538.0,9,11.1,Monthly,45122464.0,3,1,29.70100925281548,63.6,63.2,56.8,45.57050462640774
C02589,100,255000,25500000,3.2,Business,Medium,Small Business,1,0,0.0,0,,0.0,4,6.2,Monthly,25500000.0,1,0,15.798988016014164,26.0,27.5,26.2,21.15449400800708
C02591,200,220000,44000000,5.6,Government,Large,Government,3,1,1380711.0,0,,0.0,3,4.5,Annual,45380711.0,2,1,29.88397074421331,63.6,35.6,56.8,41.521985372106656
C02592,300,215000,64500000,6.5,Business,Large,Hospital,3,1,1088083.0,0,,0.0,4,2.6,Monthly,65588083.0,2,1,44.20038455870391,63.6,35.6,56.8,48.68019227935196
C02593,300,225000,67500000,1.7,Business,Large,University,2,0,0.0,1,VPS,5359189.0,5,6.6,Monthly,72859189.0,2,1,49.35177992001192,43.8,35.6,56.8,47.29588996000595
C02594,100,315000,31500000,0.4,Business,Large,Hospital,3,1,837523.0,1,Dedicated,15468780.0,7,6.5,Monthly,47806303.0,3,1,31.60244154868595,63.6,63.2,56.8,46.52122077434298
C02595,150,260000,39000000,8.1,Business,Medium,Small Business,1,1,713736.0,0,,0.0,5,7.1,Annual,39713736.0,2,0,25.8690617705787,26.0,35.6,26.2,27.40453088528935
C02597,200,220000,44000000,4.0,Government,Large,Government,3,1,938048.0,1,Dedicated,9874208.0,7,6.8,Monthly,54812256.0,3,1,36.565982691634765,63.6,63.2,56.8,49.00299134581738
C02598,200,225000,45000000,9.6,Business,Large,Enterprise,2,1,383648.0,0,,0.0,5,3.1,Annual,45383648.0,2,1,29.886051534697753,43.8,35.6,56.8,37.563025767348876
C02599,150,230000,34500000,7.7,Business,Large,ISP Partner,3,1,608599.0,1,Shared,10956742.0,9,11.2,Monthly,46065341.0,3,1,30.369013845800925,63.6,63.2,56.8,45.90450692290047
C02601,200,270000,54000000,0.3,Business,Small,Small Business,1,0,0.0,0,,0.0,5,5.6,Monthly,54000000.0,1,1,35.99051978535962,26.0,27.5,25.8,31.190259892679812
C02603,300,200000,60000000,6.2,Business,Large,University,2,1,1985207.0,0,,0.0,3,6.0,Annual,61985207.0,2,1,41.64783770905435,43.8,35.6,56.8,43.44391885452717
C02605,100,270000,27000000,3.4,Business,Small,Small Business,1,1,1740470.0,0,,0.0,6,3.9,Monthly,28740470.0,2,0,18.09477934768472,26.0,35.6,25.8,23.45738967384236
C02609,150,230000,34500000,5.1,Business,Small,Small Business,1,0,0.0,0,,0.0,3,6.1,Annual,34500000.0,1,0,22.175261206333783,26.0,27.5,25.8,24.282630603166893
C02612,100,280000,28000000,8.9,Business,Large,University,2,1,1579780.0,0,,0.0,3,7.6,Annual,29579780.0,2,0,18.689409331169962,43.8,35.6,56.8,31.964704665584982
C02613,30,290000,8700000,9.5,Business,Small,Small Business,1,1,1170372.0,0,,0.0,3,5.1,Annual,9870372.0,2,0,4.725790461450962,26.0,35.6,25.8,16.77289523072548
C02614,50,290000,14500000,1.4,Business,Small,Small Business,1,1,1962479.0,0,,0.0,6,8.1,Monthly,16462479.0,2,0,9.396132142764106,26.0,35.6,25.8,19.108066071382055
C02615,150,230000,34500000,5.6,Government,Large,Government,3,1,1037659.0,1,Dedicated,5030275.0,11,9.5,Annual,40567934.0,3,0,26.474239526870324,63.6,63.2,56.8,43.95711976343516
C02616,30,350000,10500000,0.4,Business,Large,University,2,1,671605.0,0,,0.0,7,11.1,Monthly,11171605.0,2,0,5.647681249479758,43.8,35.6,56.8,25.443840624739877
C02617,100,275000,27500000,8.8,Business,Large,Hospital,3,1,512841.0,0,,0.0,2,6.0,Monthly,28012841.0,2,0,17.57927253821816,63.6,35.6,56.8,35.36963626910908
C02618,150,230000,34500000,8.6,Business,Small,Small Business,1,1,566974.0,0,,0.0,5,5.8,Annual,35066974.0,2,0,22.576947996979147,26.0,35.6,25.8,25.698473998489575
C02619,10,350000,3500000,1.7,Business,Medium,Small Business,1,0,0.0,0,,0.0,3,6.4,Monthly,3500000.0,1,0,0.21254243967732078,26.0,27.5,26.2,13.36127121983866
C02620,200,220000,44000000,6.5,Business,Large,Hospital,3,1,1700749.0,1,Dedicated,14874782.0,7,6.4,Annual,60575531.0,3,1,40.649117788405796,63.6,63.2,56.8,51.04455889420289
C02621,200,255000,51000000,6.5,Business,Medium,Small Business,1,0,0.0,0,,0.0,6,9.5,Annual,51000000.0,1,1,33.86509538858642,26.0,27.5,26.2,30.187547694293208
C02623,200,220000,44000000,7.5,Government,Large,Government,3,1,1267846.0,1,VPS,5513751.0,6,8.8,Annual,50781597.0,3,1,33.71036236707693,63.6,63.2,56.8,47.57518118353846
C02624,100,285000,28500000,5.2,Business,Small,Small Business,1,0,0.0,0,,0.0,5,8.0,Monthly,28500000.0,1,0,17.92441241278737,26.0,27.5,25.8,22.157206206393685
C02626,50,270000,13500000,5.2,Business,Medium,Small Business,1,0,0.0,0,,0.0,2,2.3,Annual,13500000.0,1,0,7.2972904289213405,26.0,27.5,26.2,16.90364521446067
C02627,300,215000,64500000,3.8,Business,Large,Enterprise,2,0,0.0,0,,0.0,5,4.9,Monthly,64500000.0,1,1,43.429505174065845,43.8,27.5,56.8,43.11975258703292
C02629,100,285000,28500000,3.3,Business,Small,Small Business,1,1,839197.0,0,,0.0,7,4.1,Monthly,29339197.0,2,0,18.518962338620334,26.0,35.6,25.8,23.669481169310167
C02631,20,315000,6300000,6.1,Business,Small,Small Business,1,0,0.0,0,,0.0,1,8.8,Annual,6300000.0,1,0,2.196271876665646,26.0,27.5,25.8,14.293135938332824
C02632,100,250000,25000000,2.4,Business,Medium,Small Business,1,0,0.0,0,,0.0,6,8.2,Monthly,25000000.0,1,0,15.444750616551964,26.0,27.5,26.2,20.97737530827598
C02634,100,250000,25000000,2.3,Business,Large,Hospital,3,1,349812.0,1,VPS,18704106.0,7,5.9,Monthly,44053918.0,3,1,28.94397134032401,63.6,63.2,56.8,45.191985670162
C02635,10,375000,3750000,5.1,Business,Medium,Small Business,1,0,0.0,0,,0.0,4,7.9,Annual,3750000.0,1,0,0.3896611394084215,26.0,27.5,26.2,13.449830569704211
C02636,100,250000,25000000,6.2,Business,Small,Small Business,1,1,555483.0,0,,0.0,6,3.6,Annual,25555483.0,2,0,15.838296323282886,26.0,35.6,25.8,22.329148161641445
C02637,300,210000,63000000,0.8,Business,Small,Small Business,1,0,0.0,0,,0.0,5,7.5,Monthly,63000000.0,1,1,42.366792975679246,26.0,27.5,25.8,34.37839648783962
C02641,150,235000,35250000,0.5,Business,Medium,Small Business,1,1,1370512.0,0,,0.0,5,7.3,Monthly,36620512.0,2,0,23.677590519150563,26.0,35.6,26.2,26.30879525957528
C02645,300,200000,60000000,4.5,Business,Large,Enterprise,2,0,0.0,0,,0.0,0,7.3,Monthly,60000000.0,1,1,40.24136857890604,43.8,27.5,56.8,41.525684289453025
C02647,200,220000,44000000,4.5,Business,Large,ISP Partner,3,1,444531.0,1,VPS,7408438.0,9,6.1,Monthly,51852969.0,3,1,34.46940242935017,63.6,63.2,56.8,47.95470121467508
C02648,300,210000,63000000,2.8,Business,Large,ISP Partner,3,1,1837598.0,1,VPS,5892284.0,8,9.6,Monthly,70729882.0,3,1,47.8432195713386,63.6,63.2,56.8,54.6416097856693
C02650,100,250000,25000000,5.2,Business,Medium,Small Business,1,0,0.0,0,,0.0,1,4.4,Annual,25000000.0,1,0,15.444750616551964,26.0,27.5,26.2,20.97737530827598
C02653,20,370000,7400000,1.5,Business,Medium,Small Business,1,0,0.0,0,,0.0,0,7.2,Monthly,7400000.0,1,0,2.9755941554824883,26.0,27.5,26.2,14.742797077741244
C02654,300,215000,64500000,2.9,Business,Small,Small Business,1,0,0.0,0,,0.0,7,6.7,Monthly,64500000.0,1,1,43.429505174065845,26.0,27.5,25.8,34.90975258703292
C02655,30,335000,10050000,0.2,Business,Medium,Small Business,1,0,0.0,0,,0.0,5,7.1,Monthly,10050000.0,1,0,4.853052372632154,26.0,27.5,26.2,15.681526186316077
C02656,100,280000,28000000,2.6,Business,Medium,Small Business,1,0,0.0,1,Dedicated,4495203.0,6,7.4,Monthly,32495203.0,2,0,20.75491305487454,26.0,35.6,26.2,24.84745652743727
C02657,10,320000,3200000,8.8,Business,Large,Enterprise,2,1,612404.0,0,,0.0,2,0.7,Annual,3812404.0,2,0,0.4338728007604997,43.8,35.6,56.8,22.83693640038025
C02659,200,220000,44000000,5.4,Business,Large,ISP Partner,3,1,1833736.0,1,VPS,5101366.0,8,5.5,Annual,50935102.0,3,1,33.819116791085825,63.6,63.2,56.8,47.629558395542915
C02660,300,215000,64500000,2.8,Business,Small,Small Business,1,0,0.0,0,,0.0,0,1.7,Monthly,64500000.0,1,1,43.429505174065845,26.0,27.5,25.8,34.90975258703292
C02663,50,270000,13500000,3.4,Business,Large,Hospital,3,1,1368963.0,1,VPS,2876492.0,5,6.5,Monthly,17745455.0,3,0,10.305088306388939,63.6,63.2,56.8,35.87254415319447
C02665,200,245000,49000000,7.1,Business,Small,Small Business,1,1,893973.0,0,,0.0,2,3.4,Annual,49893973.0,2,1,33.08150313215646,26.0,35.6,25.8,30.95075156607823
C02666,200,220000,44000000,1.3,Business,Medium,Small Business,1,1,1607913.0,1,VPS,13269002.0,5,6.8,Monthly,58876915.0,3,1,39.44569115935602,26.0,63.2,26.2,38.332845579678015
C02667,50,290000,14500000,1.8,Business,Medium,Small Business,1,0,0.0,0,,0.0,3,6.0,Monthly,14500000.0,1,0,8.005765227845743,26.0,27.5,26.2,17.25788261392287
C02669,50,280000,14000000,5.9,Business,Medium,Small Business,1,1,1101503.0,0,,0.0,6,7.0,Annual,15101503.0,2,0,8.431914944823166,26.0,35.6,26.2,18.685957472411584
C02672,50,305000,15250000,5.8,Business,Small,Small Business,1,1,1780260.0,1,Dedicated,3352553.0,7,11.9,Annual,20382813.0,3,0,12.1735899851306,26.0,63.2,25.8,24.636794992565303
C02673,100,250000,25000000,5.5,Business,Small,Small Business,1,0,0.0,0,,0.0,0,2.3,Annual,25000000.0,1,0,15.444750616551964,26.0,27.5,25.8,20.917375308275982
C02678,150,230000,34500000,9.2,Business,Large,University,2,1,587477.0,0,,0.0,3,0.4,Annual,35087477.0,2,0,22.591473855781494,43.8,35.6,56.8,33.91573692789075
C02679,100,265000,26500000,5.9,Business,Large,University,2,0,0.0,0,,0.0,4,7.2,Annual,26500000.0,1,0,16.507462814938567,43.8,27.5,56.8,29.658731407469283
C02683,150,240000,36000000,8.3,Business,Large,Enterprise,2,0,0.0,1,VPS,3883729.0,5,6.2,Annual,39883729.0,2,0,25.989497527072256,43.8,35.6,56.8,35.61474876353613
C02684,150,250000,37500000,5.8,Business,Large,Hospital,3,1,1553642.0,1,VPS,6038199.0,11,7.0,Annual,45091841.0,3,1,29.67931362904802,63.6,63.2,56.8,45.559656814524004
C02685,10,320000,3200000,6.1,Business,Large,Hospital,3,1,1702381.0,1,VPS,11391256.0,10,5.7,Annual,16293637.0,3,0,9.276511840764112,63.6,63.2,56.8,35.35825592038206
C02686,10,385000,3850000,1.0,Business,Medium,Small Business,1,0,0.0,0,,0.0,2,2.4,Monthly,3850000.0,1,0,0.4605086193008616,26.0,27.5,26.2,13.485254309650431
C02690,50,270000,13500000,7.0,Business,Small,Small Business,1,0,0.0,0,,0.0,3,2.5,Annual,13500000.0,1,0,7.2972904289213405,26.0,27.5,25.8,16.843645214460672
C02692,20,335000,6700000,1.9,Business,Medium,Small Business,1,0,0.0,0,,0.0,4,5.7,Monthly,6700000.0,1,0,2.4796617962354075,26.0,27.5,26.2,14.494830898117703
C02694,300,210000,63000000,2.6,Business,Large,University,2,1,529292.0,0,,0.0,2,6.9,Monthly,63529292.0,2,1,42.74178301895154,43.8,35.6,56.8,43.99089150947576
C02697,30,295000,8850000,2.5,Business,Medium,Small Business,1,0,0.0,0,,0.0,3,9.0,Monthly,8850000.0,1,0,4.002882613922871,26.0,27.5,26.2,15.256441306961435
C02698,150,240000,36000000,2.6,Business,Medium,Small Business,1,0,0.0,1,Shared,15568853.0,5,5.9,Monthly,51568853.0,2,1,34.26811340337896,26.0,35.6,26.2,31.60405670168948
C02700,10,360000,3600000,9.8,Business,Small,Small Business,1,1,435413.0,1,VPS,16586850.0,6,7.0,Annual,20622263.0,3,0,12.34323427573305,26.0,63.2,25.8,24.721617137866527
C02702,150,240000,36000000,8.9,Government,Large,Government,3,1,369185.0,1,VPS,6439837.0,11,7.8,Annual,42809022.0,3,0,28.061993897042214,63.6,63.2,56.8,44.750996948521106
C02704,150,265000,39750000,6.5,Government,Large,Government,3,1,1249557.0,1,Dedicated,6126338.0,6,3.9,Annual,47125895.0,3,1,31.120389627699392,63.6,63.2,56.8,46.28019481384969
C02707,200,220000,44000000,9.7,Business,Medium,Small Business,1,1,637480.0,0,,0.0,4,4.8,Annual,44637480.0,2,1,29.35741031093393,26.0,35.6,26.2,29.148705155466963
C02709,10,360000,3600000,1.4,Business,Small,Small Business,1,0,0.0,0,,0.0,6,4.0,Monthly,3600000.0,1,0,0.2833899195697609,26.0,27.5,25.8,13.336694959784882
C02710,50,280000,14000000,6.9,Business,Small,Small Business,1,1,459723.0,0,,0.0,2,5.6,Annual,14459723.0,2,0,7.977229988369465,26.0,35.6,25.8,18.398614994184733
C02711,100,255000,25500000,9.6,Government,Large,Government,3,1,361614.0,1,VPS,17556234.0,9,6.4,Annual,43417848.0,3,0,28.493331774972162,63.6,63.2,56.8,44.96666588748607
C02712,100,250000,25000000,10.0,Business,Large,University,2,1,1101727.0,0,,0.0,8,6.7,Monthly,26101727.0,2,0,16.22529643134655,43.8,35.6,56.8,30.732648215673272
C02713,150,260000,39000000,3.1,Business,Small,Small Business,1,0,0.0,0,,0.0,2,2.1,Monthly,39000000.0,1,0,25.36339780149359,26.0,27.5,25.8,25.876698900746796
C02714,50,270000,13500000,7.9,Business,Medium,Small Business,1,0,0.0,0,,0.0,0,5.3,Monthly,13500000.0,1,0,7.2972904289213405,26.0,27.5,26.2,16.90364521446067
C02715,200,275000,55000000,0.8,Business,Medium,Small Business,1,0,0.0,0,,0.0,3,5.7,Monthly,55000000.0,1,1,36.69899458428403,26.0,27.5,26.2,31.604497292142014
C02717,100,275000,27500000,7.6,Business,Large,Enterprise,2,0,0.0,0,,0.0,1,3.0,Annual,27500000.0,1,0,17.21593761386297,43.8,27.5,56.8,30.012968806931486
C02718,100,250000,25000000,7.5,Business,Medium,Small Business,1,0,0.0,0,,0.0,3,3.6,Annual,25000000.0,1,0,15.444750616551964,26.0,27.5,26.2,20.97737530827598
C02724,200,220000,44000000,7.8,Business,Large,Hospital,3,1,1337710.0,1,Shared,12262472.0,10,7.9,Annual,57600182.0,3,1,38.541158003900875,63.6,63.2,56.8,49.99057900195044
C02726,100,290000,29000000,2.4,Business,Medium,Small Business,1,0,0.0,1,Dedicated,11933881.0,5,4.8,Monthly,40933881.0,2,0,26.733503754112313,26.0,35.6,26.2,27.836751877056155
C02728,100,260000,26000000,6.7,Government,Large,Government,3,1,1919082.0,1,Shared,8114250.0,8,9.4,Annual,36033332.0,3,0,23.261588286718133,63.6,63.2,56.8,42.35079414335907
C02729,150,275000,41250000,1.4,Business,Medium,Small Business,1,0,0.0,1,Shared,10451088.0,5,7.6,Monthly,51701088.0,2,1,34.361798568414734,26.0,35.6,26.2,31.650899284207366
C02731,150,275000,41250000,2.4,Business,Large,Hospital,3,1,668912.0,1,Shared,18624012.0,7,11.3,Monthly,60542924.0,3,1,40.62601655063727,63.6,63.2,56.8,51.033008275318636
C02732,100,250000,25000000,5.1,Business,Small,Small Business,1,1,788694.0,0,,0.0,9,4.8,Annual,25788694.0,2,0,16.003520439614846,26.0,35.6,25.8,22.411760219807423
C02733,200,255000,51000000,1.5,Government,Large,Government,3,1,1338530.0,1,Shared,11152083.0,10,12.3,Monthly,63490613.0,3,1,42.71437992220394,63.6,63.2,56.8,52.077189961101965
C02735,50,295000,14750000,2.0,Business,Medium,Small Business,1,0,0.0,0,,0.0,4,6.7,Monthly,14750000.0,1,0,8.182883927576842,26.0,27.5,26.2,17.346441963788422
C02737,300,220000,66000000,9.0,Government,Large,Government,3,1,593538.0,1,Dedicated,8841009.0,6,4.7,Monthly,75434547.0,3,1,51.17635616122027,63.6,63.2,56.8,56.30817808061013
C02739,150,265000,39750000,1.0,Business,Small,Small Business,1,0,0.0,0,,0.0,0,0.8,Monthly,39750000.0,1,0,25.894753900686894,26.0,27.5,25.8,26.142376950343447
C02740,150,235000,35250000,4.3,Business,Medium,Small Business,1,1,1208902.0,0,,0.0,4,7.6,Monthly,36458902.0,2,0,23.56309390689639,26.0,35.6,26.2,26.251546953448194
C02743,100,295000,29500000,2.1,Business,Medium,Small Business,1,1,1889179.0,1,VPS,16059253.0,8,6.9,Monthly,47448432.0,3,1,31.348898963920075,26.0,63.2,26.2,34.28444948196004
C02748,150,240000,36000000,5.8,Business,Small,Small Business,1,0,0.0,0,,0.0,5,6.0,Annual,36000000.0,1,0,23.237973404720385,26.0,27.5,25.8,24.813986702360193
C02752,100,285000,28500000,3.0,Business,Large,Hospital,3,0,0.0,1,VPS,18571756.0,3,5.8,Monthly,47071756.0,2,1,31.082033510560425,63.6,35.6,56.8,42.12101675528021
C02756,200,240000,48000000,4.8,Business,Small,Small Business,1,0,0.0,1,Shared,14495168.0,3,5.1,Monthly,62495168.0,2,1,42.00913222598864,26.0,35.6,25.8,35.414566112994315
C02757,50,280000,14000000,9.0,Business,Large,Enterprise,2,1,1756468.0,0,,0.0,2,5.0,Annual,15756468.0,2,0,8.895941141500689,43.8,35.6,56.8,27.067970570750344
C02759,200,230000,46000000,1.8,Government,Large,Government,3,1,937806.0,1,Dedicated,12680387.0,10,6.4,Monthly,59618193.0,3,1,39.970867941353106,63.6,63.2,56.8,50.70543397067655
C02760,30,305000,9150000,7.2,Business,Large,ISP Partner,3,1,1235944.0,0,,0.0,5,7.5,Monthly,10385944.0,2,0,5.091060230482014,63.6,35.6,56.8,29.12553011524101
C02762,300,200000,60000000,9.9,Government,Large,Government,3,1,460407.0,0,,0.0,3,3.2,Annual,60460407.0,2,1,40.567555335654426,63.6,35.6,56.8,46.86377766782721
C02763,100,275000,27500000,5.0,Government,Large,Government,3,1,854532.0,1,Shared,17109580.0,10,6.7,Monthly,45464112.0,3,1,29.94305825091841,63.6,63.2,56.8,45.6915291254592
C02764,300,210000,63000000,9.2,Business,Medium,Small Business,1,0,0.0,0,,0.0,4,3.3,Monthly,63000000.0,1,1,42.366792975679246,26.0,27.5,26.2,34.438396487839626
C02766,150,280000,42000000,2.2,Government,Large,Government,3,1,494071.0,1,VPS,15399552.0,8,7.8,Monthly,57893623.0,3,1,38.74905355737205,63.6,63.2,56.8,50.09452677868602
C02768,50,300000,15000000,1.7,Business,Medium,Small Business,1,1,1600405.0,1,VPS,7558163.0,8,7.3,Monthly,24158568.0,3,0,14.848617249543405,26.0,63.2,26.2,26.034308624771704
C02769,200,265000,53000000,0.8,Business,Large,Hospital,3,1,1955222.0,1,VPS,6599950.0,10,10.2,Monthly,61555172.0,3,1,41.3431687488989,63.6,63.2,56.8,51.39158437444945
C02772,100,295000,29500000,6.0,Government,Large,Government,3,1,1205291.0,0,,0.0,3,5.2,Annual,30705291.0,2,0,19.486805510582165,63.6,35.6,56.8,36.323402755291085
C02773,100,250000,25000000,6.7,Business,Large,University,2,0,0.0,0,,0.0,2,6.4,Monthly,25000000.0,1,0,15.444750616551964,43.8,27.5,56.8,29.127375308275983
C02779,300,200000,60000000,4.2,Business,Large,Enterprise,2,1,448319.0,0,,0.0,6,6.8,Monthly,60448319.0,2,1,40.55899129228503,43.8,35.6,56.8,42.89949564614251
C02781,30,290000,8700000,5.8,Business,Small,Small Business,1,1,632941.0,0,,0.0,3,4.7,Annual,9332941.0,2,0,4.345034141790221,26.0,35.6,25.8,16.58251707089511
C02785,50,270000,13500000,9.1,Business,Medium,Small Business,1,1,1069014.0,0,,0.0,2,3.4,Annual,14569014.0,2,0,8.054659907618714,26.0,35.6,26.2,18.497329953809356
C02787,100,250000,25000000,5.6,Business,Small,Small Business,1,0,0.0,1,Dedicated,17357557.0,3,3.0,Annual,42357557.0,2,0,27.74214232194581,26.0,35.6,25.8,28.281071160972907
C02788,150,285000,42750000,2.2,Business,Medium,Small Business,1,1,796067.0,0,,0.0,4,4.8,Monthly,43546067.0,2,0,28.58417170521545,26.0,35.6,26.2,28.762085852607726
C02789,200,235000,47000000,2.4,Government,Large,Government,3,1,1699740.0,1,Dedicated,19236319.0,7,7.4,Monthly,67936059.0,3,1,45.86386638318323,63.6,63.2,56.8,53.65193319159161
C02791,50,270000,13500000,2.0,Business,Small,Small Business,1,0,0.0,1,Dedicated,15065567.0,5,7.4,Monthly,28565567.0,2,0,17.970864979928447,26.0,35.6,25.8,23.395432489964225
C02792,300,230000,69000000,3.1,Government,Large,Government,3,0,0.0,1,Shared,17422830.0,4,4.7,Monthly,86422830.0,2,1,58.96127775016969,63.6,35.6,56.8,56.06063887508485
C02794,100,265000,26500000,4.1,Government,Large,Government,3,1,1091528.0,1,Shared,12370996.0,6,5.3,Monthly,39962524.0,3,0,26.045321798853504,63.6,63.2,56.8,43.74266089942675
C02796,300,235000,144348281,5.5,Business,Large,ISP Partner,3,0,0.0,0,,0.0,2,7.4,Annual,144348281.0,1,1,100.0,63.6,27.5,56.8,75.365
C02797,20,355000,7100000,1.7,Business,Medium,Small Business,1,0,0.0,1,VPS,10006521.0,3,1.5,Monthly,17106521.0,2,0,9.852419669212974,26.0,35.6,26.2,19.396209834606488
C02798,200,240000,48000000,8.3,Government,Large,Government,3,1,729208.0,1,VPS,3877608.0,10,9.8,Monthly,52606816.0,3,1,35.003484031094935,63.6,63.2,56.8,48.22174201554746
C02800,300,200000,60000000,4.7,Business,Medium,Small Business,1,1,1740681.0,0,,0.0,5,4.2,Monthly,61740681.0,2,1,41.474597200372564,26.0,35.6,26.2,35.20729860018628
C02801,200,255000,51000000,4.1,Government,Large,Government,3,1,1843536.0,0,,0.0,7,7.9,Monthly,52843536.0,2,1,35.17119418549632,63.6,35.6,56.8,44.16559709274816
C02802,150,230000,34500000,10.0,Business,Medium,Small Business,1,1,1353024.0,0,,0.0,4,4.8,Annual,35853024.0,2,0,23.133844612673673,26.0,35.6,26.2,26.036922306336837
C02804,300,210000,63000000,6.1,Business,Large,Hospital,3,1,848407.0,1,VPS,16411880.0,8,3.9,Annual,80260287.0,3,1,54.59527133738172,63.6,63.2,56.8,58.01763566869086
C02805,200,220000,44000000,4.6,Business,Small,Small Business,1,0,0.0,0,,0.0,2,3.5,Monthly,44000000.0,1,1,28.9057717961156,26.0,27.5,25.8,27.6478858980578
C02806,150,230000,34500000,9.8,Business,Large,Enterprise,2,0,0.0,1,VPS,13853620.0,5,2.2,Annual,48353620.0,2,1,31.99020185020886,43.8,35.6,56.8,38.61510092510443
C02807,150,230000,34500000,9.7,Business,Large,University,2,0,0.0,0,,0.0,4,8.7,Annual,34500000.0,1,0,22.175261206333783,43.8,27.5,56.8,32.49263060316689
C02811,200,220000,44000000,7.6,Government,Large,Government,3,1,1489276.0,0,,0.0,5,7.4,Annual,45489276.0,2,1,29.960886310758543,63.6,35.6,56.8,41.560443155379275
C02812,100,255000,25500000,3.9,Business,Small,Small Business,1,0,0.0,0,,0.0,3,4.7,Monthly,25500000.0,1,0,15.798988016014164,26.0,27.5,25.8,21.094494008007082
C02816,150,240000,36000000,6.7,Business,Medium,Small Business,1,1,756742.0,0,,0.0,4,6.2,Annual,36756742.0,2,0,23.774106041008036,26.0,35.6,26.2,26.35705302050402
C02819,100,280000,28000000,2.3,Business,Medium,Small Business,1,0,0.0,0,,0.0,2,3.7,Monthly,28000000.0,1,0,17.57017501332517,26.0,27.5,26.2,22.040087506662584
C02822,150,270000,40500000,6.9,Business,Small,Small Business,1,0,0.0,1,Dedicated,6369981.0,10,9.7,Monthly,46869981.0,2,1,30.93908100800746,26.0,35.6,25.8,29.87954050400373
C02823,150,260000,39000000,5.6,Government,Large,Government,3,1,1264320.0,1,VPS,9775253.0,8,7.4,Annual,50039573.0,3,1,33.18465706287985,63.6,63.2,56.8,47.31232853143992
C02829,100,295000,29500000,3.1,Business,Small,Small Business,1,0,0.0,0,,0.0,6,6.1,Monthly,29500000.0,1,0,18.632887211711772,26.0,27.5,25.8,22.511443605855888
C02830,200,235000,47000000,3.2,Business,Large,Enterprise,2,1,1020075.0,0,,0.0,6,7.1,Monthly,48020075.0,2,1,31.75389362340162,43.8,35.6,56.8,38.49694681170081
C02833,200,235000,47000000,9.8,Government,Large,Government,3,1,531845.0,0,,0.0,3,6.3,Annual,47531845.0,2,1,31.407994972322758,63.6,35.6,56.8,42.28399748616138
C02834,200,220000,44000000,1.3,Business,Medium,Small Business,1,0,0.0,0,,0.0,2,4.7,Monthly,44000000.0,1,1,28.9057717961156,26.0,27.5,26.2,27.7078858980578
C02835,50,285000,14250000,4.9,Business,Large,Hospital,3,1,819573.0,1,VPS,7583549.0,10,11.7,Monthly,22653122.0,3,0,13.78204669740186,63.6,63.2,56.8,37.61102334870093
C02837,30,290000,8700000,3.2,Business,Small,Small Business,1,0,0.0,0,,0.0,1,1.9,Monthly,8700000.0,1,0,3.8966113940842115,26.0,27.5,25.8,15.143305697042106
C02843,100,265000,26500000,6.9,Business,Large,Enterprise,2,0,0.0,0,,0.0,4,6.2,Monthly,26500000.0,1,0,16.507462814938567,43.8,27.5,56.8,29.658731407469283
C02844,200,220000,44000000,2.9,Business,Large,Hospital,3,1,1220229.0,1,VPS,11118665.0,7,12.1,Monthly,56338894.0,3,1,37.647567241715116,63.6,63.2,56.8,49.54378362085755
C02845,10,320000,3200000,9.6,Business,Large,Enterprise,2,0,0.0,0,,0.0,2,2.9,Annual,3200000.0,1,0,0.0,43.8,27.5,56.8,21.405
C02846,200,230000,46000000,7.4,Government,Large,Government,3,1,1132832.0,0,,0.0,6,8.6,Annual,47132832.0,2,1,31.125304317379534,63.6,35.6,56.8,42.14265215868977
C02848,20,335000,6700000,6.4,Business,Medium,Small Business,1,1,1060124.0,0,,0.0,2,2.9,Annual,7760124.0,2,0,3.23073293397034,26.0,35.6,26.2,16.08536646698517
C02849,200,255000,51000000,6.1,Business,Medium,Small Business,1,0,0.0,0,,0.0,3,1.0,Annual,51000000.0,1,1,33.86509538858642,26.0,27.5,26.2,30.187547694293208
C02850,200,220000,44000000,5.4,Business,Large,University,2,0,0.0,1,Dedicated,4703649.0,4,4.6,Annual,48703649.0,2,1,32.23818857560157,43.8,35.6,56.8,38.73909428780078
C02852,100,250000,25000000,8.2,Business,Medium,Small Business,1,1,923136.0,0,,0.0,3,4.6,Monthly,25923136.0,2,0,16.09876920853184,26.0,35.6,26.2,22.51938460426592
C02854,100,250000,25000000,8.1,Business,Small,Small Business,1,1,1036187.0,0,,0.0,5,8.7,Annual,26036187.0,2,0,16.178862993025042,26.0,35.6,25.8,22.49943149651252
C02855,200,230000,46000000,3.2,Business,Large,Hospital,3,1,372737.0,1,Dedicated,10309423.0,9,7.6,Monthly,56682160.0,3,1,37.8907625520427,63.6,63.2,56.8,49.66538127602135
C02856,150,230000,34500000,0.3,Business,Medium,Small Business,1,0,0.0,0,,0.0,5,5.4,Monthly,34500000.0,1,0,22.175261206333783,26.0,27.5,26.2,24.342630603166892
C02857,30,290000,8700000,4.8,Business,Medium,Small Business,1,1,1252687.0,0,,0.0,2,0.0,Monthly,9952687.0,2,0,4.7841085645244235,26.0,35.6,26.2,16.86205428226221
C02858,50,275000,13750000,0.2,Business,Medium,Small Business,1,1,982066.0,0,,0.0,6,3.8,Monthly,14732066.0,2,0,8.170178140532933,26.0,35.6,26.2,18.555089070266465
C02863,20,370000,7400000,0.9,Business,Large,Enterprise,2,0,0.0,1,Shared,9594105.0,5,9.8,Monthly,16994105.0,2,0,9.772775766217087,43.8,35.6,56.8,27.50638788310854
C02867,150,230000,34500000,8.6,Business,Medium,Small Business,1,0,0.0,0,,0.0,0,0.0,Annual,34500000.0,1,0,22.175261206333783,26.0,27.5,26.2,24.342630603166892
C02868,300,200000,60000000,8.4,Business,Large,University,2,0,0.0,0,,0.0,0,3.2,Monthly,60000000.0,1,1,40.24136857890604,43.8,27.5,56.8,41.525684289453025
C02873,200,220000,44000000,6.3,Government,Large,Government,3,0,0.0,1,Shared,8000561.0,3,8.6,Annual,52000561.0,2,1,34.57396764187302,63.6,35.6,56.8,43.86698382093651
C02874,150,270000,40500000,7.0,Business,Medium,Small Business,1,0,0.0,0,,0.0,2,4.0,Annual,40500000.0,1,0,26.426109999880193,26.0,27.5,26.2,26.468054999940097
C02875,150,230000,34500000,8.9,Government,Large,Government,3,1,647817.0,1,Shared,19490313.0,7,5.8,Monthly,54638130.0,3,1,36.442618808797256,63.6,63.2,56.8,48.94130940439862
C02878,100,250000,25000000,8.1,Business,Medium,Small Business,1,0,0.0,0,,0.0,2,1.7,Annual,25000000.0,1,0,15.444750616551964,26.0,27.5,26.2,20.97737530827598
C02879,100,250000,25000000,5.5,Business,Medium,Small Business,1,1,663877.0,0,,0.0,3,3.6,Annual,25663877.0,2,0,15.915090740637499,26.0,35.6,26.2,22.42754537031875
C02881,300,215000,64500000,8.5,Business,Small,Small Business,1,0,0.0,0,,0.0,5,5.9,Annual,64500000.0,1,1,43.429505174065845,26.0,27.5,25.8,34.90975258703292
C02882,100,285000,28500000,0.5,Business,Small,Small Business,1,0,0.0,1,Dedicated,5262985.0,5,8.0,Monthly,33762985.0,2,0,21.653104652404515,26.0,35.6,25.8,25.236552326202258
C02885,300,235000,70500000,2.5,Business,Large,University,2,1,1527305.0,0,,0.0,2,4.2,Monthly,72027305.0,2,1,48.76241107038349,43.8,35.6,56.8,47.001205535191744
C02886,50,270000,13500000,7.2,Business,Small,Small Business,1,1,1544751.0,1,Shared,8841810.0,8,5.1,Annual,23886561.0,3,0,14.655907144912376,26.0,63.2,25.8,25.87795357245619
C02888,100,250000,25000000,5.4,Business,Large,University,2,1,1381222.0,0,,0.0,4,7.5,Monthly,26381222.0,2,0,16.423311595271922,43.8,35.6,56.8,30.83165579763596
C02889,200,235000,47000000,5.6,Business,Medium,Small Business,1,1,1039879.0,0,,0.0,6,7.4,Annual,48039879.0,2,1,31.767924258319514,26.0,35.6,26.2,30.353962129159758
C02891,200,235000,47000000,8.2,Government,Large,Government,3,1,1260323.0,1,VPS,19221125.0,9,7.5,Annual,67481448.0,3,1,45.54178594636941,63.6,63.2,56.8,53.4908929731847
C02895,30,290000,8700000,9.8,Business,Medium,Small Business,1,0,0.0,0,,0.0,1,0.0,Annual,8700000.0,1,0,3.8966113940842115,26.0,27.5,26.2,15.203305697042106
C02896,300,210000,63000000,8.2,Government,Large,Government,3,1,1873637.0,1,Shared,13948832.0,6,8.9,Annual,78822469.0,3,1,53.576613518941826,63.6,63.2,56.8,57.50830675947091
C02897,100,250000,25000000,9.7,Business,Large,ISP Partner,3,1,1793302.0,1,Shared,11432995.0,6,7.0,Annual,38226297.0,3,0,24.815248724141384,63.6,63.2,56.8,43.12762436207069
C02900,50,270000,13500000,1.8,Business,Medium,Small Business,1,0,0.0,0,,0.0,0,2.4,Monthly,13500000.0,1,0,7.2972904289213405,26.0,27.5,26.2,16.90364521446067
C02902,20,300000,6000000,2.9,Business,Small,Small Business,1,0,0.0,0,,0.0,3,7.1,Monthly,6000000.0,1,0,1.9837294369883258,26.0,27.5,25.8,14.186864718494164
C02903,300,215000,64500000,4.8,Business,Large,Hospital,3,1,1048599.0,1,Shared,8430136.0,8,10.8,Monthly,73978735.0,3,1,50.144950047248535,63.6,63.2,56.8,55.79247502362426
C02907,50,270000,13500000,4.9,Business,Large,ISP Partner,3,1,1427392.0,0,,0.0,6,11.3,Monthly,14927392.0,2,0,8.308561689107641,63.6,35.6,56.8,30.734280844553822
C02913,300,255000,76500000,0.9,Government,Large,Government,3,1,1652849.0,0,,0.0,7,7.3,Monthly,78152849.0,2,1,53.10220462408607,63.6,35.6,56.8,53.131102312043026
C02914,300,200000,60000000,2.8,Government,Large,Government,3,1,1408133.0,1,VPS,10345280.0,15,14.7,Monthly,71753413.0,3,1,48.56836549075649,63.6,63.2,56.8,55.004182745378245
C02916,200,220000,44000000,6.6,Business,Medium,Small Business,1,0,0.0,0,,0.0,2,0.1,Annual,44000000.0,1,1,28.9057717961156,26.0,27.5,26.2,27.7078858980578
C02918,100,250000,25000000,6.9,Business,Large,Enterprise,2,0,0.0,0,,0.0,4,5.1,Annual,25000000.0,1,0,15.444750616551964,43.8,27.5,56.8,29.127375308275983
C02920,200,220000,44000000,7.6,Business,Medium,Small Business,1,0,0.0,1,VPS,17125154.0,5,3.4,Annual,61125154.0,2,1,41.038511832815026,26.0,35.6,26.2,34.989255916407515
C02922,200,220000,44000000,7.5,Government,Large,Government,3,1,1656518.0,1,Shared,4105251.0,7,6.4,Annual,49761769.0,3,1,32.98783992983946,63.6,63.2,56.8,47.213919964919725
C02925,20,300000,6000000,8.0,Business,Medium,Small Business,1,0,0.0,0,,0.0,2,2.4,Monthly,6000000.0,1,0,1.9837294369883258,26.0,27.5,26.2,14.246864718494162
C02929,50,270000,13500000,5.7,Business,Large,Hospital,3,1,1450640.0,1,Dedicated,2651744.0,8,7.6,Annual,17602384.0,3,0,10.203726108432026,63.6,63.2,56.8,35.82186305421601
C02930,200,235000,47000000,5.8,Business,Medium,Small Business,1,1,685078.0,1,VPS,11773490.0,6,8.3,Annual,59458568.0,3,1,39.8577776515748,26.0,63.2,26.2,38.5388888257874
C02931,200,220000,44000000,9.2,Business,Large,University,2,1,883465.0,0,,0.0,4,9.7,Annual,44883465.0,2,1,29.53168448434735,43.8,35.6,56.8,37.38584224217367
C02932,200,255000,51000000,3.8,Government,Large,Government,3,1,1192979.0,1,Shared,6185151.0,6,7.8,Monthly,58378130.0,3,1,39.09231455677452,63.6,63.2,56.8,50.266157278387254
C02933,100,300000,30000000,2.0,Business,Medium,Small Business,1,0,0.0,0,,0.0,3,1.9,Monthly,30000000.0,1,0,18.987124611173975,26.0,27.5,26.2,22.748562305586987
C02934,100,315000,31500000,1.0,Business,Large,University,2,1,1795933.0,0,,0.0,4,3.9,Monthly,33295933.0,2,0,21.322210080617275,43.8,35.6,56.8,33.28110504030864
C02936,30,290000,8700000,6.3,Business,Large,Hospital,3,0,0.0,1,VPS,13185466.0,5,6.4,Monthly,21885466.0,2,0,13.23818176715875,63.6,35.6,56.8,33.19909088357937
C02937,50,270000,13500000,0.5,Business,Medium,Small Business,1,1,1476851.0,0,,0.0,4,7.4,Monthly,14976851.0,2,0,8.343602144187642,26.0,35.6,26.2,18.64180107209382
C02938,50,270000,13500000,9.9,Business,Medium,Small Business,1,0,0.0,1,VPS,17094963.0,8,6.7,Annual,30594963.0,2,0,19.408640902966432,26.0,35.6,26.2,24.174320451483215
C02939,100,285000,28500000,8.6,Business,Small,Small Business,1,1,1559127.0,0,,0.0,6,5.6,Annual,30059127.0,2,0,19.029014600609976,26.0,35.6,25.8,23.924507300304988
C02940,100,265000,26500000,1.8,Business,Medium,Small Business,1,0,0.0,0,,0.0,3,5.6,Monthly,26500000.0,1,0,16.507462814938567,26.0,27.5,26.2,21.508731407469284
C02941,300,225000,67500000,2.6,Government,Large,Government,3,1,1174909.0,1,Shared,16287294.0,6,3.3,Monthly,84962203.0,3,1,57.926460330041145,63.6,63.2,56.8,59.683230165020575
C02943,100,285000,28500000,0.7,Business,Medium,Small Business,1,1,605085.0,0,,0.0,5,6.7,Monthly,29105085.0,2,0,18.353099886494544,26.0,35.6,26.2,23.646549943247273
C02944,300,200000,60000000,7.0,Business,Small,Small Business,1,1,1877983.0,0,,0.0,5,8.4,Annual,61877983.0,2,1,41.57187220721448,26.0,35.6,25.8,35.19593610360724
C02946,50,290000,14500000,8.6,Business,Small,Small Business,1,1,743681.0,0,,0.0,6,6.9,Annual,15243681.0,2,0,8.532644474784643,26.0,35.6,25.8,18.676322237392323
C02947,150,250000,37500000,6.0,Government,Large,Government,3,1,1617366.0,1,VPS,12080026.0,10,4.0,Annual,51197392.0,3,1,34.00494264609571,63.6,63.2,56.8,47.722471323047856
C02949,50,270000,13500000,2.7,Business,Small,Small Business,1,0,0.0,0,,0.0,4,8.5,Monthly,13500000.0,1,0,7.2972904289213405,26.0,27.5,25.8,16.843645214460672
C02954,20,300000,6000000,1.3,Business,Large,ISP Partner,3,1,1199665.0,1,Dedicated,16177742.0,5,2.7,Monthly,23377407.0,3,0,14.29518436714082,63.6,63.2,56.8,37.86759218357041
C02956,50,300000,15000000,1.7,Business,Medium,Small Business,1,1,1952992.0,0,,0.0,2,2.8,Monthly,16952992.0,2,0,9.74364824180891,26.0,35.6,26.2,19.341824120904455
C02958,30,295000,8850000,7.1,Business,Medium,Small Business,1,0,0.0,0,,0.0,1,4.1,Monthly,8850000.0,1,0,4.002882613922871,26.0,27.5,26.2,15.256441306961435
C02959,150,260000,39000000,4.2,Business,Small,Small Business,1,0,0.0,0,,0.0,1,3.5,Monthly,39000000.0,1,0,25.36339780149359,26.0,27.5,25.8,25.876698900746796
C02961,30,310000,9300000,4.4,Business,Medium,Small Business,1,1,1106439.0,0,,0.0,2,2.9,Monthly,10406439.0,2,0,5.1055804214859695,26.0,35.6,26.2,17.022790210742983
C02964,50,310000,15500000,6.8,Business,Large,Hospital,3,1,1454946.0,1,Dedicated,4641161.0,5,7.9,Annual,21596107.0,3,0,13.033178207816785,63.6,63.2,56.8,37.23658910390839
C02965,10,320000,3200000,0.5,Business,Medium,Small Business,1,0,0.0,0,,0.0,6,7.0,Monthly,3200000.0,1,0,0.0,26.0,27.5,26.2,13.254999999999999
C02966,150,280000,42000000,1.9,Business,Small,Small Business,1,1,384623.0,0,,0.0,3,5.9,Monthly,42384623.0,2,0,27.7613179008535,26.0,35.6,25.8,28.29065895042675
C02968,300,215000,64500000,1.5,Government,Large,Government,3,0,0.0,1,Dedicated,15818802.0,4,5.1,Monthly,80318802.0,2,1,54.63672774024077,63.6,35.6,56.8,53.89836387012038
C02969,100,250000,25000000,8.4,Business,Large,University,2,1,1135973.0,0,,0.0,3,3.0,Annual,26135973.0,2,0,16.249558859310515,43.8,35.6,56.8,30.744779429655257
C02970,100,250000,25000000,6.8,Government,Large,Government,3,1,438236.0,1,VPS,14495305.0,7,9.1,Annual,39933541.0,3,0,26.024788073756277,63.6,63.2,56.8,43.732394036878134
C02971,30,315000,9450000,5.1,Business,Medium,Small Business,1,0,0.0,1,Dedicated,5444110.0,8,5.6,Annual,14894110.0,2,0,8.284982230849838,26.0,35.6,26.2,18.61249111542492
C02972,300,200000,60000000,5.8,Business,Medium,Small Business,1,1,1719719.0,0,,0.0,6,6.6,Annual,61719719.0,2,1,41.45974615163751,26.0,35.6,26.2,35.19987307581876
C02975,150,265000,39750000,5.6,Government,Large,Government,3,1,1170101.0,0,,0.0,9,9.6,Annual,40920101.0,2,0,26.723740971383137,63.6,35.6,56.8,39.94187048569157
C02977,100,250000,25000000,8.5,Business,Small,Small Business,1,0,0.0,1,Shared,11136058.0,8,7.8,Annual,36136058.0,2,0,23.334367068912442,26.0,35.6,25.8,26.07718353445622
C02978,150,255000,38250000,9.4,Business,Large,Enterprise,2,1,1187054.0,0,,0.0,5,5.0,Annual,39437054.0,2,0,25.673039546262697,43.8,35.6,56.8,35.45651977313135
C02979,50,330000,16500000,1.0,Business,Large,ISP Partner,3,1,855222.0,1,VPS,11919323.0,7,4.4,Monthly,29274545.0,3,0,18.47315802592027,63.6,63.2,56.8,39.956579012960134
C02980,300,220000,66000000,7.7,Business,Large,ISP Partner,3,1,425681.0,0,,0.0,3,3.2,Annual,66425681.0,2,1,44.79380163333339,63.6,35.6,56.8,48.976900816666685
C02985,50,310000,15500000,2.9,Business,Medium,Small Business,1,0,0.0,0,,0.0,4,7.1,Monthly,15500000.0,1,0,8.714240026770145,26.0,27.5,26.2,17.612120013385073
C02986,300,225000,67500000,4.1,Business,Large,University,2,0,0.0,1,VPS,9748701.0,9,13.8,Monthly,77248701.0,2,1,52.46163855158817,43.8,35.6,56.8,48.85081927579408
C02987,100,250000,25000000,5.9,Government,Large,Government,3,0,0.0,1,Shared,16017955.0,3,0.8,Annual,41017955.0,2,0,26.793068064357083,63.6,35.6,56.8,39.97653403217854
C02990,150,230000,34500000,5.7,Business,Medium,Small Business,1,0,0.0,0,,0.0,2,1.2,Annual,34500000.0,1,0,22.175261206333783,26.0,27.5,26.2,24.342630603166892
C02991,150,250000,37500000,0.4,Business,Small,Small Business,1,0,0.0,0,,0.0,1,5.3,Monthly,37500000.0,1,0,24.300685603106988,26.0,27.5,25.8,25.345342801553496
C02992,30,300000,9000000,3.5,Business,Medium,Small Business,1,1,1716398.0,1,Shared,5410393.0,8,5.5,Monthly,16126791.0,3,0,9.158305654462769,26.0,63.2,26.2,23.189152827231386
C02993,200,230000,46000000,0.3,Business,Large,Enterprise,2,1,322106.0,0,,0.0,2,3.1,Monthly,46322106.0,2,1,30.55092537754675,43.8,35.6,56.8,37.89546268877338
C02994,150,240000,36000000,1.0,Business,Medium,Small Business,1,1,681232.0,0,,0.0,5,5.6,Monthly,36681232.0,2,0,23.720609108941254,26.0,35.6,26.2,26.330304554470626
C02995,50,325000,16250000,2.1,Business,Small,Small Business,1,1,1584128.0,0,,0.0,6,8.7,Monthly,17834128.0,2,0,10.367910892233962,26.0,35.6,25.8,19.593955446116983
C02999,150,260000,39000000,3.4,Business,Large,Enterprise,2,1,1011908.0,0,,0.0,8,7.0,Monthly,40011908.0,2,0,26.080309118323587,43.8,35.6,56.8,35.660154559161796
